"","size_fraction","sample_id","object_annotation_category","dryweight_C_mg_sum_taxa","dryweight_C_ug_sum_taxa","dryweight_C_mg_sum_sample","dryweight_C_ug_sum_sample","sample_conc","potemp2","density2","oxy_sat","Sal2","NO2","nitracline_depth","NO3","fluorescence","hypoxia_depth","chl_max_depth","PO4","SIL","NH4","beam_depth","chl_max","mixedlayerdepths","intergrated_chl","day_night_0_1","distance_from_shore","PAR_1_depth_adj","cycle","Sample_ID_short","PC1","Longitude","Latitude","log10_dryweight_C_ug_m2_taxa","dryweight_C_mg_m2_taxa","log10_dryweight_C_ug_m2_sample","dryweight_C_mg_m2_sample","biomass_prop_taxa"
"1","0.2-0.5","c1_t7_h9","Calanoida",0.125985077573389,125.985077573389,0.541629623556351,541.629623556351,68.7279768570362,13.6354125,25.27231875,68.65825,33.72105625,0.271166667,4.793,17.5485,4.377575,127.52,14.88966667,1.386,16.9485,0.108,10.919,4.7989,34.31751471,43.229,1,54.45089622,30,"1","C1-T7-H9",6.573255037,-122.4661,36.18643,4.83616346798063,8.65869949579576,6.29458241647663,37.2251082328661,0.232603742657515
"2","0.2-0.5","c1_t7_h9","Chaetognatha",2.01348579550585e-05,0.0201348579550585,0.541629623556351,541.629623556351,57.7163120567376,13.6354125,25.27231875,68.65825,33.72105625,0.271166667,4.793,17.5485,4.377575,127.52,14.88966667,1.386,16.9485,0.108,10.919,4.7989,34.31751471,43.229,1,54.45089622,30,"1","C1-T7-H9",6.573255037,-122.4661,36.18643,-3.90530273933194,0.00116210974495224,6.29458241647663,31.2608643723517,3.71745877244538e-05
"3","0.2-0.5","c1_t7_h9","Copepoda<Maxillopoda",0.197155645692104,197.155645692104,0.541629623556351,541.629623556351,69.6530947775629,13.6354125,25.27231875,68.65825,33.72105625,0.271166667,4.793,17.5485,4.377575,127.52,14.88966667,1.386,16.9485,0.108,10.919,4.7989,34.31751471,43.229,1,54.45089622,30,"1","C1-T7-H9",6.573255037,-122.4661,36.18643,5.28399349644471,13.7325008753237,6.29458241647663,37.7261795039062,0.364004546866503
"4","0.2-0.5","c1_t7_h9","Eucalanidae",0.000819371027395763,0.819371027395763,0.541629623556351,541.629623556351,72.145390070922,13.6354125,25.27231875,68.65825,33.72105625,0.271166667,4.793,17.5485,4.377575,127.52,14.88966667,1.386,16.9485,0.108,10.919,4.7989,34.31751471,43.229,1,54.45089622,30,"1","C1-T7-H9",6.573255037,-122.4661,36.18643,-0.199218272810616,0.0591138423842795,6.29458241647663,39.0760804654396,0.00151278842914048
"5","0.2-0.5","c1_t7_h9","Harpacticoida",0.00701837236860377,7.01837236860377,0.541629623556351,541.629623556351,68.5381205673759,13.6354125,25.27231875,68.65825,33.72105625,0.271166667,4.793,17.5485,4.377575,127.52,14.88966667,1.386,16.9485,0.108,10.919,4.7989,34.31751471,43.229,1,54.45089622,30,"1","C1-T7-H9",6.573255037,-122.4661,36.18643,1.94853133483064,0.481026051586105,6.29458241647663,37.1222764421676,0.0129578812963017
"6","0.2-0.5","c1_t7_h9","Oikopleuridae",0,0,0.541629623556351,541.629623556351,63.4879432624113,13.6354125,25.27231875,68.65825,33.72105625,0.271166667,4.793,17.5485,4.377575,127.52,14.88966667,1.386,16.9485,0.108,10.919,4.7989,34.31751471,43.229,1,54.45089622,30,"1","C1-T7-H9",6.573255037,-122.4661,36.18643,-Inf,0,6.29458241647663,34.3869508095868,0
"7","0.2-0.5","c1_t7_h9","Oithonidae",0.204290736349306,204.290736349306,0.541629623556351,541.629623556351,69.4638799974895,13.6354125,25.27231875,68.65825,33.72105625,0.271166667,4.793,17.5485,4.377575,127.52,14.88966667,1.386,16.9485,0.108,10.919,4.7989,34.31751471,43.229,1,54.45089622,30,"1","C1-T7-H9",6.573255037,-122.4661,36.18643,5.31954415742454,14.1908271943669,6.29458241647663,37.6236951738038,0.377177922817309
"8","0.2-0.5","c1_t7_h9","Ostracoda",0.00275994140123276,2.75994140123276,0.541629623556351,541.629623556351,54.8304964539007,13.6354125,25.27231875,68.65825,33.72105625,0.271166667,4.793,17.5485,4.377575,127.52,14.88966667,1.386,16.9485,0.108,10.919,4.7989,34.31751471,43.229,1,54.45089622,30,"1","C1-T7-H9",6.573255037,-122.4661,36.18643,1.01520944806626,0.151328957213267,6.29458241647663,29.6978211537341,0.00509562490897549
"9","0.2-0.5","c1_t7_h9","Poecilostomatoida",0.00358034428636554,3.58034428636554,0.541629623556351,541.629623556351,61.3235815602837,13.6354125,25.27231875,68.65825,33.72105625,0.271166667,4.793,17.5485,4.377575,127.52,14.88966667,1.386,16.9485,0.108,10.919,4.7989,34.31751471,43.229,1,54.45089622,30,"1","C1-T7-H9",6.573255037,-122.4661,36.18643,1.27545896516448,0.219559534858833,6.29458241647663,33.2146683956237,0.00661031843653035
"10","0.2-0.5","c1_t7_h9","darksphere",0,0,0.541629623556351,541.629623556351,72.145390070922,13.6354125,25.27231875,68.65825,33.72105625,0.271166667,4.793,17.5485,4.377575,127.52,14.88966667,1.386,16.9485,0.108,10.919,4.7989,34.31751471,43.229,1,54.45089622,30,"1","C1-T7-H9",6.573255037,-122.4661,36.18643,-Inf,0,6.29458241647663,39.0760804654396,0
"11","0.2-0.5","c1_t7_h9","multiple organisms",0,0,0.541629623556351,541.629623556351,68.8156028368794,13.6354125,25.27231875,68.65825,33.72105625,0.271166667,4.793,17.5485,4.377575,127.52,14.88966667,1.386,16.9485,0.108,10.919,4.7989,34.31751471,43.229,1,54.45089622,30,"1","C1-T7-H9",6.573255037,-122.4661,36.18643,-Inf,0,6.29458241647663,37.2725690593424,0
"12","0.2-0.5","c1_t7_h9","nauplii<Cirripedia",0,0,0.541629623556351,541.629623556351,67.3356973995272,13.6354125,25.27231875,68.65825,33.72105625,0.271166667,4.793,17.5485,4.377575,127.52,14.88966667,1.386,16.9485,0.108,10.919,4.7989,34.31751471,43.229,1,54.45089622,30,"1","C1-T7-H9",6.573255037,-122.4661,36.18643,-Inf,0,6.29458241647663,36.4710084344103,0
"13","0.2-0.5","c1_t7_h9","nauplii<Crustacea",0,0,0.541629623556351,541.629623556351,72.145390070922,13.6354125,25.27231875,68.65825,33.72105625,0.271166667,4.793,17.5485,4.377575,127.52,14.88966667,1.386,16.9485,0.108,10.919,4.7989,34.31751471,43.229,1,54.45089622,30,"1","C1-T7-H9",6.573255037,-122.4661,36.18643,-Inf,0,6.29458241647663,39.0760804654396,0
"14","0.2-0.5","c1_t7_h9","other<living",0,0,0.541629623556351,541.629623556351,63.4879432624113,13.6354125,25.27231875,68.65825,33.72105625,0.271166667,4.793,17.5485,4.377575,127.52,14.88966667,1.386,16.9485,0.108,10.919,4.7989,34.31751471,43.229,1,54.45089622,30,"1","C1-T7-H9",6.573255037,-122.4661,36.18643,-Inf,0,6.29458241647663,34.3869508095868,0
"15","0.2-0.5","c1_t7_h9","part<Crustacea",0,0,0.541629623556351,541.629623556351,59.294492464539,13.6354125,25.27231875,68.65825,33.72105625,0.271166667,4.793,17.5485,4.377575,127.52,14.88966667,1.386,16.9485,0.108,10.919,4.7989,34.31751471,43.229,1,54.45089622,30,"1","C1-T7-H9",6.573255037,-122.4661,36.18643,-Inf,0,6.29458241647663,32.1156536325332,0
"16","0.2-0.5","c1_t8_h10","Calanoida",0.158060339794421,158.060339794421,0.24159121802706,241.59121802706,222.638981531289,14.52624375,25.12710625,73.9570625,33.7726125,0.293333333,5.056,6.879666667,3.06598125,117.599,33.74833333,0.619,4.617666667,0.519666667,8.4375,3.9444,39.60784898,93.982,0,57.2760461,30,"1","C1-T8-H10",4.157659552,-122.4958,36.11382,5.06297685755575,35.1903930723194,5.48724711617426,53.7876227284482,0.654247042111926
"17","0.2-0.5","c1_t8_h10","Chaetognatha",1.61613626373296e-05,0.0161613626373296,0.24159121802706,241.59121802706,228.497902097902,14.52624375,25.12710625,73.9570625,33.7726125,0.293333333,5.056,6.879666667,3.06598125,117.599,33.74833333,0.619,4.617666667,0.519666667,8.4375,3.9444,39.60784898,93.982,0,57.2760461,30,"1","C1-T8-H10",4.157659552,-122.4958,36.11382,-4.12513190782713,0.00369283745767322,5.48724711617426,55.20308648446,6.68954888729416e-05
"18","0.2-0.5","c1_t8_h10","Copepoda<Maxillopoda",0.0177626983811122,17.7626983811122,0.24159121802706,241.59121802706,219.709521247983,14.52624375,25.12710625,73.9570625,33.7726125,0.293333333,5.056,6.879666667,3.06598125,117.599,33.74833333,0.619,4.617666667,0.519666667,8.4375,3.9444,39.60784898,93.982,0,57.2760461,30,"1","C1-T8-H10",4.157659552,-122.4958,36.11382,2.87710066189638,3.90263395738649,5.48724711617426,53.0798908504423,0.0735237751031278
"19","0.2-0.5","c1_t8_h10","Harpacticoida",0.00102452964864673,1.02452964864673,0.24159121802706,241.59121802706,228.497902097902,14.52624375,25.12710625,73.9570625,33.7726125,0.293333333,5.056,6.879666667,3.06598125,117.599,33.74833333,0.619,4.617666667,0.519666667,8.4375,3.9444,39.60784898,93.982,0,57.2760461,30,"1","C1-T8-H10",4.157659552,-122.4958,36.11382,0.0242336279039728,0.234102875352879,5.48724711617426,55.20308648446,0.00424075699859247
"20","0.2-0.5","c1_t8_h10","Oikopleuridae",0,0,0.24159121802706,241.59121802706,228.497902097902,14.52624375,25.12710625,73.9570625,33.7726125,0.293333333,5.056,6.879666667,3.06598125,117.599,33.74833333,0.619,4.617666667,0.519666667,8.4375,3.9444,39.60784898,93.982,0,57.2760461,30,"1","C1-T8-H10",4.157659552,-122.4958,36.11382,-Inf,0,5.48724711617426,55.20308648446,0
"21","0.2-0.5","c1_t8_h10","Oithonidae",0.0597452488796761,59.7452488796761,0.24159121802706,241.59121802706,225.665283476854,14.52624375,25.12710625,73.9570625,33.7726125,0.293333333,5.056,6.879666667,3.06598125,117.599,33.74833333,0.619,4.617666667,0.519666667,8.4375,3.9444,39.60784898,93.982,0,57.2760461,30,"1","C1-T8-H10",4.157659552,-122.4958,36.11382,4.09008967099186,13.4824285248273,5.48724711617426,54.5187507015948,0.247298926540386
"22","0.2-0.5","c1_t8_h10","Ostracoda",0.00237362339090765,2.37362339090765,0.24159121802706,241.59121802706,228.497902097902,14.52624375,25.12710625,73.9570625,33.7726125,0.293333333,5.056,6.879666667,3.06598125,117.599,33.74833333,0.619,4.617666667,0.519666667,8.4375,3.9444,39.60784898,93.982,0,57.2760461,30,"1","C1-T8-H10",4.157659552,-122.4958,36.11382,0.864417644558174,0.542367965192906,5.48724711617426,55.20308648446,0.00982495725751831
"23","0.2-0.5","c1_t8_h10","Poecilostomatoida",0.00260861656965847,2.60861656965846,0.24159121802706,241.59121802706,228.497902097902,14.52624375,25.12710625,73.9570625,33.7726125,0.293333333,5.056,6.879666667,3.06598125,117.599,33.74833333,0.619,4.617666667,0.519666667,8.4375,3.9444,39.60784898,93.982,0,57.2760461,30,"1","C1-T8-H10",4.157659552,-122.4958,36.11382,0.958820030869188,0.596063413544785,5.48724711617426,55.20308648446,0.0107976464995772
"24","0.2-0.5","c1_t8_h10","darksphere",0,0,0.24159121802706,241.59121802706,216.256943056943,14.52624375,25.12710625,73.9570625,33.7726125,0.293333333,5.056,6.879666667,3.06598125,117.599,33.74833333,0.619,4.617666667,0.519666667,8.4375,3.9444,39.60784898,93.982,0,57.2760461,30,"1","C1-T8-H10",4.157659552,-122.4958,36.11382,-Inf,0,5.48724711617426,52.2457782799354,0
"25","0.2-0.5","c1_t8_h10","multiple organisms",0,0,0.24159121802706,241.59121802706,228.497902097902,14.52624375,25.12710625,73.9570625,33.7726125,0.293333333,5.056,6.879666667,3.06598125,117.599,33.74833333,0.619,4.617666667,0.519666667,8.4375,3.9444,39.60784898,93.982,0,57.2760461,30,"1","C1-T8-H10",4.157659552,-122.4958,36.11382,-Inf,0,5.48724711617426,55.20308648446,0
"26","0.2-0.5","c1_t8_h10","nauplii<Crustacea",0,0,0.24159121802706,241.59121802706,210.921140398063,14.52624375,25.12710625,73.9570625,33.7726125,0.293333333,5.056,6.879666667,3.06598125,117.599,33.74833333,0.619,4.617666667,0.519666667,8.4375,3.9444,39.60784898,93.982,0,57.2760461,30,"1","C1-T8-H10",4.157659552,-122.4958,36.11382,-Inf,0,5.48724711617426,50.9566952164246,0
"27","0.2-0.5","c1_t8_h10","other<living",0,0,0.24159121802706,241.59121802706,210.921140398063,14.52624375,25.12710625,73.9570625,33.7726125,0.293333333,5.056,6.879666667,3.06598125,117.599,33.74833333,0.619,4.617666667,0.519666667,8.4375,3.9444,39.60784898,93.982,0,57.2760461,30,"1","C1-T8-H10",4.157659552,-122.4958,36.11382,-Inf,0,5.48724711617426,50.9566952164246,0
"28","0.2-0.5","c1_t8_h10","part<Crustacea",0,0,0.24159121802706,241.59121802706,206.205423844448,14.52624375,25.12710625,73.9570625,33.7726125,0.293333333,5.056,6.879666667,3.06598125,117.599,33.74833333,0.619,4.617666667,0.519666667,8.4375,3.9444,39.60784898,93.982,0,57.2760461,30,"1","C1-T8-H10",4.157659552,-122.4958,36.11382,-Inf,0,5.48724711617426,49.8174195103663,0
"29","0.2-0.5","c2_t8_h18","Calanoida",0.283687499268448,283.687499268448,0.497341494320199,497.3414943202,82.1986615770011,15.59365,24.5697,64.668,33.34975,0.221166667,4.771,6.914333333,1.7352,127.517,14.88933333,0.475166667,5.279,0.129666667,14.889,8.5157,12.36120755,10.001,0,89.04467932,6,"2","C2-T8-H18",3.495869841,-123.0914,36.42905,5.64787327763796,23.3187327459929,6.20927690145198,40.8808051798261,0.570407863627409
"30","0.2-0.5","c2_t8_h18","Chaetognatha",3.52700484222173e-05,0.0352700484222173,0.497341494320199,497.3414943202,57.086402640264,15.59365,24.5697,64.668,33.34975,0.221166667,4.771,6.914333333,1.7352,127.517,14.88933333,0.475166667,5.279,0.129666667,14.889,8.5157,12.36120755,10.001,0,89.04467932,6,"2","C2-T8-H18",3.495869841,-123.0914,36.42905,-3.34472116183415,0.00201344018537231,6.20927690145198,28.3914367944735,7.09171642121413e-05
"31","0.2-0.5","c2_t8_h18","Copepoda<Maxillopoda",0.0382934055829533,38.2934055829533,0.497341494320199,497.3414943202,90.0865157944366,15.59365,24.5697,64.668,33.34975,0.221166667,4.771,6.914333333,1.7352,127.517,14.88933333,0.475166667,5.279,0.129666667,14.889,8.5157,12.36120755,10.001,0,89.04467932,6,"2","C2-T8-H18",3.495869841,-123.0914,36.42905,3.64527770337149,3.44971948687149,6.20927690145198,44.8037623833053,0.0769962008404212
"32","0.2-0.5","c2_t8_h18","Harpacticoida",0.00135929965518536,1.35929965518536,0.497341494320199,497.3414943202,6.63795379537954,15.59365,24.5697,64.668,33.34975,0.221166667,4.771,6.914333333,1.7352,127.517,14.88933333,0.475166667,5.279,0.129666667,14.889,8.5157,12.36120755,10.001,0,89.04467932,6,"2","C2-T8-H18",3.495869841,-123.0914,36.42905,0.306969607688289,0.00902296830519574,6.20927690145198,3.3013298598225,0.00273313140107753
"33","0.2-0.5","c2_t8_h18","Oikopleuridae",0,0,0.497341494320199,497.3414943202,39.8277227722772,15.59365,24.5697,64.668,33.34975,0.221166667,4.771,6.914333333,1.7352,127.517,14.88933333,0.475166667,5.279,0.129666667,14.889,8.5157,12.36120755,10.001,0,89.04467932,6,"2","C2-T8-H18",3.495869841,-123.0914,36.42905,-Inf,0,6.20927690145198,19.807979158935,0
"34","0.2-0.5","c2_t8_h18","Oithonidae",0.159608441205284,159.608441205284,0.497341494320199,497.3414943202,80.0950451336524,15.59365,24.5697,64.668,33.34975,0.221166667,4.771,6.914333333,1.7352,127.517,14.88933333,0.475166667,5.279,0.129666667,14.889,8.5157,12.36120755,10.001,0,89.04467932,6,"2","C2-T8-H18",3.495869841,-123.0914,36.42905,5.07272357337451,12.7838453020492,6.20927690145198,39.8345894344145,0.320923234896071
"35","0.2-0.5","c2_t8_h18","Ostracoda",0.00341312661891934,3.41312661891934,0.497341494320199,497.3414943202,63.7243564356436,15.59365,24.5697,64.668,33.34975,0.221166667,4.771,6.914333333,1.7352,127.517,14.88933333,0.475166667,5.279,0.129666667,14.889,8.5157,12.36120755,10.001,0,89.04467932,6,"2","C2-T8-H18",3.495869841,-123.0914,36.42905,1.22762876824589,0.217499297223999,6.20927690145198,31.692766654296,0.00686274251776365
"36","0.2-0.5","c2_t8_h18","Poecilostomatoida",0.010944451940987,10.944451940987,0.497341494320199,497.3414943202,84.7615638486926,15.59365,24.5697,64.668,33.34975,0.221166667,4.771,6.914333333,1.7352,127.517,14.88933333,0.475166667,5.279,0.129666667,14.889,8.5157,12.36120755,10.001,0,89.04467932,6,"2","C2-T8-H18",3.495869841,-123.0914,36.42905,2.39283265580486,0.927668861984913,6.20927690145198,42.1554428254258,0.0220059095530458
"37","0.2-0.5","c2_t8_h18","darksphere",0,0,0.497341494320199,497.3414943202,69.8044396460923,15.59365,24.5697,64.668,33.34975,0.221166667,4.771,6.914333333,1.7352,127.517,14.88933333,0.475166667,5.279,0.129666667,14.889,8.5157,12.36120755,10.001,0,89.04467932,6,"2","C2-T8-H18",3.495869841,-123.0914,36.42905,-Inf,0,6.20927690145198,34.7166443237717,0
"38","0.2-0.5","c2_t8_h18","multiple organisms",0,0,0.497341494320199,497.3414943202,58.5346834683468,15.59365,24.5697,64.668,33.34975,0.221166667,4.771,6.914333333,1.7352,127.517,14.88933333,0.475166667,5.279,0.129666667,14.889,8.5157,12.36120755,10.001,0,89.04467932,6,"2","C2-T8-H18",3.495869841,-123.0914,36.42905,-Inf,0,6.20927690145198,29.1117269457075,0
"39","0.2-0.5","c2_t8_h18","nauplii<Cirripedia",0,0,0.497341494320199,497.3414943202,165.948844884488,15.59365,24.5697,64.668,33.34975,0.221166667,4.771,6.914333333,1.7352,127.517,14.88933333,0.475166667,5.279,0.129666667,14.889,8.5157,12.36120755,10.001,0,89.04467932,6,"2","C2-T8-H18",3.495869841,-123.0914,36.42905,-Inf,0,6.20927690145198,82.5332464955625,0
"40","0.2-0.5","c2_t8_h18","nauplii<Crustacea",0,0,0.497341494320199,497.3414943202,55.8694444444444,15.59365,24.5697,64.668,33.34975,0.221166667,4.771,6.914333333,1.7352,127.517,14.88933333,0.475166667,5.279,0.129666667,14.889,8.5157,12.36120755,10.001,0,89.04467932,6,"2","C2-T8-H18",3.495869841,-123.0914,36.42905,-Inf,0,6.20927690145198,27.7861929868394,0
"41","0.2-0.5","c2_t8_h18","other<living",0,0,0.497341494320199,497.3414943202,62.0233807755776,15.59365,24.5697,64.668,33.34975,0.221166667,4.771,6.914333333,1.7352,127.517,14.88933333,0.475166667,5.279,0.129666667,14.889,8.5157,12.36120755,10.001,0,89.04467932,6,"2","C2-T8-H18",3.495869841,-123.0914,36.42905,-Inf,0,6.20927690145198,30.8468008777165,0
"42","0.2-0.5","c2_t8_h18","part<Crustacea",0,0,0.497341494320199,497.3414943202,71.322695035461,15.59365,24.5697,64.668,33.34975,0.221166667,4.771,6.914333333,1.7352,127.517,14.88933333,0.475166667,5.279,0.129666667,14.889,8.5157,12.36120755,10.001,0,89.04467932,6,"2","C2-T8-H18",3.495869841,-123.0914,36.42905,-Inf,0,6.20927690145198,35.47173572788,0
"43","0.2-0.5","c2_t9_h19","Calanoida",0.460083286358189,460.083286358189,0.534621466945654,534.621466945654,338.983237265562,15.85675,24.06715,69.2275,32.7728,0.3052,4.576,7.3326,1.59615,129.5,30.76966667,0.668,5.1062,0.433,26.8,4.107233333,18.6269982,11.23,1,107.295263,6,"2","C2-T9-H19",2.811058313,-123.226,36.46062,6.13140753039466,155.960521821477,6.28155895805323,181.227715576901,0.860577651299134
"44","0.2-0.5","c2_t9_h19","Chaetognatha",1.1448684781038e-05,0.011448684781038,0.534621466945654,534.621466945654,17.2420634920635,15.85675,24.06715,69.2275,32.7728,0.3052,4.576,7.3326,1.59615,129.5,30.76966667,0.668,5.1062,0.433,26.8,4.107233333,18.6269982,11.23,1,107.295263,6,"2","C2-T9-H19",2.811058313,-123.226,36.46062,-4.46988042186442,0.000197398949895278,6.28155895805323,9.21797727729709,2.1414562431332e-05
"45","0.2-0.5","c2_t9_h19","Copepoda<Maxillopoda",0.00936303303342827,9.36303303342827,0.534621466945654,534.621466945654,324.366319444444,15.85675,24.06715,69.2275,32.7728,0.3052,4.576,7.3326,1.59615,129.5,30.76966667,0.668,5.1062,0.433,26.8,4.107233333,18.6269982,11.23,1,107.295263,6,"2","C2-T9-H19",2.811058313,-123.226,36.46062,2.23676928003216,3.03705256388988,6.28155895805323,173.413197529151,0.0175133877188288
"46","0.2-0.5","c2_t9_h19","Harpacticoida",0.00261995484697251,2.61995484697251,0.534621466945654,534.621466945654,235.641534391534,15.85675,24.06715,69.2275,32.7728,0.3052,4.576,7.3326,1.59615,129.5,30.76966667,0.668,5.1062,0.433,26.8,4.107233333,18.6269982,11.23,1,107.295263,6,"2","C2-T9-H19",2.811058313,-123.226,36.46062,0.96315708364454,0.61737018017714,6.28155895805323,125.979022789727,0.00490057921156921
"47","0.2-0.5","c2_t9_h19","Oithonidae",0.0531062366961134,53.1062366961134,0.534621466945654,534.621466945654,344.84126984127,15.85675,24.06715,69.2275,32.7728,0.3052,4.576,7.3326,1.59615,129.5,30.76966667,0.668,5.1062,0.433,26.8,4.107233333,18.6269982,11.23,1,107.295263,6,"2","C2-T9-H19",2.811058313,-123.226,36.46062,3.97229437325516,18.3132220987788,6.28155895805323,184.359545545942,0.0993342766415921
"48","0.2-0.5","c2_t9_h19","Ostracoda",0.00426011186224942,4.26011186224942,0.534621466945654,534.621466945654,279.321428571429,15.85675,24.06715,69.2275,32.7728,0.3052,4.576,7.3326,1.59615,129.5,30.76966667,0.668,5.1062,0.433,26.8,4.107233333,18.6269982,11.23,1,107.295263,6,"2","C2-T9-H19",2.811058313,-123.226,36.46062,1.44929541868052,1.1899405312376,6.28155895805323,149.331231892213,0.00796846390510255
"49","0.2-0.5","c2_t9_h19","Poecilostomatoida",0.00517739546392053,5.17739546392053,0.534621466945654,534.621466945654,344.84126984127,15.85675,24.06715,69.2275,32.7728,0.3052,4.576,7.3326,1.59615,129.5,30.76966667,0.668,5.1062,0.433,26.8,4.107233333,18.6269982,11.23,1,107.295263,6,"2","C2-T9-H19",2.811058313,-123.226,36.46062,1.64430212362902,1.78537962624879,6.28155895805323,184.359545545942,0.00968422666134136
"50","0.2-0.5","c2_t9_h19","darksphere",0,0,0.534621466945654,534.621466945654,326.413814484127,15.85675,24.06715,69.2275,32.7728,0.3052,4.576,7.3326,1.59615,129.5,30.76966667,0.668,5.1062,0.433,26.8,4.107233333,18.6269982,11.23,1,107.295263,6,"2","C2-T9-H19",2.811058313,-123.226,36.46062,-Inf,0,6.28155895805323,174.50783233083,0
"51","0.2-0.5","c2_t9_h19","multiple organisms",0,0,0.534621466945654,534.621466945654,344.84126984127,15.85675,24.06715,69.2275,32.7728,0.3052,4.576,7.3326,1.59615,129.5,30.76966667,0.668,5.1062,0.433,26.8,4.107233333,18.6269982,11.23,1,107.295263,6,"2","C2-T9-H19",2.811058313,-123.226,36.46062,-Inf,0,6.28155895805323,184.359545545942,0
"52","0.2-0.5","c2_t9_h19","nauplii<Crustacea",0,0,0.534621466945654,534.621466945654,303.891369047619,15.85675,24.06715,69.2275,32.7728,0.3052,4.576,7.3326,1.59615,129.5,30.76966667,0.668,5.1062,0.433,26.8,4.107233333,18.6269982,11.23,1,107.295263,6,"2","C2-T9-H19",2.811058313,-123.226,36.46062,-Inf,0,6.28155895805323,162.466849512361,0
"53","0.2-0.5","c2_t9_h19","other<living",0,0,0.534621466945654,534.621466945654,312.081349206349,15.85675,24.06715,69.2275,32.7728,0.3052,4.576,7.3326,1.59615,129.5,30.76966667,0.668,5.1062,0.433,26.8,4.107233333,18.6269982,11.23,1,107.295263,6,"2","C2-T9-H19",2.811058313,-123.226,36.46062,-Inf,0,6.28155895805323,166.845388719077,0
"54","0.2-0.5","c2_t9_h19","part<Crustacea",0,0,0.534621466945654,534.621466945654,249.731822836662,15.85675,24.06715,69.2275,32.7728,0.3052,4.576,7.3326,1.59615,129.5,30.76966667,0.668,5.1062,0.433,26.8,4.107233333,18.6269982,11.23,1,107.295263,6,"2","C2-T9-H19",2.811058313,-123.226,36.46062,-Inf,0,6.28155895805323,133.511993467948,0
"55","0.2-0.5","c3_t6_h25","Calanoida",0.154566891502616,154.566891502616,0.257992319902224,257.992319902224,58.3137294015454,18.84853125,23.309125,79.10425,32.70948125,0.0165,114.277,-0.069,-0.00258125,349.6695,109.1806667,0.336,1.0475,-0.013,22.833,0.642766667,36.93443854,8.3977,0,772.3392208,103,"3","C3-T6-H25",-4.6044581,-130.477,34.56042,5.04062695734944,9.01337188552156,5.55292981665771,15.0444943304552,0.599114313019841
"56","0.2-0.5","c3_t6_h25","Chaetognatha",1.47353732090973e-05,0.0147353732090973,0.257992319902224,257.992319902224,60.6105502532474,18.84853125,23.309125,79.10425,32.70948125,0.0165,114.277,-0.069,-0.00258125,349.6695,109.1806667,0.336,1.0475,-0.013,22.833,0.642766667,36.93443854,8.3977,0,772.3392208,103,"3","C3-T6-H25",-4.6044581,-130.477,34.56042,-4.21750433504419,0.000893119078390346,5.55292981665771,15.6370564703856,5.7115549853119e-05
"57","0.2-0.5","c3_t6_h25","Cladocera",0,0,0.257992319902224,257.992319902224,60.6105502532474,18.84853125,23.309125,79.10425,32.70948125,0.0165,114.277,-0.069,-0.00258125,349.6695,109.1806667,0.336,1.0475,-0.013,22.833,0.642766667,36.93443854,8.3977,0,772.3392208,103,"3","C3-T6-H25",-4.6044581,-130.477,34.56042,-Inf,0,5.55292981665771,15.6370564703856,0
"58","0.2-0.5","c3_t6_h25","Copepoda<Maxillopoda",0.0250561114881266,25.0561114881266,0.257992319902224,257.992319902224,21.6466250904455,18.84853125,23.309125,79.10425,32.70948125,0.0165,114.277,-0.069,-0.00258125,349.6695,109.1806667,0.336,1.0475,-0.013,22.833,0.642766667,36.93443854,8.3977,0,772.3392208,103,"3","C3-T6-H25",-4.6044581,-130.477,34.56042,3.22111776935655,0.542380251607882,5.55292981665771,5.58466302513772,0.0971196022332086
"59","0.2-0.5","c3_t6_h25","Eucalanidae",0.000879930245935511,0.879930245935511,0.257992319902224,257.992319902224,60.6105502532474,18.84853125,23.309125,79.10425,32.70948125,0.0165,114.277,-0.069,-0.00258125,349.6695,109.1806667,0.336,1.0475,-0.013,22.833,0.642766667,36.93443854,8.3977,0,772.3392208,103,"3","C3-T6-H25",-4.6044581,-130.477,34.56042,-0.127912640633973,0.0533330563906267,5.55292981665771,15.6370564703856,0.00341068387721385
"60","0.2-0.5","c3_t6_h25","Harpacticoida",0.000945034016706666,0.945034016706666,0.257992319902224,257.992319902224,60.6105502532474,18.84853125,23.309125,79.10425,32.70948125,0.0165,114.277,-0.069,-0.00258125,349.6695,109.1806667,0.336,1.0475,-0.013,22.833,0.642766667,36.93443854,8.3977,0,772.3392208,103,"3","C3-T6-H25",-4.6044581,-130.477,34.56042,-0.0565343556212624,0.0572790317606277,5.55292981665771,15.6370564703856,0.00366303158584265
"61","0.2-0.5","c3_t6_h25","Oikopleuridae",0,0,0.257992319902224,257.992319902224,6.06105502532474,18.84853125,23.309125,79.10425,32.70948125,0.0165,114.277,-0.069,-0.00258125,349.6695,109.1806667,0.336,1.0475,-0.013,22.833,0.642766667,36.93443854,8.3977,0,772.3392208,103,"3","C3-T6-H25",-4.6044581,-130.477,34.56042,-Inf,0,5.55292981665771,1.56370564703856,0
"62","0.2-0.5","c3_t6_h25","Oithonidae",0.0484328283059552,48.4328283059552,0.257992319902224,257.992319902224,50.639137147068,18.84853125,23.309125,79.10425,32.70948125,0.0165,114.277,-0.069,-0.00258125,349.6695,109.1806667,0.336,1.0475,-0.013,22.833,0.642766667,36.93443854,8.3977,0,772.3392208,103,"3","C3-T6-H25",-4.6044581,-130.477,34.56042,3.88017785458512,2.45259663500566,5.55292981665771,13.0645084704189,0.187729729025696
"63","0.2-0.5","c3_t6_h25","Ostracoda",0.00597235101485543,5.97235101485543,0.257992319902224,257.992319902224,53.7918633497571,18.84853125,23.309125,79.10425,32.70948125,0.0165,114.277,-0.069,-0.00258125,349.6695,109.1806667,0.336,1.0475,-0.013,22.833,0.642766667,36.93443854,8.3977,0,772.3392208,103,"3","C3-T6-H25",-4.6044581,-130.477,34.56042,1.78714065471714,0.321263889667886,5.55292981665771,13.8778876174672,0.0231493364497009
"64","0.2-0.5","c3_t6_h25","Poecilostomatoida",0.0177141734244171,17.7141734244171,0.257992319902224,257.992319902224,42.4273851772732,18.84853125,23.309125,79.10425,32.70948125,0.0165,114.277,-0.069,-0.00258125,349.6695,109.1806667,0.336,1.0475,-0.013,22.833,0.642766667,36.93443854,8.3977,0,772.3392208,103,"3","C3-T6-H25",-4.6044581,-130.477,34.56042,2.87436507758544,0.751566058974761,5.55292981665771,10.9459395292699,0.0686616308234703
"65","0.2-0.5","c3_t6_h25","Pteropoda",0.00441026453040225,4.41026453040225,0.257992319902224,257.992319902224,33.3358026392861,18.84853125,23.309125,79.10425,32.70948125,0.0165,114.277,-0.069,-0.00258125,349.6695,109.1806667,0.336,1.0475,-0.013,22.833,0.642766667,36.93443854,8.3977,0,772.3392208,103,"3","C3-T6-H25",-4.6044581,-130.477,34.56042,1.48393467187797,0.147019707972533,5.55292981665771,8.60038105871209,0.0170945574351736
"66","0.2-0.5","c3_t6_h25","darksphere",0,0,0.257992319902224,257.992319902224,52.817765220687,18.84853125,23.309125,79.10425,32.70948125,0.0165,114.277,-0.069,-0.00258125,349.6695,109.1806667,0.336,1.0475,-0.013,22.833,0.642766667,36.93443854,8.3977,0,772.3392208,103,"3","C3-T6-H25",-4.6044581,-130.477,34.56042,-Inf,0,5.55292981665771,13.626577781336,0
"67","0.2-0.5","c3_t6_h25","egg<Actinopterygii",0,0,0.257992319902224,257.992319902224,60.6105502532474,18.84853125,23.309125,79.10425,32.70948125,0.0165,114.277,-0.069,-0.00258125,349.6695,109.1806667,0.336,1.0475,-0.013,22.833,0.642766667,36.93443854,8.3977,0,772.3392208,103,"3","C3-T6-H25",-4.6044581,-130.477,34.56042,-Inf,0,5.55292981665771,15.6370564703856,0
"68","0.2-0.5","c3_t6_h25","multiple organisms",0,0,0.257992319902224,257.992319902224,24.244220101299,18.84853125,23.309125,79.10425,32.70948125,0.0165,114.277,-0.069,-0.00258125,349.6695,109.1806667,0.336,1.0475,-0.013,22.833,0.642766667,36.93443854,8.3977,0,772.3392208,103,"3","C3-T6-H25",-4.6044581,-130.477,34.56042,-Inf,0,5.55292981665771,6.25482258815424,0
"69","0.2-0.5","c3_t6_h25","nauplii<Crustacea",0,0,0.257992319902224,257.992319902224,24.244220101299,18.84853125,23.309125,79.10425,32.70948125,0.0165,114.277,-0.069,-0.00258125,349.6695,109.1806667,0.336,1.0475,-0.013,22.833,0.642766667,36.93443854,8.3977,0,772.3392208,103,"3","C3-T6-H25",-4.6044581,-130.477,34.56042,-Inf,0,5.55292981665771,6.25482258815424,0
"70","0.2-0.5","c3_t6_h25","other<living",0,0,0.257992319902224,257.992319902224,52.817765220687,18.84853125,23.309125,79.10425,32.70948125,0.0165,114.277,-0.069,-0.00258125,349.6695,109.1806667,0.336,1.0475,-0.013,22.833,0.642766667,36.93443854,8.3977,0,772.3392208,103,"3","C3-T6-H25",-4.6044581,-130.477,34.56042,-Inf,0,5.55292981665771,13.626577781336,0
"71","0.2-0.5","c3_t6_h25","part<Crustacea",0,0,0.257992319902224,257.992319902224,27.5937505100311,18.84853125,23.309125,79.10425,32.70948125,0.0165,114.277,-0.069,-0.00258125,349.6695,109.1806667,0.336,1.0475,-0.013,22.833,0.642766667,36.93443854,8.3977,0,772.3392208,103,"3","C3-T6-H25",-4.6044581,-130.477,34.56042,-Inf,0,5.55292981665771,7.11897570888608,0
"72","0.2-0.5","c3_t7_h26","Calanoida",0.159929246647332,159.929246647332,0.231418381446422,231.418381446422,74.5250396058564,18.9034875,23.2842875,72.4185,32.6949375,0.0215,109.923,-0.061,0.03025,361.5635,105.2116667,0.3,1.2055,-0.0135,22.834,0.657333333,34.44530282,0.053271,1,772.3906546,103,"3","C3-T7-H26",-4.437854817,-130.4595,34.52752,5.07473150897666,11.9187334405272,5.44422724741467,17.2464640428178,0.691082729244473
"73","0.2-0.5","c3_t7_h26","Cladocera",0,0,0.231418381446422,231.418381446422,76.8879371877231,18.9034875,23.2842875,72.4185,32.6949375,0.0215,109.923,-0.061,0.03025,361.5635,105.2116667,0.3,1.2055,-0.0135,22.834,0.657333333,34.44530282,0.053271,1,772.3906546,103,"3","C3-T7-H26",-4.437854817,-130.4595,34.52752,-Inf,0,5.44422724741467,17.793281976737,0
"74","0.2-0.5","c3_t7_h26","Copepoda<Maxillopoda",0.0191278314157746,19.1278314157746,0.231418381446422,231.418381446422,76.8879371877231,18.9034875,23.2842875,72.4185,32.6949375,0.0215,109.923,-0.061,0.03025,361.5635,105.2116667,0.3,1.2055,-0.0135,22.834,0.657333333,34.44530282,0.053271,1,772.3906546,103,"3","C3-T7-H26",-4.437854817,-130.4595,34.52752,2.95114441663823,1.47069950043343,5.44422724741467,17.793281976737,0.0826547627557541
"75","0.2-0.5","c3_t7_h26","Harpacticoida",0.00401630828559301,4.01630828559301,0.231418381446422,231.418381446422,76.8879371877231,18.9034875,23.2842875,72.4185,32.6949375,0.0215,109.923,-0.061,0.03025,361.5635,105.2116667,0.3,1.2055,-0.0135,22.834,0.657333333,34.44530282,0.053271,1,772.3906546,103,"3","C3-T7-H26",-4.437854817,-130.4595,34.52752,1.39036314378409,0.308805659189207,5.44422724741467,17.793281976737,0.0173551826803476
"76","0.2-0.5","c3_t7_h26","Oikopleuridae",0,0,0.231418381446422,231.418381446422,76.8879371877231,18.9034875,23.2842875,72.4185,32.6949375,0.0215,109.923,-0.061,0.03025,361.5635,105.2116667,0.3,1.2055,-0.0135,22.834,0.657333333,34.44530282,0.053271,1,772.3906546,103,"3","C3-T7-H26",-4.437854817,-130.4595,34.52752,-Inf,0,5.44422724741467,17.793281976737,0
"77","0.2-0.5","c3_t7_h26","Oithonidae",0.0274305700520399,27.4305700520399,0.231418381446422,231.418381446422,73.3086711462256,18.9034875,23.2842875,72.4185,32.6949375,0.0215,109.923,-0.061,0.03025,361.5635,105.2116667,0.3,1.2055,-0.0135,22.834,0.657333333,34.44530282,0.053271,1,772.3906546,103,"3","C3-T7-H26",-4.437854817,-130.4595,34.52752,3.31165808679846,2.0108986392985,5.44422724741467,16.9649740226475,0.118532373619555
"78","0.2-0.5","c3_t7_h26","Ostracoda",0.00820293759101642,8.20293759101642,0.231418381446422,231.418381446422,76.8879371877231,18.9034875,23.2842875,72.4185,32.6949375,0.0215,109.923,-0.061,0.03025,361.5635,105.2116667,0.3,1.2055,-0.0135,22.834,0.657333333,34.44530282,0.053271,1,772.3906546,103,"3","C3-T7-H26",-4.437854817,-130.4595,34.52752,2.10449233292346,0.630706950252883,5.44422724741467,17.793281976737,0.0354463527907595
"79","0.2-0.5","c3_t7_h26","Poecilostomatoida",0.0102151207504562,10.2151207504562,0.231418381446422,231.418381446422,76.8879371877231,18.9034875,23.2842875,72.4185,32.6949375,0.0215,109.923,-0.061,0.03025,361.5635,105.2116667,0.3,1.2055,-0.0135,22.834,0.657333333,34.44530282,0.053271,1,772.3906546,103,"3","C3-T7-H26",-4.437854817,-130.4595,34.52752,2.32386904909607,0.785419562626083,5.44422724741467,17.793281976737,0.0441413542286883
"80","0.2-0.5","c3_t7_h26","Pteropoda",0.00249636670420993,2.49636670420993,0.231418381446422,231.418381446422,76.8879371877231,18.9034875,23.2842875,72.4185,32.6949375,0.0215,109.923,-0.061,0.03025,361.5635,105.2116667,0.3,1.2055,-0.0135,22.834,0.657333333,34.44530282,0.053271,1,772.3906546,103,"3","C3-T7-H26",-4.437854817,-130.4595,34.52752,0.914836356466747,0.191940486350817,5.44422724741467,17.793281976737,0.0107872446804227
"81","0.2-0.5","c3_t7_h26","cypris",0,0,0.231418381446422,231.418381446422,7.68879371877231,18.9034875,23.2842875,72.4185,32.6949375,0.0215,109.923,-0.061,0.03025,361.5635,105.2116667,0.3,1.2055,-0.0135,22.834,0.657333333,34.44530282,0.053271,1,772.3906546,103,"3","C3-T7-H26",-4.437854817,-130.4595,34.52752,-Inf,0,5.44422724741467,1.7793281976737,0
"82","0.2-0.5","c3_t7_h26","darksphere",0,0,0.231418381446422,231.418381446422,76.8879371877231,18.9034875,23.2842875,72.4185,32.6949375,0.0215,109.923,-0.061,0.03025,361.5635,105.2116667,0.3,1.2055,-0.0135,22.834,0.657333333,34.44530282,0.053271,1,772.3906546,103,"3","C3-T7-H26",-4.437854817,-130.4595,34.52752,-Inf,0,5.44422724741467,17.793281976737,0
"83","0.2-0.5","c3_t7_h26","egg<Actinopterygii",0,0,0.231418381446422,231.418381446422,76.8879371877231,18.9034875,23.2842875,72.4185,32.6949375,0.0215,109.923,-0.061,0.03025,361.5635,105.2116667,0.3,1.2055,-0.0135,22.834,0.657333333,34.44530282,0.053271,1,772.3906546,103,"3","C3-T7-H26",-4.437854817,-130.4595,34.52752,-Inf,0,5.44422724741467,17.793281976737,0
"84","0.2-0.5","c3_t7_h26","multiple organisms",0,0,0.231418381446422,231.418381446422,76.8879371877231,18.9034875,23.2842875,72.4185,32.6949375,0.0215,109.923,-0.061,0.03025,361.5635,105.2116667,0.3,1.2055,-0.0135,22.834,0.657333333,34.44530282,0.053271,1,772.3906546,103,"3","C3-T7-H26",-4.437854817,-130.4595,34.52752,-Inf,0,5.44422724741467,17.793281976737,0
"85","0.2-0.5","c3_t7_h26","nauplii<Crustacea",0,0,0.231418381446422,231.418381446422,76.8879371877231,18.9034875,23.2842875,72.4185,32.6949375,0.0215,109.923,-0.061,0.03025,361.5635,105.2116667,0.3,1.2055,-0.0135,22.834,0.657333333,34.44530282,0.053271,1,772.3906546,103,"3","C3-T7-H26",-4.437854817,-130.4595,34.52752,-Inf,0,5.44422724741467,17.793281976737,0
"86","0.2-0.5","c3_t7_h26","other<living",0,0,0.231418381446422,231.418381446422,71.9451412256551,18.9034875,23.2842875,72.4185,32.6949375,0.0215,109.923,-0.061,0.03025,361.5635,105.2116667,0.3,1.2055,-0.0135,22.834,0.657333333,34.44530282,0.053271,1,772.3906546,103,"3","C3-T7-H26",-4.437854817,-130.4595,34.52752,-Inf,0,5.44422724741467,16.6494281353753,0
"87","0.2-0.5","c3_t7_h26","part<Crustacea",0,0,0.231418381446422,231.418381446422,46.1327623126338,18.9034875,23.2842875,72.4185,32.6949375,0.0215,109.923,-0.061,0.03025,361.5635,105.2116667,0.3,1.2055,-0.0135,22.834,0.657333333,34.44530282,0.053271,1,772.3906546,103,"3","C3-T7-H26",-4.437854817,-130.4595,34.52752,-Inf,0,5.44422724741467,10.6759691860422,0
"88","0.2-0.5","ct1_t1_h28","Calanoida",0.741289814781358,741.289814781358,1.32764899582882,1327.64899582882,1.37980706033375,17.38964375,23.8663625,65.336625,32.97244375,0.013,59.8,0.207,0.26435,361.5505,43.67766667,0.370333333,1.022333333,0.021666667,39.707,2.921366667,44.12433944,112.6,0,602.6631245,5,"T1","CT1-T1-H28",-2.054216937,-128.5755,34.96055,6.60839166189657,1.02283692018881,7.19116498473037,1.83189945808961,0.558347738830315
"89","0.2-0.5","ct1_t1_h28","Chaetognatha",1.66226987723778e-05,0.0166226987723778,1.32764899582882,1327.64899582882,2.07020702070207,17.38964375,23.8663625,65.336625,32.97244375,0.013,59.8,0.207,0.26435,361.5505,43.67766667,0.370333333,1.022333333,0.021666667,39.707,2.921366667,44.12433944,112.6,0,602.6631245,5,"T1","CT1-T1-H28",-2.054216937,-128.5755,34.96055,-4.09698612172771,3.44124277015922e-05,7.19116498473037,2.74850827219287,1.25204017210894e-05
"90","0.2-0.5","ct1_t1_h28","Cladocera",0,0,1.32764899582882,1327.64899582882,1.05410541054105,17.38964375,23.8663625,65.336625,32.97244375,0.013,59.8,0.207,0.26435,361.5505,43.67766667,0.370333333,1.022333333,0.021666667,39.707,2.921366667,44.12433944,112.6,0,602.6631245,5,"T1","CT1-T1-H28",-2.054216937,-128.5755,34.96055,-Inf,0,7.19116498473037,1.39948198980255,0
"91","0.2-0.5","ct1_t1_h28","Copepoda<Maxillopoda",0.194560633517022,194.560633517022,1.32764899582882,1327.64899582882,1.34515475839082,17.38964375,23.8663625,65.336625,32.97244375,0.013,59.8,0.207,0.26435,361.5505,43.67766667,0.370333333,1.022333333,0.021666667,39.707,2.921366667,44.12433944,112.6,0,602.6631245,5,"T1","CT1-T1-H28",-2.054216937,-128.5755,34.96055,5.27074385492496,0.261714161970954,7.19116498473037,1.78589336421192,0.146545234567487
"92","0.2-0.5","ct1_t1_h28","Eucalanidae",0.000635094822539224,0.635094822539224,1.32764899582882,1327.64899582882,0.8000800080008,17.38964375,23.8663625,65.336625,32.97244375,0.013,59.8,0.207,0.26435,361.5505,43.67766667,0.370333333,1.022333333,0.021666667,39.707,2.921366667,44.12433944,112.6,0,602.6631245,5,"T1","CT1-T1-H28",-2.054216937,-128.5755,34.96055,-0.453980964404164,0.000508126670698449,7.19116498473037,1.06222541920497,0.000478360488754598
"93","0.2-0.5","ct1_t1_h28","Harpacticoida",0.00158828362257961,1.58828362257961,1.32764899582882,1327.64899582882,0.8000800080008,17.38964375,23.8663625,65.336625,32.97244375,0.013,59.8,0.207,0.26435,361.5505,43.67766667,0.370333333,1.022333333,0.021666667,39.707,2.921366667,44.12433944,112.6,0,602.6631245,5,"T1","CT1-T1-H28",-2.054216937,-128.5755,34.96055,0.462653950516764,0.00127075397346103,7.19116498473037,1.06222541920497,0.00119631290165522
"94","0.2-0.5","ct1_t1_h28","Oikopleuridae",0,0,1.32764899582882,1327.64899582882,1.43514351435144,17.38964375,23.8663625,65.336625,32.97244375,0.013,59.8,0.207,0.26435,361.5505,43.67766667,0.370333333,1.022333333,0.021666667,39.707,2.921366667,44.12433944,112.6,0,602.6631245,5,"T1","CT1-T1-H28",-2.054216937,-128.5755,34.96055,-Inf,0,7.19116498473037,1.90536684569892,0
"95","0.2-0.5","ct1_t1_h28","Oithonidae",0.272587397385584,272.587397385584,1.32764899582882,1327.64899582882,1.24693677421433,17.38964375,23.8663625,65.336625,32.97244375,0.013,59.8,0.207,0.26435,361.5505,43.67766667,0.370333333,1.022333333,0.021666667,39.707,2.921366667,44.12433944,112.6,0,602.6631245,5,"T1","CT1-T1-H28",-2.054216937,-128.5755,34.96055,5.60795928703301,0.339899249987461,7.19116498473037,1.65549435614768,0.205315861528156
"96","0.2-0.5","ct1_t1_h28","Ostracoda",0.0199608335239881,19.9608335239881,1.32764899582882,1327.64899582882,1.16297344020116,17.38964375,23.8663625,65.336625,32.97244375,0.013,59.8,0.207,0.26435,361.5505,43.67766667,0.370333333,1.022333333,0.021666667,39.707,2.921366667,44.12433944,112.6,0,602.6631245,5,"T1","CT1-T1-H28",-2.054216937,-128.5755,34.96055,2.99377202973025,0.0232139192326751,7.19116498473037,1.54402052005866,0.0150347219684575
"97","0.2-0.5","ct1_t1_h28","Poecilostomatoida",0.0783560384959781,78.3560384959781,1.32764899582882,1327.64899582882,1.17112834878994,17.38964375,23.8663625,65.336625,32.97244375,0.013,59.8,0.207,0.26435,361.5505,43.67766667,0.370333333,1.022333333,0.021666667,39.707,2.921366667,44.12433944,112.6,0,602.6631245,5,"T1","CT1-T1-H28",-2.054216937,-128.5755,34.96055,4.36126303661689,0.0917649779815154,7.19116498473037,1.55484737625762,0.0590186402747681
"98","0.2-0.5","ct1_t1_h28","Pteropoda",0.0186542769809947,18.6542769809947,1.32764899582882,1327.64899582882,1.11761176117612,17.38964375,23.8663625,65.336625,32.97244375,0.013,59.8,0.207,0.26435,361.5505,43.67766667,0.370333333,1.022333333,0.021666667,39.707,2.921366667,44.12433944,112.6,0,602.6631245,5,"T1","CT1-T1-H28",-2.054216937,-128.5755,34.96055,2.92607544853767,0.0208482393501966,7.19116498473037,1.48379613245195,0.0140506090386859
"99","0.2-0.5","ct1_t1_h28","Tomopteridae",0,0,1.32764899582882,1327.64899582882,0.8000800080008,17.38964375,23.8663625,65.336625,32.97244375,0.013,59.8,0.207,0.26435,361.5505,43.67766667,0.370333333,1.022333333,0.021666667,39.707,2.921366667,44.12433944,112.6,0,602.6631245,5,"T1","CT1-T1-H28",-2.054216937,-128.5755,34.96055,-Inf,0,7.19116498473037,1.06222541920497,0
"100","0.2-0.5","ct1_t1_h28","cypris",0,0,1.32764899582882,1327.64899582882,0.8000800080008,17.38964375,23.8663625,65.336625,32.97244375,0.013,59.8,0.207,0.26435,361.5505,43.67766667,0.370333333,1.022333333,0.021666667,39.707,2.921366667,44.12433944,112.6,0,602.6631245,5,"T1","CT1-T1-H28",-2.054216937,-128.5755,34.96055,-Inf,0,7.19116498473037,1.06222541920497,0
"101","0.2-0.5","ct1_t1_h28","darksphere",0,0,1.32764899582882,1327.64899582882,1.41589916567414,17.38964375,23.8663625,65.336625,32.97244375,0.013,59.8,0.207,0.26435,361.5505,43.67766667,0.370333333,1.022333333,0.021666667,39.707,2.921366667,44.12433944,112.6,0,602.6631245,5,"T1","CT1-T1-H28",-2.054216937,-128.5755,34.96055,-Inf,0,7.19116498473037,1.87981710550213,0
"102","0.2-0.5","ct1_t1_h28","egg<Actinopterygii",0,0,1.32764899582882,1327.64899582882,3.34033403340334,17.38964375,23.8663625,65.336625,32.97244375,0.013,59.8,0.207,0.26435,361.5505,43.67766667,0.370333333,1.022333333,0.021666667,39.707,2.921366667,44.12433944,112.6,0,602.6631245,5,"T1","CT1-T1-H28",-2.054216937,-128.5755,34.96055,-Inf,0,7.19116498473037,4.43479112518076,0
"103","0.2-0.5","ct1_t1_h28","multiple organisms",0,0,1.32764899582882,1327.64899582882,1.05410541054105,17.38964375,23.8663625,65.336625,32.97244375,0.013,59.8,0.207,0.26435,361.5505,43.67766667,0.370333333,1.022333333,0.021666667,39.707,2.921366667,44.12433944,112.6,0,602.6631245,5,"T1","CT1-T1-H28",-2.054216937,-128.5755,34.96055,-Inf,0,7.19116498473037,1.39948198980255,0
"104","0.2-0.5","ct1_t1_h28","nauplii<Crustacea",0,0,1.32764899582882,1327.64899582882,2.07020702070207,17.38964375,23.8663625,65.336625,32.97244375,0.013,59.8,0.207,0.26435,361.5505,43.67766667,0.370333333,1.022333333,0.021666667,39.707,2.921366667,44.12433944,112.6,0,602.6631245,5,"T1","CT1-T1-H28",-2.054216937,-128.5755,34.96055,-Inf,0,7.19116498473037,2.74850827219287,0
"105","0.2-0.5","ct1_t1_h28","other<living",0,0,1.32764899582882,1327.64899582882,1.10523872900111,17.38964375,23.8663625,65.336625,32.97244375,0.013,59.8,0.207,0.26435,361.5505,43.67766667,0.370333333,1.022333333,0.021666667,39.707,2.921366667,44.12433944,112.6,0,602.6631245,5,"T1","CT1-T1-H28",-2.054216937,-128.5755,34.96055,-Inf,0,7.19116498473037,1.46736908870943,0
"106","0.2-0.5","ct1_t1_h28","part<Crustacea",0,0,1.32764899582882,1327.64899582882,1.32534992629698,17.38964375,23.8663625,65.336625,32.97244375,0.013,59.8,0.207,0.26435,361.5505,43.67766667,0.370333333,1.022333333,0.021666667,39.707,2.921366667,44.12433944,112.6,0,602.6631245,5,"T1","CT1-T1-H28",-2.054216937,-128.5755,34.96055,-Inf,0,7.19116498473037,1.75959949876998,0
"107","0.2-0.5","ct1_t2_h29","Calanoida",0.403810252914717,403.810252914717,0.555456030655264,555.456030655264,2.22464351698328,18.16554375,23.51706875,68.402375,32.7602,0.0065,80.1,-0.06,0.0202625,312.9815,70.47466667,0.3345,1.135,0.0035,58.565,0.948566667,49.90714574,0.1229,1,524.1840843,11,"T1","CT1-T2-H29",-3.394650309,-127.5728,35.0498,6.000945096628,0.898333861238103,6.31978945321114,1.2356916575665,0.726988691505154
"108","0.2-0.5","ct1_t2_h29","Chaetognatha",4.84422604258857e-05,0.0484422604258857,0.555456030655264,555.456030655264,2.73360669400273,18.16554375,23.51706875,68.402375,32.7602,0.0065,80.1,-0.06,0.0202625,312.9815,70.47466667,0.3345,1.135,0.0035,58.565,0.948566667,49.90714574,0.1229,1,524.1840843,11,"T1","CT1-T2-H29",-3.394650309,-127.5728,35.0498,-3.02738269693749,0.000132422087372825,6.31978945321114,1.51839832362342,8.7211692289557e-05
"109","0.2-0.5","ct1_t2_h29","Cladocera",0,0,0.555456030655264,555.456030655264,2.08441896821261,18.16554375,23.51706875,68.402375,32.7602,0.0065,80.1,-0.06,0.0202625,312.9815,70.47466667,0.3345,1.135,0.0035,58.565,0.948566667,49.90714574,0.1229,1,524.1840843,11,"T1","CT1-T2-H29",-3.394650309,-127.5728,35.0498,-Inf,0,6.31978945321114,1.15780308630592,0
"110","0.2-0.5","ct1_t2_h29","Copepoda<Maxillopoda",0.0596762922450085,59.6762922450085,0.555456030655264,555.456030655264,2.02388659918623,18.16554375,23.51706875,68.402375,32.7602,0.0065,80.1,-0.06,0.0202625,312.9815,70.47466667,0.3345,1.135,0.0035,58.565,0.948566667,49.90714574,0.1229,1,524.1840843,11,"T1","CT1-T2-H29",-3.394650309,-127.5728,35.0498,4.08893482670361,0.120778048163794,6.31978945321114,1.12418001688037,0.107436572746558
"111","0.2-0.5","ct1_t2_h29","Oikopleuridae",0,0,0.555456030655264,555.456030655264,2.5002500250025,18.16554375,23.51706875,68.402375,32.7602,0.0065,80.1,-0.06,0.0202625,312.9815,70.47466667,0.3345,1.135,0.0035,58.565,0.948566667,49.90714574,0.1229,1,524.1840843,11,"T1","CT1-T2-H29",-3.394650309,-127.5728,35.0498,-Inf,0,6.31978945321114,1.38877895453361,0
"112","0.2-0.5","ct1_t2_h29","Oithonidae",0.0618490106930548,61.8490106930548,0.555456030655264,555.456030655264,2.26879830840227,18.16554375,23.51706875,68.402375,32.7602,0.0065,80.1,-0.06,0.0202625,312.9815,70.47466667,0.3345,1.135,0.0035,58.565,0.948566667,49.90714574,0.1229,1,524.1840843,11,"T1","CT1-T2-H29",-3.394650309,-127.5728,35.0498,4.12469610344872,0.140322930836757,6.31978945321114,1.2602177027425,0.111348166694837
"113","0.2-0.5","ct1_t2_h29","Ostracoda",0.0129396530397044,12.9396530397044,0.555456030655264,555.456030655264,2.43357669100243,18.16554375,23.51706875,68.402375,32.7602,0.0065,80.1,-0.06,0.0202625,312.9815,70.47466667,0.3345,1.135,0.0035,58.565,0.948566667,49.90714574,0.1229,1,524.1840843,11,"T1","CT1-T2-H29",-3.394650309,-127.5728,35.0498,2.56029647570744,0.0314896380270835,6.31978945321114,1.35174484907938,0.0232955487483675
"114","0.2-0.5","ct1_t2_h29","Poecilostomatoida",0.0146860306851341,14.6860306851341,0.555456030655264,555.456030655264,1.53765376537654,18.16554375,23.51706875,68.402375,32.7602,0.0065,80.1,-0.06,0.0202625,312.9815,70.47466667,0.3345,1.135,0.0035,58.565,0.948566667,49.90714574,0.1229,1,524.1840843,11,"T1","CT1-T2-H29",-3.394650309,-127.5728,35.0498,2.68689674844125,0.0225820303814319,6.31978945321114,0.854099057038172,0.0264395917491601
"115","0.2-0.5","ct1_t2_h29","Polychaeta",0.00244634881721912,2.44634881721912,0.555456030655264,555.456030655264,1.6001600160016,18.16554375,23.51706875,68.402375,32.7602,0.0065,80.1,-0.06,0.0202625,312.9815,70.47466667,0.3345,1.135,0.0035,58.565,0.948566667,49.90714574,0.1229,1,524.1840843,11,"T1","CT1-T2-H29",-3.394650309,-127.5728,35.0498,0.894596634300778,0.00391454956250684,6.31978945321114,0.888818530901513,0.004404216863634
"116","0.2-0.5","ct1_t2_h29","darksphere",0,0,0.555456030655264,555.456030655264,3.34578912436698,18.16554375,23.51706875,68.402375,32.7602,0.0065,80.1,-0.06,0.0202625,312.9815,70.47466667,0.3345,1.135,0.0035,58.565,0.948566667,49.90714574,0.1229,1,524.1840843,11,"T1","CT1-T2-H29",-3.394650309,-127.5728,35.0498,-Inf,0,6.31978945321114,1.85843874643044,0
"117","0.2-0.5","ct1_t2_h29","multiple organisms",0,0,0.555456030655264,555.456030655264,1.6001600160016,18.16554375,23.51706875,68.402375,32.7602,0.0065,80.1,-0.06,0.0202625,312.9815,70.47466667,0.3345,1.135,0.0035,58.565,0.948566667,49.90714574,0.1229,1,524.1840843,11,"T1","CT1-T2-H29",-3.394650309,-127.5728,35.0498,-Inf,0,6.31978945321114,0.888818530901513,0
"118","0.2-0.5","ct1_t2_h29","nauplii<Crustacea",0,0,0.555456030655264,555.456030655264,5.000500050005,18.16554375,23.51706875,68.402375,32.7602,0.0065,80.1,-0.06,0.0202625,312.9815,70.47466667,0.3345,1.135,0.0035,58.565,0.948566667,49.90714574,0.1229,1,524.1840843,11,"T1","CT1-T2-H29",-3.394650309,-127.5728,35.0498,-Inf,0,6.31978945321114,2.77755790906723,0
"119","0.2-0.5","ct1_t2_h29","other<living",0,0,0.555456030655264,555.456030655264,2.3002300230023,18.16554375,23.51706875,68.402375,32.7602,0.0065,80.1,-0.06,0.0202625,312.9815,70.47466667,0.3345,1.135,0.0035,58.565,0.948566667,49.90714574,0.1229,1,524.1840843,11,"T1","CT1-T2-H29",-3.394650309,-127.5728,35.0498,-Inf,0,6.31978945321114,1.27767663817092,0
"120","0.2-0.5","ct1_t2_h29","part<Crustacea",0,0,0.555456030655264,555.456030655264,1.99532148336785,18.16554375,23.51706875,68.402375,32.7602,0.0065,80.1,-0.06,0.0202625,312.9815,70.47466667,0.3345,1.135,0.0035,58.565,0.948566667,49.90714574,0.1229,1,524.1840843,11,"T1","CT1-T2-H29",-3.394650309,-127.5728,35.0498,-Inf,0,6.31978945321114,1.10831335103268,0
"121","0.2-0.5","ct1_t3_h30","Amphipoda",0,0,0.360551958288693,360.551958288693,57.3291769680032,18.16806875,23.51549375,70.3971875,32.75895,0.0085,94.339,-0.073,0.00883125,258.4555,78.41433333,0.3345,1.0805,0.007,73.452,1.302366667,47.52148287,24.685,1,450.7865706,86,"T1","CT1-T3-H30",-3.727302931,-126.6352,35.02288,-Inf,0,5.88763607474087,20.6701470228926,0
"122","0.2-0.5","ct1_t3_h30","Calanoida",0.264200747882128,264.200747882128,0.360551958288693,360.551958288693,51.8912003745752,18.16806875,23.51549375,70.3971875,32.75895,0.0085,94.339,-0.073,0.00883125,258.4555,78.41433333,0.3345,1.0805,0.007,73.452,1.302366667,47.52148287,24.685,1,450.7865706,86,"T1","CT1-T3-H30",-3.727302931,-126.6352,35.02288,5.57670922282657,13.7096939474641,5.88763607474087,18.7094739130041,0.732767474447006
"123","0.2-0.5","ct1_t3_h30","Chaetognatha",3.58133977082869e-05,0.0358133977082869,0.360551958288693,360.551958288693,57.3291769680032,18.16806875,23.51549375,70.3971875,32.75895,0.0085,94.339,-0.073,0.00883125,258.4555,78.41433333,0.3345,1.0805,0.007,73.452,1.302366667,47.52148287,24.685,1,450.7865706,86,"T1","CT1-T3-H30",-3.727302931,-126.6352,35.02288,-3.32943321792329,0.00205315261504386,5.88763607474087,20.6701470228926,9.93293667805047e-05
"124","0.2-0.5","ct1_t3_h30","Cladocera",0,0,0.360551958288693,360.551958288693,57.3291769680032,18.16806875,23.51549375,70.3971875,32.75895,0.0085,94.339,-0.073,0.00883125,258.4555,78.41433333,0.3345,1.0805,0.007,73.452,1.302366667,47.52148287,24.685,1,450.7865706,86,"T1","CT1-T3-H30",-3.727302931,-126.6352,35.02288,-Inf,0,5.88763607474087,20.6701470228926,0
"125","0.2-0.5","ct1_t3_h30","Copepoda<Maxillopoda",0.0144942833167656,14.4942833167656,0.360551958288693,360.551958288693,57.3291769680032,18.16806875,23.51549375,70.3971875,32.75895,0.0085,94.339,-0.073,0.00883125,258.4555,78.41433333,0.3345,1.0805,0.007,73.452,1.302366667,47.52148287,24.685,1,450.7865706,86,"T1","CT1-T3-H30",-3.727302931,-126.6352,35.02288,2.67375431767182,0.830945333291231,5.88763607474087,20.6701470228926,0.0402002623576379
"126","0.2-0.5","ct1_t3_h30","Eucalanidae",0.000984989782008903,0.984989782008903,0.360551958288693,360.551958288693,28.6645884840016,18.16806875,23.51549375,70.3971875,32.75895,0.0085,94.339,-0.073,0.00883125,258.4555,78.41433333,0.3345,1.0805,0.007,73.452,1.302366667,47.52148287,24.685,1,450.7865706,86,"T1","CT1-T3-H30",-3.727302931,-126.6352,35.02288,-0.0151240114588763,0.0282343267622316,5.88763607474087,10.3350735114463,0.00273189413998474
"127","0.2-0.5","ct1_t3_h30","Oikopleuridae",0,0,0.360551958288693,360.551958288693,54.462718119603,18.16806875,23.51549375,70.3971875,32.75895,0.0085,94.339,-0.073,0.00883125,258.4555,78.41433333,0.3345,1.0805,0.007,73.452,1.302366667,47.52148287,24.685,1,450.7865706,86,"T1","CT1-T3-H30",-3.727302931,-126.6352,35.02288,-Inf,0,5.88763607474087,19.636639671748,0
"128","0.2-0.5","ct1_t3_h30","Oithonidae",0.0785363829301663,78.5363829301663,0.360551958288693,360.551958288693,52.0398779025029,18.16806875,23.51549375,70.3971875,32.75895,0.0085,94.339,-0.073,0.00883125,258.4555,78.41433333,0.3345,1.0805,0.007,73.452,1.302366667,47.52148287,24.685,1,450.7865706,86,"T1","CT1-T3-H30",-3.727302931,-126.6352,35.02288,4.36356199423356,4.08702377859007,5.88763607474087,18.7630798868519,0.217822649758797
"129","0.2-0.5","ct1_t3_h30","Ostracoda",0.000790434458055573,0.790434458055573,0.360551958288693,360.551958288693,57.3291769680032,18.16806875,23.51549375,70.3971875,32.75895,0.0085,94.339,-0.073,0.00883125,258.4555,78.41433333,0.3345,1.0805,0.007,73.452,1.302366667,47.52148287,24.685,1,450.7865706,86,"T1","CT1-T3-H30",-3.727302931,-126.6352,35.02288,-0.235172537780661,0.0453149569274756,5.88763607474087,20.6701470228926,0.00219229001502933
"130","0.2-0.5","ct1_t3_h30","Poecilostomatoida",0.00150930652186061,1.50930652186061,0.360551958288693,360.551958288693,28.6645884840016,18.16806875,23.51549375,70.3971875,32.75895,0.0085,94.339,-0.073,0.00883125,258.4555,78.41433333,0.3345,1.0805,0.007,73.452,1.302366667,47.52148287,24.685,1,450.7865706,86,"T1","CT1-T3-H30",-3.727302931,-126.6352,35.02288,0.41165028829006,0.043263650345354,5.88763607474087,10.3350735114463,0.00418609991476487
"131","0.2-0.5","ct1_t3_h30","darksphere",0,0,0.360551958288693,360.551958288693,50.1630298470028,18.16806875,23.51549375,70.3971875,32.75895,0.0085,94.339,-0.073,0.00883125,258.4555,78.41433333,0.3345,1.0805,0.007,73.452,1.302366667,47.52148287,24.685,1,450.7865706,86,"T1","CT1-T3-H30",-3.727302931,-126.6352,35.02288,-Inf,0,5.88763607474087,18.086378645031,0
"132","0.2-0.5","ct1_t3_h30","multiple organisms",0,0,0.360551958288693,360.551958288693,47.7743141400026,18.16806875,23.51549375,70.3971875,32.75895,0.0085,94.339,-0.073,0.00883125,258.4555,78.41433333,0.3345,1.0805,0.007,73.452,1.302366667,47.52148287,24.685,1,450.7865706,86,"T1","CT1-T3-H30",-3.727302931,-126.6352,35.02288,-Inf,0,5.88763607474087,17.2251225190772,0
"133","0.2-0.5","ct1_t3_h30","nauplii<Crustacea",0,0,0.360551958288693,360.551958288693,57.3291769680032,18.16806875,23.51549375,70.3971875,32.75895,0.0085,94.339,-0.073,0.00883125,258.4555,78.41433333,0.3345,1.0805,0.007,73.452,1.302366667,47.52148287,24.685,1,450.7865706,86,"T1","CT1-T3-H30",-3.727302931,-126.6352,35.02288,-Inf,0,5.88763607474087,20.6701470228926,0
"134","0.2-0.5","ct1_t3_h30","other<living",0,0,0.360551958288693,360.551958288693,57.3291769680032,18.16806875,23.51549375,70.3971875,32.75895,0.0085,94.339,-0.073,0.00883125,258.4555,78.41433333,0.3345,1.0805,0.007,73.452,1.302366667,47.52148287,24.685,1,450.7865706,86,"T1","CT1-T3-H30",-3.727302931,-126.6352,35.02288,-Inf,0,5.88763607474087,20.6701470228926,0
"135","0.2-0.5","ct1_t3_h30","part<Crustacea",0,0,0.360551958288693,360.551958288693,41.4044055880023,18.16806875,23.51549375,70.3971875,32.75895,0.0085,94.339,-0.073,0.00883125,258.4555,78.41433333,0.3345,1.0805,0.007,73.452,1.302366667,47.52148287,24.685,1,450.7865706,86,"T1","CT1-T3-H30",-3.727302931,-126.6352,35.02288,-Inf,0,5.88763607474087,14.9284395165335,0
"136","0.2-0.5","ct1_t4_h31","Calanoida",0.577570557892373,577.570557892373,0.773554648269511,773.554648269511,34.9142822531758,18.11386875,23.52309375,78.3553125,32.751575,0.01,81.135,-0.0975,0.04135,276.3005,58.56533333,0.331,0.9545,-0.0155,50.625,1.3489,43.3434391,39.938,0,353.6559397,84,"T1","CT1-T4-H31",-3.259153374,-125.5235,35.09508,6.35883061310142,20.1654614793785,6.6509963181568,27.0081053279378,0.746644802903626
"137","0.2-0.5","ct1_t4_h31","Chaetognatha",5.99184827452718e-05,0.0599184827452718,0.773554648269511,773.554648269511,25.1623724884644,18.11386875,23.52309375,78.3553125,32.751575,0.01,81.135,-0.0975,0.04135,276.3005,58.56533333,0.331,0.9545,-0.0155,50.625,1.3489,43.3434391,39.938,0,353.6559397,84,"T1","CT1-T4-H31",-3.259153374,-125.5235,35.09508,-2.81477026143435,0.00150769118178015,6.6509963181568,19.4644701999405,7.74586293021612e-05
"138","0.2-0.5","ct1_t4_h31","Cladocera",0,0,0.773554648269511,773.554648269511,33.3155713801629,18.11386875,23.52309375,78.3553125,32.751575,0.01,81.135,-0.0975,0.04135,276.3005,58.56533333,0.331,0.9545,-0.0155,50.625,1.3489,43.3434391,39.938,0,353.6559397,84,"T1","CT1-T4-H31",-3.259153374,-125.5235,35.09508,-Inf,0,6.6509963181568,25.7714151008797,0
"139","0.2-0.5","ct1_t4_h31","Copepoda<Maxillopoda",0.0489748342023382,48.9748342023382,0.773554648269511,773.554648269511,33.4234074892502,18.11386875,23.52309375,78.3553125,32.751575,0.01,81.135,-0.0975,0.04135,276.3005,58.56533333,0.331,0.9545,-0.0155,50.625,1.3489,43.3434391,39.938,0,353.6559397,84,"T1","CT1-T4-H31",-3.259153374,-125.5235,35.09508,3.8913065784719,1.63690584026322,6.6509963181568,25.8548322243155,0.0633114083302296
"140","0.2-0.5","ct1_t4_h31","Harpacticoida",0.000737228558156561,0.737228558156561,0.773554648269511,773.554648269511,44.186503235761,18.11386875,23.52309375,78.3553125,32.751575,0.01,81.135,-0.0975,0.04135,276.3005,58.56533333,0.331,0.9545,-0.0155,50.625,1.3489,43.3434391,39.938,0,353.6559397,84,"T1","CT1-T4-H31",-3.259153374,-125.5235,35.09508,-0.304857315254534,0.0325755520704803,6.6509963181568,34.1806749687987,0.000953040046757893
"141","0.2-0.5","ct1_t4_h31","Oikopleuridae",0,0,0.773554648269511,773.554648269511,27.178381698596,18.11386875,23.52309375,78.3553125,32.751575,0.01,81.135,-0.0975,0.04135,276.3005,58.56533333,0.331,0.9545,-0.0155,50.625,1.3489,43.3434391,39.938,0,353.6559397,84,"T1","CT1-T4-H31",-3.259153374,-125.5235,35.09508,-Inf,0,6.6509963181568,21.0239634953919,0
"142","0.2-0.5","ct1_t4_h31","Oithonidae",0.11083562407668,110.83562407668,0.773554648269511,773.554648269511,32.8305719041704,18.11386875,23.52309375,78.3553125,32.751575,0.01,81.135,-0.0975,0.04135,276.3005,58.56533333,0.331,0.9545,-0.0155,50.625,1.3489,43.3434391,39.938,0,353.6559397,84,"T1","CT1-T4-H31",-3.259153374,-125.5235,35.09508,4.70804823957523,3.63879692579305,6.6509963181568,25.3962415018174,0.143280923105596
"143","0.2-0.5","ct1_t4_h31","Ostracoda",0.015859062810746,15.859062810746,0.773554648269511,773.554648269511,36.5021341214071,18.11386875,23.52309375,78.3553125,32.751575,0.01,81.135,-0.0975,0.04135,276.3005,58.56533333,0.331,0.9545,-0.0155,50.625,1.3489,43.3434391,39.938,0,353.6559397,84,"T1","CT1-T4-H31",-3.259153374,-125.5235,35.09508,2.7637411230828,0.578889637757668,6.6509963181568,28.2363955213716,0.0205015416121196
"144","0.2-0.5","ct1_t4_h31","Poecilostomatoida",0.00789677291481231,7.89677291481231,0.773554648269511,773.554648269511,37.0270623087,18.11386875,23.52309375,78.3553125,32.751575,0.01,81.135,-0.0975,0.04135,276.3005,58.56533333,0.331,0.9545,-0.0155,50.625,1.3489,43.3434391,39.938,0,353.6559397,84,"T1","CT1-T4-H31",-3.259153374,-125.5235,35.09508,2.06645418422156,0.29239430275441,6.6509963181568,28.6424561606597,0.0102084228082371
"145","0.2-0.5","ct1_t4_h31","Pteropoda",0.0116206493316601,11.6206493316601,0.773554648269511,773.554648269511,43.2661812230536,18.11386875,23.52309375,78.3553125,32.751575,0.01,81.135,-0.0975,0.04135,276.3005,58.56533333,0.331,0.9545,-0.0155,50.625,1.3489,43.3434391,39.938,0,353.6559397,84,"T1","CT1-T4-H31",-3.259153374,-125.5235,35.09508,2.45278363038403,0.502781119913164,6.6509963181568,33.4687555979642,0.015022402564132
"146","0.2-0.5","ct1_t4_h31","darksphere",0,0,0.773554648269511,773.554648269511,41.4736844976286,18.11386875,23.52309375,78.3553125,32.751575,0.01,81.135,-0.0975,0.04135,276.3005,58.56533333,0.331,0.9545,-0.0155,50.625,1.3489,43.3434391,39.938,0,353.6559397,84,"T1","CT1-T4-H31",-3.259153374,-125.5235,35.09508,-Inf,0,6.6509963181568,32.0821614240038,0
"147","0.2-0.5","ct1_t4_h31","egg<Actinopterygii",0,0,0.773554648269511,773.554648269511,44.186503235761,18.11386875,23.52309375,78.3553125,32.751575,0.01,81.135,-0.0975,0.04135,276.3005,58.56533333,0.331,0.9545,-0.0155,50.625,1.3489,43.3434391,39.938,0,353.6559397,84,"T1","CT1-T4-H31",-3.259153374,-125.5235,35.09508,-Inf,0,6.6509963181568,34.1806749687987,0
"148","0.2-0.5","ct1_t4_h31","multiple organisms",0,0,0.773554648269511,773.554648269511,21.8304997325678,18.11386875,23.52309375,78.3553125,32.751575,0.01,81.135,-0.0975,0.04135,276.3005,58.56533333,0.331,0.9545,-0.0155,50.625,1.3489,43.3434391,39.938,0,353.6559397,84,"T1","CT1-T4-H31",-3.259153374,-125.5235,35.09508,-Inf,0,6.6509963181568,16.8870845421742,0
"149","0.2-0.5","ct1_t4_h31","nauplii<Crustacea",0,0,0.773554648269511,773.554648269511,36.0860125300651,18.11386875,23.52309375,78.3553125,32.751575,0.01,81.135,-0.0975,0.04135,276.3005,58.56533333,0.331,0.9545,-0.0155,50.625,1.3489,43.3434391,39.938,0,353.6559397,84,"T1","CT1-T4-H31",-3.259153374,-125.5235,35.09508,-Inf,0,6.6509963181568,27.9145027301437,0
"150","0.2-0.5","ct1_t4_h31","other<living",0,0,0.773554648269511,773.554648269511,34.5809818068088,18.11386875,23.52309375,78.3553125,32.751575,0.01,81.135,-0.0975,0.04135,276.3005,58.56533333,0.331,0.9545,-0.0155,50.625,1.3489,43.3434391,39.938,0,353.6559397,84,"T1","CT1-T4-H31",-3.259153374,-125.5235,35.09508,-Inf,0,6.6509963181568,26.7502792183803,0
"151","0.2-0.5","ct1_t4_h31","part<Crustacea",0,0,0.773554648269511,773.554648269511,30.1449228325013,18.11386875,23.52309375,78.3553125,32.751575,0.01,81.135,-0.0975,0.04135,276.3005,58.56533333,0.331,0.9545,-0.0155,50.625,1.3489,43.3434391,39.938,0,353.6559397,84,"T1","CT1-T4-H31",-3.259153374,-125.5235,35.09508,-Inf,0,6.6509963181568,23.3187451788071,0
"152","0.2-0.5","ct1_t5_h32","Calanoida",0.355961944860211,355.961944860211,0.458826056405147,458.826056405147,64.2348364715355,17.41111875,23.60625,81.763,32.63924375,0.032,60.184,0.115333333,0.1357875,295.1365,44.66966667,0.364,1.203666667,0.021333333,40.7,2.300733333,40.373965,105.72,0,287.1546375,5,"T1","CT1-T5-H32",-2.057413352,-124.7213,35.11383,5.87482382867812,22.8651573181854,6.12867117615598,29.4726167020641,0.775810222394812
"153","0.2-0.5","ct1_t5_h32","Chaetognatha",3.75189314848206e-05,0.0375189314848206,0.458826056405147,458.826056405147,64.2348364715355,17.41111875,23.60625,81.763,32.63924375,0.032,60.184,0.115333333,0.1357875,295.1365,44.66966667,0.364,1.203666667,0.021333333,40.7,2.300733333,40.373965,105.72,0,287.1546375,5,"T1","CT1-T5-H32",-2.057413352,-124.7213,35.11383,-3.28290963379919,0.0024100224285142,6.12867117615598,29.4726167020641,8.17715797981864e-05
"154","0.2-0.5","ct1_t5_h32","Cladocera",0,0,0.458826056405147,458.826056405147,64.2348364715355,17.41111875,23.60625,81.763,32.63924375,0.032,60.184,0.115333333,0.1357875,295.1365,44.66966667,0.364,1.203666667,0.021333333,40.7,2.300733333,40.373965,105.72,0,287.1546375,5,"T1","CT1-T5-H32",-2.057413352,-124.7213,35.11383,-Inf,0,6.12867117615598,29.4726167020641,0
"155","0.2-0.5","ct1_t5_h32","Copepoda<Maxillopoda",0.0286244436700257,28.6244436700257,0.458826056405147,458.826056405147,64.2348364715355,17.41111875,23.60625,81.763,32.63924375,0.032,60.184,0.115333333,0.1357875,295.1365,44.66966667,0.364,1.203666667,0.021333333,40.7,2.300733333,40.373965,105.72,0,287.1546375,5,"T1","CT1-T5-H32",-2.057413352,-124.7213,35.11383,3.35426102657727,1.83868645823278,6.12867117615598,29.4726167020641,0.0623862644033236
"156","0.2-0.5","ct1_t5_h32","Harpacticoida",0.00230426548735332,2.30426548735332,0.458826056405147,458.826056405147,64.2348364715355,17.41111875,23.60625,81.763,32.63924375,0.032,60.184,0.115333333,0.1357875,295.1365,44.66966667,0.364,1.203666667,0.021333333,40.7,2.300733333,40.373965,105.72,0,287.1546375,5,"T1","CT1-T5-H32",-2.057413352,-124.7213,35.11383,0.834761965081297,0.148014116767144,6.12867117615598,29.4726167020641,0.00502208942841432
"157","0.2-0.5","ct1_t5_h32","Oikopleuridae",0,0,0.458826056405147,458.826056405147,64.2348364715355,17.41111875,23.60625,81.763,32.63924375,0.032,60.184,0.115333333,0.1357875,295.1365,44.66966667,0.364,1.203666667,0.021333333,40.7,2.300733333,40.373965,105.72,0,287.1546375,5,"T1","CT1-T5-H32",-2.057413352,-124.7213,35.11383,-Inf,0,6.12867117615598,29.4726167020641,0
"158","0.2-0.5","ct1_t5_h32","Oithonidae",0.0601766284183004,60.1766284183004,0.458826056405147,458.826056405147,64.2348364715355,17.41111875,23.60625,81.763,32.63924375,0.032,60.184,0.115333333,0.1357875,295.1365,44.66966667,0.364,1.203666667,0.021333333,40.7,2.300733333,40.373965,105.72,0,287.1546375,5,"T1","CT1-T5-H32",-2.057413352,-124.7213,35.11383,4.09728404467898,3.86543588585788,6.12867117615598,29.4726167020641,0.13115346780821
"159","0.2-0.5","ct1_t5_h32","Ostracoda",0.00794470382261974,7.94470382261975,0.458826056405147,458.826056405147,64.2348364715355,17.41111875,23.60625,81.763,32.63924375,0.032,60.184,0.115333333,0.1357875,295.1365,44.66966667,0.364,1.203666667,0.021333333,40.7,2.300733333,40.373965,105.72,0,287.1546375,5,"T1","CT1-T5-H32",-2.057413352,-124.7213,35.11383,2.07250552083186,0.510326750860763,6.12867117615598,29.4726167020641,0.0173152847614315
"160","0.2-0.5","ct1_t5_h32","Poecilostomatoida",0.0037765512151514,3.7765512151514,0.458826056405147,458.826056405147,64.2348364715355,17.41111875,23.60625,81.763,32.63924375,0.032,60.184,0.115333333,0.1357875,295.1365,44.66966667,0.364,1.203666667,0.021333333,40.7,2.300733333,40.373965,105.72,0,287.1546375,5,"T1","CT1-T5-H32",-2.057413352,-124.7213,35.11383,1.32881121621824,0.242586149731629,6.12867117615598,29.4726167020641,0.00823089962401063
"161","0.2-0.5","ct1_t5_h32","darksphere",0,0,0.458826056405147,458.826056405147,64.2348364715355,17.41111875,23.60625,81.763,32.63924375,0.032,60.184,0.115333333,0.1357875,295.1365,44.66966667,0.364,1.203666667,0.021333333,40.7,2.300733333,40.373965,105.72,0,287.1546375,5,"T1","CT1-T5-H32",-2.057413352,-124.7213,35.11383,-Inf,0,6.12867117615598,29.4726167020641,0
"162","0.2-0.5","ct1_t5_h32","head<Chaetognatha",0,0,0.458826056405147,458.826056405147,64.2348364715355,17.41111875,23.60625,81.763,32.63924375,0.032,60.184,0.115333333,0.1357875,295.1365,44.66966667,0.364,1.203666667,0.021333333,40.7,2.300733333,40.373965,105.72,0,287.1546375,5,"T1","CT1-T5-H32",-2.057413352,-124.7213,35.11383,-Inf,0,6.12867117615598,29.4726167020641,0
"163","0.2-0.5","ct1_t5_h32","multiple organisms",0,0,0.458826056405147,458.826056405147,64.2348364715355,17.41111875,23.60625,81.763,32.63924375,0.032,60.184,0.115333333,0.1357875,295.1365,44.66966667,0.364,1.203666667,0.021333333,40.7,2.300733333,40.373965,105.72,0,287.1546375,5,"T1","CT1-T5-H32",-2.057413352,-124.7213,35.11383,-Inf,0,6.12867117615598,29.4726167020641,0
"164","0.2-0.5","ct1_t5_h32","other<living",0,0,0.458826056405147,458.826056405147,64.2348364715355,17.41111875,23.60625,81.763,32.63924375,0.032,60.184,0.115333333,0.1357875,295.1365,44.66966667,0.364,1.203666667,0.021333333,40.7,2.300733333,40.373965,105.72,0,287.1546375,5,"T1","CT1-T5-H32",-2.057413352,-124.7213,35.11383,-Inf,0,6.12867117615598,29.4726167020641,0
"165","0.2-0.5","ct1_t5_h32","part<Crustacea",0,0,0.458826056405147,458.826056405147,64.2348364715355,17.41111875,23.60625,81.763,32.63924375,0.032,60.184,0.115333333,0.1357875,295.1365,44.66966667,0.364,1.203666667,0.021333333,40.7,2.300733333,40.373965,105.72,0,287.1546375,5,"T1","CT1-T5-H32",-2.057413352,-124.7213,35.11383,-Inf,0,6.12867117615598,29.4726167020641,0
"166","0.2-0.5","ct1_t6_h33","Calanoida",0.536989184282219,536.989184282219,0.754786676136084,754.786676136084,60.1059748080334,17.67494737,23.63878421,73.37931422,32.76398421,0.004,89.237,-0.021333333,0.0678,286.213,55.58733333,0.339,1.184,0.008,47.647,1.4834,43.86420492,44.366,1,220.3050539,78,"T1","CT1-T6-H33",-2.808803596,-123.8861,35.15777,6.28597795330458,32.2762583826534,6.62643516116064,45.3671889412747,0.711444970161878
"167","0.2-0.5","ct1_t6_h33","Chaetognatha",4.99101571532724e-05,0.0499101571532724,0.754786676136084,754.786676136084,64.8490406748472,17.67494737,23.63878421,73.37931422,32.76398421,0.004,89.237,-0.021333333,0.0678,286.213,55.58733333,0.339,1.184,0.008,47.647,1.4834,43.86420492,44.366,1,220.3050539,78,"T1","CT1-T6-H33",-2.808803596,-123.8861,35.15777,-2.99753074677241,0.00323662581132058,6.62643516116064,48.9471918615816,6.61248518704296e-05
"168","0.2-0.5","ct1_t6_h33","Cladocera",0,0,0.754786676136084,754.786676136084,58.6315450067476,17.67494737,23.63878421,73.37931422,32.76398421,0.004,89.237,-0.021333333,0.0678,286.213,55.58733333,0.339,1.184,0.008,47.647,1.4834,43.86420492,44.366,1,220.3050539,78,"T1","CT1-T6-H33",-2.808803596,-123.8861,35.15777,-Inf,0,6.62643516116064,44.2543089723662,0
"169","0.2-0.5","ct1_t6_h33","Copepoda<Maxillopoda",0.0319605520768792,31.9605520768792,0.754786676136084,754.786676136084,57.8905702160009,17.67494737,23.63878421,73.37931422,32.76398421,0.004,89.237,-0.021333333,0.0678,286.213,55.58733333,0.339,1.184,0.008,47.647,1.4834,43.86420492,44.366,1,220.3050539,78,"T1","CT1-T6-H33",-2.808803596,-123.8861,35.15777,3.46450239474385,1.85021458414873,6.62643516116064,43.6950310729579,0.0423438212244183
"170","0.2-0.5","ct1_t6_h33","Harpacticoida",0.00107742635875695,1.07742635875695,0.754786676136084,754.786676136084,42.0642425999009,17.67494737,23.63878421,73.37931422,32.76398421,0.004,89.237,-0.021333333,0.0678,286.213,55.58733333,0.339,1.184,0.008,47.647,1.4834,43.86420492,44.366,1,220.3050539,78,"T1","CT1-T6-H33",-2.808803596,-123.8861,35.15777,0.0745751961190564,0.0453211237382802,6.62643516116064,31.7495298561611,0.0014274581054776
"171","0.2-0.5","ct1_t6_h33","Oikopleuridae",0,0,0.754786676136084,754.786676136084,55.7268735541629,17.67494737,23.63878421,73.37931422,32.76398421,0.004,89.237,-0.021333333,0.0678,286.213,55.58733333,0.339,1.184,0.008,47.647,1.4834,43.86420492,44.366,1,220.3050539,78,"T1","CT1-T6-H33",-2.808803596,-123.8861,35.15777,-Inf,0,6.62643516116064,42.0619016614024,0
"172","0.2-0.5","ct1_t6_h33","Oithonidae",0.146547612036936,146.547612036936,0.754786676136084,754.786676136084,59.2490460787758,17.67494737,23.63878421,73.37931422,32.76398421,0.004,89.237,-0.021333333,0.0678,286.213,55.58733333,0.339,1.184,0.008,47.647,1.4834,43.86420492,44.366,1,220.3050539,78,"T1","CT1-T6-H33",-2.808803596,-123.8861,35.15777,4.98735037249624,8.68280621831099,6.62643516116064,44.7203905540328,0.194157656289251
"173","0.2-0.5","ct1_t6_h33","Ostracoda",0.0136412782911515,13.6412782911515,0.754786676136084,754.786676136084,60.5470158634937,17.67494737,23.63878421,73.37931422,32.76398421,0.004,89.237,-0.021333333,0.0678,286.213,55.58733333,0.339,1.184,0.008,47.647,1.4834,43.86420492,44.366,1,220.3050539,78,"T1","CT1-T6-H33",-2.808803596,-123.8861,35.15777,2.61310036438429,0.825938693092681,6.62643516116064,45.7000808535652,0.0180730247663938
"174","0.2-0.5","ct1_t6_h33","Poecilostomatoida",0.0182806290933082,18.2806290933082,0.754786676136084,754.786676136084,56.0856567998679,17.67494737,23.63878421,73.37931422,32.76398421,0.004,89.237,-0.021333333,0.0678,286.213,55.58733333,0.339,1.184,0.008,47.647,1.4834,43.86420492,44.366,1,220.3050539,78,"T1","CT1-T6-H33",-2.808803596,-123.8861,35.15777,2.90584197972861,1.02528108941297,6.62643516116064,42.3327064748814,0.0242195969686306
"175","0.2-0.5","ct1_t6_h33","Pteropoda",0.00624008383967949,6.24008383967949,0.754786676136084,754.786676136084,56.0856567998679,17.67494737,23.63878421,73.37931422,32.76398421,0.004,89.237,-0.021333333,0.0678,286.213,55.58733333,0.339,1.184,0.008,47.647,1.4834,43.86420492,44.366,1,220.3050539,78,"T1","CT1-T6-H33",-2.808803596,-123.8861,35.15777,1.83099361813715,0.349979200634666,6.62643516116064,42.3327064748814,0.0082673476320804
"176","0.2-0.5","ct1_t6_h33","cypris",0,0,0.754786676136084,754.786676136084,56.0856567998679,17.67494737,23.63878421,73.37931422,32.76398421,0.004,89.237,-0.021333333,0.0678,286.213,55.58733333,0.339,1.184,0.008,47.647,1.4834,43.86420492,44.366,1,220.3050539,78,"T1","CT1-T6-H33",-2.808803596,-123.8861,35.15777,-Inf,0,6.62643516116064,42.3327064748814,0
"177","0.2-0.5","ct1_t6_h33","darksphere",0,0,0.754786676136084,754.786676136084,55.3845860898695,17.67494737,23.63878421,73.37931422,32.76398421,0.004,89.237,-0.021333333,0.0678,286.213,55.58733333,0.339,1.184,0.008,47.647,1.4834,43.86420492,44.366,1,220.3050539,78,"T1","CT1-T6-H33",-2.808803596,-123.8861,35.15777,-Inf,0,6.62643516116064,41.8035476439454,0
"178","0.2-0.5","ct1_t6_h33","egg<Actinopterygii",0,0,0.754786676136084,754.786676136084,60.7594615331902,17.67494737,23.63878421,73.37931422,32.76398421,0.004,89.237,-0.021333333,0.0678,286.213,55.58733333,0.339,1.184,0.008,47.647,1.4834,43.86420492,44.366,1,220.3050539,78,"T1","CT1-T6-H33",-2.808803596,-123.8861,35.15777,-Inf,0,6.62643516116064,45.8604320144549,0
"179","0.2-0.5","ct1_t6_h33","head<Chaetognatha",0,0,0.754786676136084,754.786676136084,46.7380473332232,17.67494737,23.63878421,73.37931422,32.76398421,0.004,89.237,-0.021333333,0.0678,286.213,55.58733333,0.339,1.184,0.008,47.647,1.4834,43.86420492,44.366,1,220.3050539,78,"T1","CT1-T6-H33",-2.808803596,-123.8861,35.15777,-Inf,0,6.62643516116064,35.2772553957345,0
"180","0.2-0.5","ct1_t6_h33","multiple organisms",0,0,0.754786676136084,754.786676136084,60.7594615331902,17.67494737,23.63878421,73.37931422,32.76398421,0.004,89.237,-0.021333333,0.0678,286.213,55.58733333,0.339,1.184,0.008,47.647,1.4834,43.86420492,44.366,1,220.3050539,78,"T1","CT1-T6-H33",-2.808803596,-123.8861,35.15777,-Inf,0,6.62643516116064,45.8604320144549,0
"181","0.2-0.5","ct1_t6_h33","nauplii<Cirripedia",0,0,0.754786676136084,754.786676136084,56.0856567998679,17.67494737,23.63878421,73.37931422,32.76398421,0.004,89.237,-0.021333333,0.0678,286.213,55.58733333,0.339,1.184,0.008,47.647,1.4834,43.86420492,44.366,1,220.3050539,78,"T1","CT1-T6-H33",-2.808803596,-123.8861,35.15777,-Inf,0,6.62643516116064,42.3327064748814,0
"182","0.2-0.5","ct1_t6_h33","nauplii<Crustacea",0,0,0.754786676136084,754.786676136084,54.5277218887604,17.67494737,23.63878421,73.37931422,32.76398421,0.004,89.237,-0.021333333,0.0678,286.213,55.58733333,0.339,1.184,0.008,47.647,1.4834,43.86420492,44.366,1,220.3050539,78,"T1","CT1-T6-H33",-2.808803596,-123.8861,35.15777,-Inf,0,6.62643516116064,41.1567979616903,0
"183","0.2-0.5","ct1_t6_h33","other<living",0,0,0.754786676136084,754.786676136084,44.2927976750169,17.67494737,23.63878421,73.37931422,32.76398421,0.004,89.237,-0.021333333,0.0678,286.213,55.58733333,0.339,1.184,0.008,47.647,1.4834,43.86420492,44.366,1,220.3050539,78,"T1","CT1-T6-H33",-2.808803596,-123.8861,35.15777,-Inf,0,6.62643516116064,33.431613533894,0
"184","0.2-0.5","ct1_t6_h33","part<Crustacea",0,0,0.754786676136084,754.786676136084,56.183564950747,17.67494737,23.63878421,73.37931422,32.76398421,0.004,89.237,-0.021333333,0.0678,286.213,55.58733333,0.339,1.184,0.008,47.647,1.4834,43.86420492,44.366,1,220.3050539,78,"T1","CT1-T6-H33",-2.808803596,-123.8861,35.15777,-Inf,0,6.62643516116064,42.4066062426501,0
"185","0.2-0.5","ct1_t7_h34","Calanoida",0.68217485278037,682.17485278037,0.977922091339471,977.922091339471,117.330500619764,16.22978889,24.64262778,71.93337769,33.63152222,0.18025,5.198,4.7105,0.991344444,272.3325,44.66933333,0.55525,2.63575,0.1955,8.935,1.644233333,49.89389011,61.179,1,164.3233095,55,"T1","CT1-T7-H34",1.021747674,-123.1012,35.20463,6.52528600735903,80.0399169869345,6.88543000565461,114.740088543987,0.697575869102197
"186","0.2-0.5","ct1_t7_h34","Chaetognatha",5.65071019869964e-05,0.0565071019869964,0.977922091339471,977.922091339471,109.622607324244,16.22978889,24.64262778,71.93337769,33.63152222,0.18025,5.198,4.7105,0.991344444,272.3325,44.66933333,0.55525,2.63575,0.1955,8.935,1.644233333,49.89389011,61.179,1,164.3233095,55,"T1","CT1-T7-H34",1.021747674,-123.1012,35.20463,-2.87338894984429,0.0061944558521515,6.88543000565461,107.20236941261,5.77828259402526e-05
"187","0.2-0.5","ct1_t7_h34","Cladocera",0,0,0.977922091339471,977.922091339471,47.0862205956483,16.22978889,24.64262778,71.93337769,33.63152222,0.18025,5.198,4.7105,0.991344444,272.3325,44.66933333,0.55525,2.63575,0.1955,8.935,1.644233333,49.89389011,61.179,1,164.3233095,55,"T1","CT1-T7-H34",1.021747674,-123.1012,35.20463,-Inf,0,6.88543000565461,46.0466553181681,0
"188","0.2-0.5","ct1_t7_h34","Copepoda<Maxillopoda",0.0742255850529972,74.2255850529972,0.977922091339471,977.922091339471,99.2038316984929,16.22978889,24.64262778,71.93337769,33.63152222,0.18025,5.198,4.7105,0.991344444,272.3325,44.66933333,0.55525,2.63575,0.1955,8.935,1.644233333,49.89389011,61.179,1,164.3233095,55,"T1","CT1-T7-H34",1.021747674,-123.1012,35.20463,4.30710890277433,7.3634624473197,6.88543000565461,97.0136185634791,0.0759013276316619
"189","0.2-0.5","ct1_t7_h34","Harpacticoida",0.00416984635192648,4.16984635192649,0.977922091339471,977.922091339471,154.992142794009,16.22978889,24.64262778,71.93337769,33.63152222,0.18025,5.198,4.7105,0.991344444,272.3325,44.66933333,0.55525,2.63575,0.1955,8.935,1.644233333,49.89389011,61.179,1,164.3233095,55,"T1","CT1-T7-H34",1.021747674,-123.1012,35.20463,1.42787918907108,0.646293421206867,6.88543000565461,151.570240422303,0.00426398625090369
"190","0.2-0.5","ct1_t7_h34","Oikopleuridae",0,0,0.977922091339471,977.922091339471,93.3316158235172,16.22978889,24.64262778,71.93337769,33.63152222,0.18025,5.198,4.7105,0.991344444,272.3325,44.66933333,0.55525,2.63575,0.1955,8.935,1.644233333,49.89389011,61.179,1,164.3233095,55,"T1","CT1-T7-H34",1.021747674,-123.1012,35.20463,-Inf,0,6.88543000565461,91.271048934226,0
"191","0.2-0.5","ct1_t7_h34","Oithonidae",0.183576821298912,183.576821298912,0.977922091339471,977.922091339471,84.3569901620851,16.22978889,24.64262778,71.93337769,33.63152222,0.18025,5.198,4.7105,0.991344444,272.3325,44.66933333,0.55525,2.63575,0.1955,8.935,1.644233333,49.89389011,61.179,1,164.3233095,55,"T1","CT1-T7-H34",1.021747674,-123.1012,35.20463,5.21263322456811,15.4859881082991,6.88543000565461,82.4945642384094,0.187721315352908
"192","0.2-0.5","ct1_t7_h34","Ostracoda",0.00898017472387127,8.98017472387127,0.977922091339471,977.922091339471,92.7009967976826,16.22978889,24.64262778,71.93337769,33.63152222,0.18025,5.198,4.7105,0.991344444,272.3325,44.66933333,0.55525,2.63575,0.1955,8.935,1.644233333,49.89389011,61.179,1,164.3233095,55,"T1","CT1-T7-H34",1.021747674,-123.1012,35.20463,2.19501933912608,0.83247114832022,6.88543000565461,90.6543526576433,0.00918291426627966
"193","0.2-0.5","ct1_t7_h34","Poecilostomatoida",0.0247383040294074,24.7383040294074,0.977922091339471,977.922091339471,83.0548613284352,16.22978889,24.64262778,71.93337769,33.63152222,0.18025,5.198,4.7105,0.991344444,272.3325,44.66933333,0.55525,2.63575,0.1955,8.935,1.644233333,49.89389011,61.179,1,164.3233095,55,"T1","CT1-T7-H34",1.021747674,-123.1012,35.20463,3.20835281285253,2.0546364106631,6.88543000565461,81.2211836862131,0.0252968045701095
"194","0.2-0.5","ct1_t7_h34","Tomopteridae",0,0,0.977922091339471,977.922091339471,23.5431102978242,16.22978889,24.64262778,71.93337769,33.63152222,0.18025,5.198,4.7105,0.991344444,272.3325,44.66933333,0.55525,2.63575,0.1955,8.935,1.644233333,49.89389011,61.179,1,164.3233095,55,"T1","CT1-T7-H34",1.021747674,-123.1012,35.20463,-Inf,0,6.88543000565461,23.023327659084,0
"195","0.2-0.5","ct1_t7_h34","darksphere",0,0,0.977922091339471,977.922091339471,97.77985325306,16.22978889,24.64262778,71.93337769,33.63152222,0.18025,5.198,4.7105,0.991344444,272.3325,44.66933333,0.55525,2.63575,0.1955,8.935,1.644233333,49.89389011,61.179,1,164.3233095,55,"T1","CT1-T7-H34",1.021747674,-123.1012,35.20463,-Inf,0,6.88543000565461,95.621078584099,0
"196","0.2-0.5","ct1_t7_h34","egg<Actinopterygii",0,0,0.977922091339471,977.922091339471,47.0862205956483,16.22978889,24.64262778,71.93337769,33.63152222,0.18025,5.198,4.7105,0.991344444,272.3325,44.66933333,0.55525,2.63575,0.1955,8.935,1.644233333,49.89389011,61.179,1,164.3233095,55,"T1","CT1-T7-H34",1.021747674,-123.1012,35.20463,-Inf,0,6.88543000565461,46.0466553181681,0
"197","0.2-0.5","ct1_t7_h34","multiple organisms",0,0,0.977922091339471,977.922091339471,104.963033411133,16.22978889,24.64262778,71.93337769,33.63152222,0.18025,5.198,4.7105,0.991344444,272.3325,44.66933333,0.55525,2.63575,0.1955,8.935,1.644233333,49.89389011,61.179,1,164.3233095,55,"T1","CT1-T7-H34",1.021747674,-123.1012,35.20463,-Inf,0,6.88543000565461,102.64566914675,0
"198","0.2-0.5","ct1_t7_h34","nauplii<Crustacea",0,0,0.977922091339471,977.922091339471,47.0862205956483,16.22978889,24.64262778,71.93337769,33.63152222,0.18025,5.198,4.7105,0.991344444,272.3325,44.66933333,0.55525,2.63575,0.1955,8.935,1.644233333,49.89389011,61.179,1,164.3233095,55,"T1","CT1-T7-H34",1.021747674,-123.1012,35.20463,-Inf,0,6.88543000565461,46.0466553181681,0
"199","0.2-0.5","ct1_t7_h34","other<living",0,0,0.977922091339471,977.922091339471,106.711706458616,16.22978889,24.64262778,71.93337769,33.63152222,0.18025,5.198,4.7105,0.991344444,272.3325,44.66933333,0.55525,2.63575,0.1955,8.935,1.644233333,49.89389011,61.179,1,164.3233095,55,"T1","CT1-T7-H34",1.021747674,-123.1012,35.20463,-Inf,0,6.88543000565461,104.355735150413,0
"200","0.2-0.5","ct1_t7_h34","part<Crustacea",0,0,0.977922091339471,977.922091339471,103.852996412441,16.22978889,24.64262778,71.93337769,33.63152222,0.18025,5.198,4.7105,0.991344444,272.3325,44.66933333,0.55525,2.63575,0.1955,8.935,1.644233333,49.89389011,61.179,1,164.3233095,55,"T1","CT1-T7-H34",1.021747674,-123.1012,35.20463,-Inf,0,6.88543000565461,101.560139443525,0
"201","0.2-0.5","ct1_t8_h35","Calanoida",0.151033176925054,151.033176925054,0.238191100378154,238.191100378154,61.9837497007883,16.601525,24.4496125,62.516375,33.49135,0.13575,34.766,1.831,1.00973125,211.846,24.81766667,0.41225,2.2655,0.52375,19.854,1.631833333,30.76237143,8.3863,0,119.4843272,10,"T1","CT1-T8-H35",1.240985634,-122.3004,35.1785,5.01749952741663,9.3616026350374,5.47307329425074,14.7639775467948,0.634084047159077
"202","0.2-0.5","ct1_t8_h35","Chaetognatha",6.19286366116467e-05,0.0619286366116467,0.238191100378154,238.191100378154,65.6298526243641,16.601525,24.4496125,62.516375,33.49135,0.13575,34.766,1.831,1.00973125,211.846,24.81766667,0.41225,2.2655,0.52375,19.854,1.631833333,30.76237143,8.3863,0,119.4843272,10,"T1","CT1-T8-H35",1.240985634,-122.3004,35.1785,-2.78177257926487,0.00406436729405017,5.47307329425074,15.6324468142534,0.000259995593929951
"203","0.2-0.5","ct1_t8_h35","Copepoda<Maxillopoda",0.0169590632924025,16.9590632924025,0.238191100378154,238.191100378154,65.0689137130448,16.601525,24.4496125,62.516375,33.49135,0.13575,34.766,1.831,1.00973125,211.846,24.81766667,0.41225,2.2655,0.52375,19.854,1.631833333,30.76237143,8.3863,0,119.4843272,10,"T1","CT1-T8-H35",1.240985634,-122.3004,35.1785,2.83080239843771,1.1035078260274,5.47307329425074,15.4988361577213,0.0711993994128169
"204","0.2-0.5","ct1_t8_h35","Harpacticoida",0.00179038224159315,1.79038224159315,0.238191100378154,238.191100378154,72.9220584715157,16.601525,24.4496125,62.516375,33.49135,0.13575,34.766,1.831,1.00973125,211.846,24.81766667,0.41225,2.2655,0.52375,19.854,1.631833333,30.76237143,8.3863,0,119.4843272,10,"T1","CT1-T8-H35",1.240985634,-122.3004,35.1785,0.582429139845115,0.130558358507819,5.47307329425074,17.3693853491704,0.00751657907768479
"205","0.2-0.5","ct1_t8_h35","Oikopleuridae",0,0,0.238191100378154,238.191100378154,67.0882937937944,16.601525,24.4496125,62.516375,33.49135,0.13575,34.766,1.831,1.00973125,211.846,24.81766667,0.41225,2.2655,0.52375,19.854,1.631833333,30.76237143,8.3863,0,119.4843272,10,"T1","CT1-T8-H35",1.240985634,-122.3004,35.1785,-Inf,0,5.47307329425074,15.9798345212368,0
"206","0.2-0.5","ct1_t8_h35","Oithonidae",0.0533537083096537,53.3537083096537,0.238191100378154,238.191100378154,62.0165974748746,16.601525,24.4496125,62.516375,33.49135,0.13575,34.766,1.831,1.00973125,211.846,24.81766667,0.41225,2.2655,0.52375,19.854,1.631833333,30.76237143,8.3863,0,119.4843272,10,"T1","CT1-T8-H35",1.240985634,-122.3004,35.1785,3.97694348441654,3.30881545203167,5.47307329425074,14.7718015942494,0.223995389521057
"207","0.2-0.5","ct1_t8_h35","Ostracoda",0.00622532074301408,6.22532074301408,0.238191100378154,238.191100378154,64.8196075302362,16.601525,24.4496125,62.516375,33.49135,0.13575,34.766,1.831,1.00973125,211.846,24.81766667,0.41225,2.2655,0.52375,19.854,1.631833333,30.76237143,8.3863,0,119.4843272,10,"T1","CT1-T8-H35",1.240985634,-122.3004,35.1785,1.82862496600559,0.403522847312011,5.47307329425074,15.439453643707,0.02613582427358
"208","0.2-0.5","ct1_t8_h35","Poecilostomatoida",0.00876752022982509,8.76752022982508,0.238191100378154,238.191100378154,58.3376467772125,16.601525,24.4496125,62.516375,33.49135,0.13575,34.766,1.831,1.00973125,211.846,24.81766667,0.41225,2.2655,0.52375,19.854,1.631833333,30.76237143,8.3863,0,119.4843272,10,"T1","CT1-T8-H35",1.240985634,-122.3004,35.1785,2.17105401039481,0.511476498279601,5.47307329425074,13.8955082793363,0.036808764961855
"209","0.2-0.5","ct1_t8_h35","darksphere",0,0,0.238191100378154,238.191100378154,65.6298526243641,16.601525,24.4496125,62.516375,33.49135,0.13575,34.766,1.831,1.00973125,211.846,24.81766667,0.41225,2.2655,0.52375,19.854,1.631833333,30.76237143,8.3863,0,119.4843272,10,"T1","CT1-T8-H35",1.240985634,-122.3004,35.1785,-Inf,0,5.47307329425074,15.6324468142534,0
"210","0.2-0.5","ct1_t8_h35","multiple organisms",0,0,0.238191100378154,238.191100378154,63.1991173419803,16.601525,24.4496125,62.516375,33.49135,0.13575,34.766,1.831,1.00973125,211.846,24.81766667,0.41225,2.2655,0.52375,19.854,1.631833333,30.76237143,8.3863,0,119.4843272,10,"T1","CT1-T8-H35",1.240985634,-122.3004,35.1785,-Inf,0,5.47307329425074,15.0534673026143,0
"211","0.2-0.5","ct1_t8_h35","nauplii<Crustacea",0,0,0.238191100378154,238.191100378154,58.3376467772125,16.601525,24.4496125,62.516375,33.49135,0.13575,34.766,1.831,1.00973125,211.846,24.81766667,0.41225,2.2655,0.52375,19.854,1.631833333,30.76237143,8.3863,0,119.4843272,10,"T1","CT1-T8-H35",1.240985634,-122.3004,35.1785,-Inf,0,5.47307329425074,13.8955082793363,0
"212","0.2-0.5","ct1_t8_h35","other<living",0,0,0.238191100378154,238.191100378154,65.6298526243641,16.601525,24.4496125,62.516375,33.49135,0.13575,34.766,1.831,1.00973125,211.846,24.81766667,0.41225,2.2655,0.52375,19.854,1.631833333,30.76237143,8.3863,0,119.4843272,10,"T1","CT1-T8-H35",1.240985634,-122.3004,35.1785,-Inf,0,5.47307329425074,15.6324468142534,0
"213","0.2-0.5","ct1_t8_h35","part<Crustacea",0,0,0.238191100378154,238.191100378154,68.63252562025,16.601525,24.4496125,62.516375,33.49135,0.13575,34.766,1.831,1.00973125,211.846,24.81766667,0.41225,2.2655,0.52375,19.854,1.631833333,30.76237143,8.3863,0,119.4843272,10,"T1","CT1-T8-H35",1.240985634,-122.3004,35.1785,-Inf,0,5.47307329425074,16.3476567992192,0
"214","0.2-0.5","ct2_t1_h36","Calanoida",0.134926887101711,134.926887101711,0.170858780070834,170.858780070834,503.42355618215,15.831225,24.523775,70.634,33.3592625,0.188328994,24.13100104,6.475130769,2.00485,144.391,19.85366667,0.649509372,5.675964988,0.23236203,17.868,2.443066667,23.89114571,68.88,1,395.8283457,60,"T2","CT2-T1-H36",2.177361041,-121.6069,35.56327,4.90473305470826,67.9253733293305,5.14083736776373,86.0143346682031,0.789698293794284
"215","0.2-0.5","ct2_t1_h36","Chaetognatha",5.83076219339274e-05,0.0583076219339274,0.170858780070834,170.858780070834,463.122804519803,15.831225,24.523775,70.634,33.3592625,0.188328994,24.13100104,6.475130769,2.00485,144.391,19.85366667,0.649509372,5.675964988,0.23236203,17.868,2.443066667,23.89114571,68.88,1,395.8283457,60,"T2","CT2-T1-H36",2.177361041,-121.6069,35.56327,-2.84202245773995,0.0270035893949208,5.14083736776373,79.1285974032369,0.000341262075672988
"216","0.2-0.5","ct2_t1_h36","Copepoda<Maxillopoda",0.00498785275945322,4.98785275945322,0.170858780070834,170.858780070834,529.283205165489,15.831225,24.523775,70.634,33.3592625,0.188328994,24.13100104,6.475130769,2.00485,144.391,19.85366667,0.649509372,5.675964988,0.23236203,17.868,2.443066667,23.89114571,68.88,1,395.8283457,60,"T2","CT2-T1-H36",2.177361041,-121.6069,35.56327,1.60700550842725,2.63998669541693,5.14083736776373,90.4326827465565,0.0291928384212118
"217","0.2-0.5","ct2_t1_h36","Oikopleuridae",0,0,0.170858780070834,170.858780070834,432.799287557197,15.831225,24.523775,70.634,33.3592625,0.188328994,24.13100104,6.475130769,2.00485,144.391,19.85366667,0.649509372,5.675964988,0.23236203,17.868,2.443066667,23.89114571,68.88,1,395.8283457,60,"T2","CT2-T1-H36",2.177361041,-121.6069,35.56327,-Inf,0,5.14083736776373,73.9475582875488,0
"218","0.2-0.5","ct2_t1_h36","Oithonidae",0.0302337351750739,30.2337351750739,0.170858780070834,170.858780070834,503.068706796443,15.831225,24.523775,70.634,33.3592625,0.188328994,24.13100104,6.475130769,2.00485,144.391,19.85366667,0.649509372,5.675964988,0.23236203,17.868,2.443066667,23.89114571,68.88,1,395.8283457,60,"T2","CT2-T1-H36",2.177361041,-121.6069,35.56327,3.40895835971219,15.2096460561506,5.14083736776373,85.9537055350525,0.176951603906687
"219","0.2-0.5","ct2_t1_h36","Ostracoda",0.000651997412662552,0.651997412662552,0.170858780070834,170.858780070834,529.283205165489,15.831225,24.523775,70.634,33.3592625,0.188328994,24.13100104,6.475130769,2.00485,144.391,19.85366667,0.649509372,5.675964988,0.23236203,17.868,2.443066667,23.89114571,68.88,1,395.8283457,60,"T2","CT2-T1-H36",2.177361041,-121.6069,35.56327,-0.427714685372328,0.345091280333641,5.14083736776373,90.4326827465565,0.00381600180214472
"220","0.2-0.5","ct2_t1_h36","darksphere",0,0,0.170858780070834,170.858780070834,529.283205165489,15.831225,24.523775,70.634,33.3592625,0.188328994,24.13100104,6.475130769,2.00485,144.391,19.85366667,0.649509372,5.675964988,0.23236203,17.868,2.443066667,23.89114571,68.88,1,395.8283457,60,"T2","CT2-T1-H36",2.177361041,-121.6069,35.56327,-Inf,0,5.14083736776373,90.4326827465565,0
"221","0.2-0.5","ct2_t1_h36","multiple organisms",0,0,0.170858780070834,170.858780070834,529.283205165489,15.831225,24.523775,70.634,33.3592625,0.188328994,24.13100104,6.475130769,2.00485,144.391,19.85366667,0.649509372,5.675964988,0.23236203,17.868,2.443066667,23.89114571,68.88,1,395.8283457,60,"T2","CT2-T1-H36",2.177361041,-121.6069,35.56327,-Inf,0,5.14083736776373,90.4326827465565,0
"222","0.2-0.5","ct2_t1_h36","nauplii<Crustacea",0,0,0.170858780070834,170.858780070834,529.283205165489,15.831225,24.523775,70.634,33.3592625,0.188328994,24.13100104,6.475130769,2.00485,144.391,19.85366667,0.649509372,5.675964988,0.23236203,17.868,2.443066667,23.89114571,68.88,1,395.8283457,60,"T2","CT2-T1-H36",2.177361041,-121.6069,35.56327,-Inf,0,5.14083736776373,90.4326827465565,0
"223","0.2-0.5","ct2_t1_h36","other<living",0,0,0.170858780070834,170.858780070834,529.283205165489,15.831225,24.523775,70.634,33.3592625,0.188328994,24.13100104,6.475130769,2.00485,144.391,19.85366667,0.649509372,5.675964988,0.23236203,17.868,2.443066667,23.89114571,68.88,1,395.8283457,60,"T2","CT2-T1-H36",2.177361041,-121.6069,35.56327,-Inf,0,5.14083736776373,90.4326827465565,0
"224","0.2-0.5","ct2_t1_h36","part<Crustacea",0,0,0.170858780070834,170.858780070834,490.689638122172,15.831225,24.523775,70.634,33.3592625,0.188328994,24.13100104,6.475130769,2.00485,144.391,19.85366667,0.649509372,5.675964988,0.23236203,17.868,2.443066667,23.89114571,68.88,1,395.8283457,60,"T2","CT2-T1-H36",2.177361041,-121.6069,35.56327,-Inf,0,5.14083736776373,83.8386329629534,0
"225","0.2-0.5","ct2_t4_h39","Calanoida",0.205331153882361,205.331153882361,0.312094000903436,312.094000903436,215.297292594035,16.11135,24.6348375,81.589375,33.58603125,0.180388032,26.97258367,6.151914118,1.3498,244.565,19.854,0.633395467,5.435990441,0.222955797,13.898,2.579066667,32.90561905,46.21,1,41.86359276,45,"T2","CT2-T4-H39",1.910761547,-121.2592,35.13105,5.3246240605998,44.2072415160816,5.7433044273792,67.1929934293502,0.657914452978839
"226","0.2-0.5","ct2_t4_h39","Chaetognatha",2.35336928464919e-05,0.0235336928464919,0.312094000903436,312.094000903436,255.57191886792,16.11135,24.6348375,81.589375,33.58603125,0.180388032,26.97258367,6.151914118,1.3498,244.565,19.854,0.633395467,5.435990441,0.222955797,13.898,2.579066667,32.90561905,46.21,1,41.86359276,45,"T2","CT2-T4-H39",1.910761547,-121.2592,35.13105,-3.74932214650463,0.00601455103882618,5.7433044273792,79.7624626780573,7.54057840854603e-05
"227","0.2-0.5","ct2_t4_h39","Cladocera",0,0,0.312094000903436,312.094000903436,280.848262492219,16.11135,24.6348375,81.589375,33.58603125,0.180388032,26.97258367,6.151914118,1.3498,244.565,19.854,0.633395467,5.435990441,0.222955797,13.898,2.579066667,32.90561905,46.21,1,41.86359276,45,"T2","CT2-T4-H39",1.910761547,-121.2592,35.13105,-Inf,0,5.7433044273792,87.6510578879751,0
"228","0.2-0.5","ct2_t4_h39","Copepoda<Maxillopoda",0.0197762174857775,19.7762174857775,0.312094000903436,312.094000903436,212.742558837856,16.11135,24.6348375,81.589375,33.58603125,0.180388032,26.97258367,6.151914118,1.3498,244.565,19.854,0.633395467,5.435990441,0.222955797,13.898,2.579066667,32.90561905,46.21,1,41.86359276,45,"T2","CT2-T4-H39",1.910761547,-121.2592,35.13105,2.98448007867524,4.20724311205825,5.7433044273792,66.3956763501411,0.0633662211658351
"229","0.2-0.5","ct2_t4_h39","Harpacticoida",0.00272404051812771,2.72404051812771,0.312094000903436,312.094000903436,255.57191886792,16.11135,24.6348375,81.589375,33.58603125,0.180388032,26.97258367,6.151914118,1.3498,244.565,19.854,0.633395467,5.435990441,0.222955797,13.898,2.579066667,32.90561905,46.21,1,41.86359276,45,"T2","CT2-T4-H39",1.910761547,-121.2592,35.13105,1.00211626267286,0.69618826229186,5.7433044273792,79.7624626780573,0.00872826940038026
"230","0.2-0.5","ct2_t4_h39","Oikopleuridae",0,0,0.312094000903436,312.094000903436,198.700145713245,16.11135,24.6348375,81.589375,33.58603125,0.180388032,26.97258367,6.151914118,1.3498,244.565,19.854,0.633395467,5.435990441,0.222955797,13.898,2.579066667,32.90561905,46.21,1,41.86359276,45,"T2","CT2-T4-H39",1.910761547,-121.2592,35.13105,-Inf,0,5.7433044273792,62.0131234557424,0
"231","0.2-0.5","ct2_t4_h39","Oithonidae",0.0753847745437779,75.3847745437779,0.312094000903436,312.094000903436,218.043805403355,16.11135,24.6348375,81.589375,33.58603125,0.180388032,26.97258367,6.151914118,1.3498,244.565,19.854,0.633395467,5.435990441,0.222955797,13.898,2.579066667,32.90561905,46.21,1,41.86359276,45,"T2","CT2-T4-H39",1.910761547,-121.2592,35.13105,4.32260532549587,16.4371831109993,5.7433044273792,68.0501636005434,0.241545093226904
"232","0.2-0.5","ct2_t4_h39","Ostracoda",0.000850208272045773,0.850208272045773,0.312094000903436,312.094000903436,280.848262492219,16.11135,24.6348375,81.589375,33.58603125,0.180388032,26.97258367,6.151914118,1.3498,244.565,19.854,0.633395467,5.435990441,0.222955797,13.898,2.579066667,32.90561905,46.21,1,41.86359276,45,"T2","CT2-T4-H39",1.910761547,-121.2592,35.13105,-0.162273933575523,0.238779515960568,5.7433044273792,87.6510578879751,0.00272420575078223
"233","0.2-0.5","ct2_t4_h39","Poecilostomatoida",0.0068908914161543,6.8908914161543,0.312094000903436,312.094000903436,205.01923161932,16.11135,24.6348375,81.589375,33.58603125,0.180388032,26.97258367,6.151914118,1.3498,244.565,19.854,0.633395467,5.435990441,0.222955797,13.898,2.579066667,32.90561905,46.21,1,41.86359276,45,"T2","CT2-T4-H39",1.910761547,-121.2592,35.13105,1.93020045490864,1.41276526331212,5.7433044273792,63.9852722582218,0.0220795382038964
"234","0.2-0.5","ct2_t4_h39","Pteropoda",0.00111318109234497,1.11318109234497,0.312094000903436,312.094000903436,179.74288799502,16.11135,24.6348375,81.589375,33.58603125,0.180388032,26.97258367,6.151914118,1.3498,244.565,19.854,0.633395467,5.435990441,0.222955797,13.898,2.579066667,32.90561905,46.21,1,41.86359276,45,"T2","CT2-T4-H39",1.910761547,-121.2592,35.13105,0.10722176556755,0.200086384399537,5.7433044273792,56.0966770483041,0.00356681348927755
"235","0.2-0.5","ct2_t4_h39","darksphere",0,0,0.312094000903436,312.094000903436,212.241044083406,16.11135,24.6348375,81.589375,33.58603125,0.180388032,26.97258367,6.151914118,1.3498,244.565,19.854,0.633395467,5.435990441,0.222955797,13.898,2.579066667,32.90561905,46.21,1,41.86359276,45,"T2","CT2-T4-H39",1.910761547,-121.2592,35.13105,-Inf,0,5.7433044273792,66.2391566039126,0
"236","0.2-0.5","ct2_t4_h39","head<Chaetognatha",0,0,0.312094000903436,312.094000903436,179.74288799502,16.11135,24.6348375,81.589375,33.58603125,0.180388032,26.97258367,6.151914118,1.3498,244.565,19.854,0.633395467,5.435990441,0.222955797,13.898,2.579066667,32.90561905,46.21,1,41.86359276,45,"T2","CT2-T4-H39",1.910761547,-121.2592,35.13105,-Inf,0,5.7433044273792,56.0966770483041,0
"237","0.2-0.5","ct2_t4_h39","multiple organisms",0,0,0.312094000903436,312.094000903436,183.487531494917,16.11135,24.6348375,81.589375,33.58603125,0.180388032,26.97258367,6.151914118,1.3498,244.565,19.854,0.633395467,5.435990441,0.222955797,13.898,2.579066667,32.90561905,46.21,1,41.86359276,45,"T2","CT2-T4-H39",1.910761547,-121.2592,35.13105,-Inf,0,5.7433044273792,57.2653578201437,0
"238","0.2-0.5","ct2_t4_h39","nauplii<Cirripedia",0,0,0.312094000903436,312.094000903436,280.848262492219,16.11135,24.6348375,81.589375,33.58603125,0.180388032,26.97258367,6.151914118,1.3498,244.565,19.854,0.633395467,5.435990441,0.222955797,13.898,2.579066667,32.90561905,46.21,1,41.86359276,45,"T2","CT2-T4-H39",1.910761547,-121.2592,35.13105,-Inf,0,5.7433044273792,87.6510578879751,0
"239","0.2-0.5","ct2_t4_h39","nauplii<Crustacea",0,0,0.312094000903436,312.094000903436,179.74288799502,16.11135,24.6348375,81.589375,33.58603125,0.180388032,26.97258367,6.151914118,1.3498,244.565,19.854,0.633395467,5.435990441,0.222955797,13.898,2.579066667,32.90561905,46.21,1,41.86359276,45,"T2","CT2-T4-H39",1.910761547,-121.2592,35.13105,-Inf,0,5.7433044273792,56.0966770483041,0
"240","0.2-0.5","ct2_t4_h39","other<living",0,0,0.312094000903436,312.094000903436,220.53979349389,16.11135,24.6348375,81.589375,33.58603125,0.180388032,26.97258367,6.151914118,1.3498,244.565,19.854,0.633395467,5.435990441,0.222955797,13.898,2.579066667,32.90561905,46.21,1,41.86359276,45,"T2","CT2-T4-H39",1.910761547,-121.2592,35.13105,-Inf,0,5.7433044273792,68.8291465099257,0
"241","0.2-0.5","ct2_t4_h39","part<Crustacea",0,0,0.312094000903436,312.094000903436,183.153188325283,16.11135,24.6348375,81.589375,33.58603125,0.180388032,26.97258367,6.151914118,1.3498,244.565,19.854,0.633395467,5.435990441,0.222955797,13.898,2.579066667,32.90561905,46.21,1,41.86359276,45,"T2","CT2-T4-H39",1.910761547,-121.2592,35.13105,-Inf,0,5.7433044273792,57.1610113226581,0
"242","0.2-0.5","ct2_t8_h43","Calanoida",0.129359294607309,129.359294607309,0.227889499030683,227.889499030683,270.040995295912,15.68699375,25.07190625,77.0835625,34.03350625,0.211496484,5.491,7.418104457,1.07124375,161.261,14.891,0.696521147,6.376082642,0.259804398,9.927,1.530533333,40.83314211,43.725,1,52.40822911,47,"T2","CT2-T8-H43",2.955154777,-120.8298,34.54325,4.8625937623111,34.9323126665349,5.42886085809784,61.5395071357326,0.567640436077715
"243","0.2-0.5","ct2_t8_h43","Chaetognatha",0.000109732847344868,0.109732847344868,0.227889499030683,227.889499030683,204.170885745871,15.68699375,25.07190625,77.0835625,34.03350625,0.211496484,5.491,7.418104457,1.07124375,161.261,14.891,0.696521147,6.376082642,0.259804398,9.927,1.530533333,40.83314211,43.725,1,52.40822911,47,"T2","CT2-T8-H43",2.955154777,-120.8298,34.54325,-2.20970652767061,0.0224042526378182,5.42886085809784,46.5284008692774,0.000481517787399645
"244","0.2-0.5","ct2_t8_h43","Cladocera",0,0,0.227889499030683,227.889499030683,230.254390973317,15.68699375,25.07190625,77.0835625,34.03350625,0.211496484,5.491,7.418104457,1.07124375,161.261,14.891,0.696521147,6.376082642,0.259804398,9.927,1.530533333,40.83314211,43.725,1,52.40822911,47,"T2","CT2-T8-H43",2.955154777,-120.8298,34.54325,-Inf,0,5.42886085809784,52.4725578085243,0
"245","0.2-0.5","ct2_t8_h43","Copepoda<Maxillopoda",0.0137926190098184,13.7926190098184,0.227889499030683,227.889499030683,222.716300792643,15.68699375,25.07190625,77.0835625,34.03350625,0.211496484,5.491,7.418104457,1.07124375,161.261,14.891,0.696521147,6.376082642,0.259804398,9.927,1.530533333,40.83314211,43.725,1,52.40822911,47,"T2","CT2-T8-H43",2.955154777,-120.8298,34.54325,2.62413359471656,3.07184108410904,5.42886085809784,50.7547062136024,0.0605232758353703
"246","0.2-0.5","ct2_t8_h43","Harpacticoida",0.00280268166200814,2.80268166200814,0.227889499030683,227.889499030683,333.86886691131,15.68699375,25.07190625,77.0835625,34.03350625,0.211496484,5.491,7.418104457,1.07124375,161.261,14.891,0.696521147,6.376082642,0.259804398,9.927,1.530533333,40.83314211,43.725,1,52.40822911,47,"T2","CT2-T8-H43",2.955154777,-120.8298,34.54325,1.03057669527572,0.935728150807764,5.42886085809784,76.0852088223603,0.0122984239025019
"247","0.2-0.5","ct2_t8_h43","Oikopleuridae",0,0,0.227889499030683,227.889499030683,244.645290409149,15.68699375,25.07190625,77.0835625,34.03350625,0.211496484,5.491,7.418104457,1.07124375,161.261,14.891,0.696521147,6.376082642,0.259804398,9.927,1.530533333,40.83314211,43.725,1,52.40822911,47,"T2","CT2-T8-H43",2.955154777,-120.8298,34.54325,-Inf,0,5.42886085809784,55.7520926715571,0
"248","0.2-0.5","ct2_t8_h43","Oithonidae",0.0647973269899929,64.7973269899929,0.227889499030683,227.889499030683,267.057346907577,15.68699375,25.07190625,77.0835625,34.03350625,0.211496484,5.491,7.418104457,1.07124375,161.261,14.891,0.696521147,6.376082642,0.259804398,9.927,1.530533333,40.83314211,43.725,1,52.40822911,47,"T2","CT2-T8-H43",2.955154777,-120.8298,34.54325,4.17126435235299,17.3046022326502,5.42886085809784,60.8595649992311,0.284336607283816
"249","0.2-0.5","ct2_t8_h43","Ostracoda",0.00444771547477986,4.44771547477986,0.227889499030683,227.889499030683,205.584277654747,15.68699375,25.07190625,77.0835625,34.03350625,0.211496484,5.491,7.418104457,1.07124375,161.261,14.891,0.696521147,6.376082642,0.259804398,9.927,1.530533333,40.83314211,43.725,1,52.40822911,47,"T2","CT2-T8-H43",2.955154777,-120.8298,34.54325,1.49239058790137,0.914380373096458,5.42886085809784,46.8504980433253,0.0195169829838496
"250","0.2-0.5","ct2_t8_h43","Poecilostomatoida",0.0117095546622863,11.7095546622863,0.227889499030683,227.889499030683,246.859274937739,15.68699375,25.07190625,77.0835625,34.03350625,0.211496484,5.491,7.418104457,1.07124375,161.261,14.891,0.696521147,6.376082642,0.259804398,9.927,1.530533333,40.83314211,43.725,1,52.40822911,47,"T2","CT2-T8-H43",2.955154777,-120.8298,34.54325,2.46040514633874,2.89061217377583,5.42886085809784,56.256636496639,0.0513825986370252
"251","0.2-0.5","ct2_t8_h43","Pteropoda",0.000870573777143753,0.870573777143753,0.227889499030683,227.889499030683,230.254390973317,15.68699375,25.07190625,77.0835625,34.03350625,0.211496484,5.491,7.418104457,1.07124375,161.261,14.891,0.696521147,6.376082642,0.259804398,9.927,1.530533333,40.83314211,43.725,1,52.40822911,47,"T2","CT2-T8-H43",2.955154777,-120.8298,34.54325,-0.138602770758928,0.200453434853575,5.42886085809784,52.4725578085243,0.00382015749232279
"252","0.2-0.5","ct2_t8_h43","darksphere",0,0,0.227889499030683,227.889499030683,236.650346278131,15.68699375,25.07190625,77.0835625,34.03350625,0.211496484,5.491,7.418104457,1.07124375,161.261,14.891,0.696521147,6.376082642,0.259804398,9.927,1.530533333,40.83314211,43.725,1,52.40822911,47,"T2","CT2-T8-H43",2.955154777,-120.8298,34.54325,-Inf,0,5.42886085809784,53.9301288587611,0
"253","0.2-0.5","ct2_t8_h43","multiple organisms",0,0,0.227889499030683,227.889499030683,260.143182109276,15.68699375,25.07190625,77.0835625,34.03350625,0.211496484,5.491,7.418104457,1.07124375,161.261,14.891,0.696521147,6.376082642,0.259804398,9.927,1.530533333,40.83314211,43.725,1,52.40822911,47,"T2","CT2-T8-H43",2.955154777,-120.8298,34.54325,-Inf,0,5.42886085809784,59.2838994471308,0
"254","0.2-0.5","ct2_t8_h43","nauplii<Crustacea",0,0,0.227889499030683,227.889499030683,248.432369208053,15.68699375,25.07190625,77.0835625,34.03350625,0.211496484,5.491,7.418104457,1.07124375,161.261,14.891,0.696521147,6.376082642,0.259804398,9.927,1.530533333,40.83314211,43.725,1,52.40822911,47,"T2","CT2-T8-H43",2.955154777,-120.8298,34.54325,-Inf,0,5.42886085809784,56.6151281618289,0
"255","0.2-0.5","ct2_t8_h43","other<living",0,0,0.227889499030683,227.889499030683,254.380310615742,15.68699375,25.07190625,77.0835625,34.03350625,0.211496484,5.491,7.418104457,1.07124375,161.261,14.891,0.696521147,6.376082642,0.259804398,9.927,1.530533333,40.83314211,43.725,1,52.40822911,47,"T2","CT2-T8-H43",2.955154777,-120.8298,34.54325,-Inf,0,5.42886085809784,57.970601549491,0
"256","0.2-0.5","ct2_t8_h43","part<Crustacea",0,0,0.227889499030683,227.889499030683,220.029278216278,15.68699375,25.07190625,77.0835625,34.03350625,0.211496484,5.491,7.418104457,1.07124375,161.261,14.891,0.696521147,6.376082642,0.259804398,9.927,1.530533333,40.83314211,43.725,1,52.40822911,47,"T2","CT2-T8-H43",2.955154777,-120.8298,34.54325,-Inf,0,5.42886085809784,50.1423619847905,0
"257","0.5-1","c1_t7_h9","Calanoida",0.347754806425408,347.754806425408,0.706220457499217,706.220457499217,68.8988475177305,13.6354125,25.27231875,68.65825,33.72105625,0.271166667,4.793,17.5485,4.377575,127.52,14.88966667,1.386,16.9485,0.108,10.919,4.7989,34.31751471,43.229,1,54.45089622,30,"1","C1-T7-H9",6.573255037,-122.4661,36.18643,5.85149765220454,23.9599053814621,6.55992745149614,48.6577756151405,0.492416783927267
"258","0.5-1","c1_t7_h9","Chaetognatha",0.000192930484029756,0.192930484029756,0.706220457499217,706.220457499217,37.5156028368794,13.6354125,25.27231875,68.65825,33.72105625,0.271166667,4.793,17.5485,4.377575,127.52,14.88966667,1.386,16.9485,0.108,10.919,4.7989,34.31751471,43.229,1,54.45089622,30,"1","C1-T7-H9",6.573255037,-122.4661,36.18643,-1.64542534133426,0.00723790341398725,6.55992745149614,26.4942861988199,0.000273187334041467
"259","0.5-1","c1_t7_h9","Copepoda<Maxillopoda",0.309097324032198,309.097324032198,0.706220457499217,706.220457499217,67.1825224736866,13.6354125,25.27231875,68.65825,33.72105625,0.271166667,4.793,17.5485,4.377575,127.52,14.88966667,1.386,16.9485,0.108,10.919,4.7989,34.31751471,43.229,1,54.45089622,30,"1","C1-T7-H9",6.573255037,-122.4661,36.18643,5.73365619181233,20.7659379183496,6.55992745149614,47.4456717573184,0.437678235953029
"260","0.5-1","c1_t7_h9","Oikopleuridae",0,0,0.706220457499217,706.220457499217,72.145390070922,13.6354125,25.27231875,68.65825,33.72105625,0.271166667,4.793,17.5485,4.377575,127.52,14.88966667,1.386,16.9485,0.108,10.919,4.7989,34.31751471,43.229,1,54.45089622,30,"1","C1-T7-H9",6.573255037,-122.4661,36.18643,-Inf,0,6.55992745149614,50.950550382346,0
"261","0.5-1","c1_t7_h9","Oithonidae",0.0312208138856545,31.2208138856545,0.706220457499217,706.220457499217,69.9810283687943,13.6354125,25.27231875,68.65825,33.72105625,0.271166667,4.793,17.5485,4.377575,127.52,14.88966667,1.386,16.9485,0.108,10.919,4.7989,34.31751471,43.229,1,54.45089622,30,"1","C1-T7-H9",6.573255037,-122.4661,36.18643,3.44108498411502,2.18486466222884,6.55992745149614,49.4220338708756,0.044208311376606
"262","0.5-1","c1_t7_h9","Poecilostomatoida",0.0179545826719267,17.9545826719267,0.706220457499217,706.220457499217,72.145390070922,13.6354125,25.27231875,68.65825,33.72105625,0.271166667,4.793,17.5485,4.377575,127.52,14.88966667,1.386,16.9485,0.108,10.919,4.7989,34.31751471,43.229,1,54.45089622,30,"1","C1-T7-H9",6.573255037,-122.4661,36.18643,2.88784538440746,1.29534037042677,6.55992745149614,50.950550382346,0.0254234814090564
"263","0.5-1","c1_t7_h9","cypris",0,0,0.706220457499217,706.220457499217,28.8581560283688,13.6354125,25.27231875,68.65825,33.72105625,0.271166667,4.793,17.5485,4.377575,127.52,14.88966667,1.386,16.9485,0.108,10.919,4.7989,34.31751471,43.229,1,54.45089622,30,"1","C1-T7-H9",6.573255037,-122.4661,36.18643,-Inf,0,6.55992745149614,20.3802201529384,0
"264","0.5-1","c1_t7_h9","darksphere",0,0,0.706220457499217,706.220457499217,72.145390070922,13.6354125,25.27231875,68.65825,33.72105625,0.271166667,4.793,17.5485,4.377575,127.52,14.88966667,1.386,16.9485,0.108,10.919,4.7989,34.31751471,43.229,1,54.45089622,30,"1","C1-T7-H9",6.573255037,-122.4661,36.18643,-Inf,0,6.55992745149614,50.950550382346,0
"265","0.5-1","c1_t7_h9","multiple organisms",0,0,0.706220457499217,706.220457499217,71.4759998537691,13.6354125,25.27231875,68.65825,33.72105625,0.271166667,4.793,17.5485,4.377575,127.52,14.88966667,1.386,16.9485,0.108,10.919,4.7989,34.31751471,43.229,1,54.45089622,30,"1","C1-T7-H9",6.573255037,-122.4661,36.18643,-Inf,0,6.55992745149614,50.4778133169428,0
"266","0.5-1","c1_t7_h9","nauplii<Crustacea",0,0,0.706220457499217,706.220457499217,50.5017730496454,13.6354125,25.27231875,68.65825,33.72105625,0.271166667,4.793,17.5485,4.377575,127.52,14.88966667,1.386,16.9485,0.108,10.919,4.7989,34.31751471,43.229,1,54.45089622,30,"1","C1-T7-H9",6.573255037,-122.4661,36.18643,-Inf,0,6.55992745149614,35.6653852676422,0
"267","0.5-1","c1_t7_h9","other<living",0,0,0.706220457499217,706.220457499217,64.0290336879433,13.6354125,25.27231875,68.65825,33.72105625,0.271166667,4.793,17.5485,4.377575,127.52,14.88966667,1.386,16.9485,0.108,10.919,4.7989,34.31751471,43.229,1,54.45089622,30,"1","C1-T7-H9",6.573255037,-122.4661,36.18643,-Inf,0,6.55992745149614,45.2186134643321,0
"268","0.5-1","c1_t7_h9","part<Crustacea",0,0,0.706220457499217,706.220457499217,45.307304964539,13.6354125,25.27231875,68.65825,33.72105625,0.271166667,4.793,17.5485,4.377575,127.52,14.88966667,1.386,16.9485,0.108,10.919,4.7989,34.31751471,43.229,1,54.45089622,30,"1","C1-T7-H9",6.573255037,-122.4661,36.18643,-Inf,0,6.55992745149614,31.9969456401133,0
"269","0.5-1","c1_t8_h10","Calanoida",0.797586897346908,797.586897346908,0.952747166110396,952.747166110396,216.278762948282,14.52624375,25.12710625,73.9570625,33.7726125,0.293333333,5.056,6.879666667,3.06598125,117.599,33.74833333,0.619,4.617666667,0.519666667,8.4375,3.9444,39.60784898,93.982,0,57.2760461,30,"1","C1-T8-H10",4.157659552,-122.4958,36.11382,6.68159079091353,172.501107501947,6.85934956531805,206.058978488837,0.837144339775964
"270","0.5-1","c1_t8_h10","Chaetognatha",0.000456370469006735,0.456370469006736,0.952747166110396,952.747166110396,182.798321678322,14.52624375,25.12710625,73.9570625,33.7726125,0.293333333,5.056,6.879666667,3.06598125,117.599,33.74833333,0.619,4.617666667,0.519666667,8.4375,3.9444,39.60784898,93.982,0,57.2760461,30,"1","C1-T8-H10",4.157659552,-122.4958,36.11382,-0.784450367279701,0.0834237557979798,6.85934956531805,174.160582948757,0.000479004803414819
"271","0.5-1","c1_t8_h10","Copepoda<Maxillopoda",0.111849770468225,111.849770468225,0.952747166110396,952.747166110396,220.708200890019,14.52624375,25.12710625,73.9570625,33.7726125,0.293333333,5.056,6.879666667,3.06598125,117.599,33.74833333,0.619,4.617666667,0.519666667,8.4375,3.9444,39.60784898,93.982,0,57.2760461,30,"1","C1-T8-H10",4.157659552,-122.4958,36.11382,4.71715663579478,24.6861616100035,6.85934956531805,210.27911293529,0.117397116933817
"272","0.5-1","c1_t8_h10","Harpacticoida",0.00448769122368407,4.48769122368406,0.952747166110396,952.747166110396,228.497902097902,14.52624375,25.12710625,73.9570625,33.7726125,0.293333333,5.056,6.879666667,3.06598125,117.599,33.74833333,0.619,4.617666667,0.519666667,8.4375,3.9444,39.60784898,93.982,0,57.2760461,30,"1","C1-T8-H10",4.157659552,-122.4958,36.11382,1.50133836542664,1.02542802987498,6.85934956531805,217.700728685947,0.00471026457313448
"273","0.5-1","c1_t8_h10","Oikopleuridae",0,0,0.952747166110396,952.747166110396,199.935664335664,14.52624375,25.12710625,73.9570625,33.7726125,0.293333333,5.056,6.879666667,3.06598125,117.599,33.74833333,0.619,4.617666667,0.519666667,8.4375,3.9444,39.60784898,93.982,0,57.2760461,30,"1","C1-T8-H10",4.157659552,-122.4958,36.11382,-Inf,0,6.85934956531805,190.488137600204,0
"274","0.5-1","c1_t8_h10","Oithonidae",0.0154132168798155,15.4132168798155,0.952747166110396,952.747166110396,228.497902097902,14.52624375,25.12710625,73.9570625,33.7726125,0.293333333,5.056,6.879666667,3.06598125,117.599,33.74833333,0.619,4.617666667,0.519666667,8.4375,3.9444,39.60784898,93.982,0,57.2760461,30,"1","C1-T8-H10",4.157659552,-122.4958,36.11382,2.73522538029218,3.52188772161783,6.85934956531805,217.700728685947,0.0161776570196899
"275","0.5-1","c1_t8_h10","Ostracoda",0.00830163044861589,8.30163044861589,0.952747166110396,952.747166110396,228.497902097902,14.52624375,25.12710625,73.9570625,33.7726125,0.293333333,5.056,6.879666667,3.06598125,117.599,33.74833333,0.619,4.617666667,0.519666667,8.4375,3.9444,39.60784898,93.982,0,57.2760461,30,"1","C1-T8-H10",4.157659552,-122.4958,36.11382,2.1164519351031,1.8969051415008,6.85934956531805,217.700728685947,0.00871336147081646
"276","0.5-1","c1_t8_h10","Poecilostomatoida",0.0146515892741403,14.6515892741403,0.952747166110396,952.747166110396,228.497902097902,14.52624375,25.12710625,73.9570625,33.7726125,0.293333333,5.056,6.879666667,3.06598125,117.599,33.74833333,0.619,4.617666667,0.519666667,8.4375,3.9444,39.60784898,93.982,0,57.2760461,30,"1","C1-T8-H10",4.157659552,-122.4958,36.11382,2.68454881245571,3.34785741154119,6.85934956531805,217.700728685947,0.0153782554231629
"277","0.5-1","c1_t8_h10","cypris",0,0,0.952747166110396,952.747166110396,114.248951048951,14.52624375,25.12710625,73.9570625,33.7726125,0.293333333,5.056,6.879666667,3.06598125,117.599,33.74833333,0.619,4.617666667,0.519666667,8.4375,3.9444,39.60784898,93.982,0,57.2760461,30,"1","C1-T8-H10",4.157659552,-122.4958,36.11382,-Inf,0,6.85934956531805,108.850364342973,0
"278","0.5-1","c1_t8_h10","darksphere",0,0,0.952747166110396,952.747166110396,159.948531468531,14.52624375,25.12710625,73.9570625,33.7726125,0.293333333,5.056,6.879666667,3.06598125,117.599,33.74833333,0.619,4.617666667,0.519666667,8.4375,3.9444,39.60784898,93.982,0,57.2760461,30,"1","C1-T8-H10",4.157659552,-122.4958,36.11382,-Inf,0,6.85934956531805,152.390510080163,0
"279","0.5-1","c1_t8_h10","head<Chaetognatha",0,0,0.952747166110396,952.747166110396,228.497902097902,14.52624375,25.12710625,73.9570625,33.7726125,0.293333333,5.056,6.879666667,3.06598125,117.599,33.74833333,0.619,4.617666667,0.519666667,8.4375,3.9444,39.60784898,93.982,0,57.2760461,30,"1","C1-T8-H10",4.157659552,-122.4958,36.11382,-Inf,0,6.85934956531805,217.700728685947,0
"280","0.5-1","c1_t8_h10","multiple organisms",0,0,0.952747166110396,952.747166110396,228.497902097902,14.52624375,25.12710625,73.9570625,33.7726125,0.293333333,5.056,6.879666667,3.06598125,117.599,33.74833333,0.619,4.617666667,0.519666667,8.4375,3.9444,39.60784898,93.982,0,57.2760461,30,"1","C1-T8-H10",4.157659552,-122.4958,36.11382,-Inf,0,6.85934956531805,217.700728685947,0
"281","0.5-1","c1_t8_h10","nauplii<Cirripedia",0,0,0.952747166110396,952.747166110396,228.497902097902,14.52624375,25.12710625,73.9570625,33.7726125,0.293333333,5.056,6.879666667,3.06598125,117.599,33.74833333,0.619,4.617666667,0.519666667,8.4375,3.9444,39.60784898,93.982,0,57.2760461,30,"1","C1-T8-H10",4.157659552,-122.4958,36.11382,-Inf,0,6.85934956531805,217.700728685947,0
"282","0.5-1","c1_t8_h10","nauplii<Crustacea",0,0,0.952747166110396,952.747166110396,228.497902097902,14.52624375,25.12710625,73.9570625,33.7726125,0.293333333,5.056,6.879666667,3.06598125,117.599,33.74833333,0.619,4.617666667,0.519666667,8.4375,3.9444,39.60784898,93.982,0,57.2760461,30,"1","C1-T8-H10",4.157659552,-122.4958,36.11382,-Inf,0,6.85934956531805,217.700728685947,0
"283","0.5-1","c1_t8_h10","other<living",0,0,0.952747166110396,952.747166110396,228.497902097902,14.52624375,25.12710625,73.9570625,33.7726125,0.293333333,5.056,6.879666667,3.06598125,117.599,33.74833333,0.619,4.617666667,0.519666667,8.4375,3.9444,39.60784898,93.982,0,57.2760461,30,"1","C1-T8-H10",4.157659552,-122.4958,36.11382,-Inf,0,6.85934956531805,217.700728685947,0
"284","0.5-1","c1_t8_h10","part<Crustacea",0,0,0.952747166110396,952.747166110396,171.373426573427,14.52624375,25.12710625,73.9570625,33.7726125,0.293333333,5.056,6.879666667,3.06598125,117.599,33.74833333,0.619,4.617666667,0.519666667,8.4375,3.9444,39.60784898,93.982,0,57.2760461,30,"1","C1-T8-H10",4.157659552,-122.4958,36.11382,-Inf,0,6.85934956531805,163.27554651446,0
"285","0.5-1","c2_t8_h18","Actinopterygii",0,0,1.79703493521479,1797.03493521479,26.5518151815181,15.59365,24.5697,64.668,33.34975,0.221166667,4.771,6.914333333,1.7352,127.517,14.88933333,0.475166667,5.279,0.129666667,14.889,8.5157,12.36120755,10.001,0,89.04467932,6,"2","C2-T8-H18",3.495869841,-123.0914,36.42905,-Inf,0,7.49389332744867,47.7145394745546,0
"286","0.5-1","c2_t8_h18","Amphipoda",0,0,1.79703493521479,1797.03493521479,6.63795379537954,15.59365,24.5697,64.668,33.34975,0.221166667,4.771,6.914333333,1.7352,127.517,14.88933333,0.475166667,5.279,0.129666667,14.889,8.5157,12.36120755,10.001,0,89.04467932,6,"2","C2-T8-H18",3.495869841,-123.0914,36.42905,-Inf,0,7.49389332744867,11.9286348686386,0
"287","0.5-1","c2_t8_h18","Calanoida",1.156424081239,1156.424081239,1.79703493521479,1797.03493521479,81.9804731436366,15.59365,24.5697,64.668,33.34975,0.221166667,4.771,6.914333333,1.7352,127.517,14.88933333,0.475166667,5.279,0.129666667,14.889,8.5157,12.36120755,10.001,0,89.04467932,6,"2","C2-T8-H18",3.495869841,-123.0914,36.42905,7.05308783424135,94.8041933346684,7.49389332744867,147.321774244553,0.643517862996234
"288","0.5-1","c2_t8_h18","Chaetognatha",0.00167286778456794,1.67286778456794,1.79703493521479,1797.03493521479,47.9829231494578,15.59365,24.5697,64.668,33.34975,0.221166667,4.771,6.914333333,1.7352,127.517,14.88933333,0.475166667,5.279,0.129666667,14.889,8.5157,12.36120755,10.001,0,89.04467932,6,"2","C2-T8-H18",3.495869841,-123.0914,36.42905,0.514539389932505,0.0802690863461271,7.49389332744867,86.2269891933022,0.000930904431397706
"289","0.5-1","c2_t8_h18","Copepoda<Maxillopoda",0.358924937554356,358.924937554356,1.79703493521479,1797.03493521479,90.9314567995261,15.59365,24.5697,64.668,33.34975,0.221166667,4.771,6.914333333,1.7352,127.517,14.88933333,0.475166667,5.279,0.129666667,14.889,8.5157,12.36120755,10.001,0,89.04467932,6,"2","C2-T8-H18",3.495869841,-123.0914,36.42905,5.8831132790341,32.6375674534965,7.49389332744867,163.407004578723,0.199731752856243
"290","0.5-1","c2_t8_h18","Eucalanidae",0.00549268247657492,5.49268247657492,1.79703493521479,1797.03493521479,165.948844884488,15.59365,24.5697,64.668,33.34975,0.221166667,4.771,6.914333333,1.7352,127.517,14.88933333,0.475166667,5.279,0.129666667,14.889,8.5157,12.36120755,10.001,0,89.04467932,6,"2","C2-T8-H18",3.495869841,-123.0914,36.42905,1.70341674758774,0.911504312304879,7.49389332744867,298.215871715966,0.00305652515092502
"291","0.5-1","c2_t8_h18","Eumalacostraca",0.10274091637737,102.74091637737,1.79703493521479,1797.03493521479,6.63795379537954,15.59365,24.5697,64.668,33.34975,0.221166667,4.771,6.914333333,1.7352,127.517,14.88933333,0.475166667,5.279,0.129666667,14.889,8.5157,12.36120755,10.001,0,89.04467932,6,"2","C2-T8-H18",3.495869841,-123.0914,36.42905,4.63221044438196,0.681989455807934,7.49389332744867,11.9286348686386,0.0571724646883895
"292","0.5-1","c2_t8_h18","Euphausiacea",5.14637970362986e-05,0.0514637970362986,1.79703493521479,1797.03493521479,132.759075907591,15.59365,24.5697,64.668,33.34975,0.221166667,4.771,6.914333333,1.7352,127.517,14.88933333,0.475166667,5.279,0.129666667,14.889,8.5157,12.36120755,10.001,0,89.04467932,6,"2","C2-T8-H18",3.495869841,-123.0914,36.42905,-2.96687668868079,0.00683228613723481,7.49389332744867,238.572697372773,2.86381728189093e-05
"293","0.5-1","c2_t8_h18","Harpacticoida",0.00632987435042861,6.32987435042861,1.79703493521479,1797.03493521479,112.845214521452,15.59365,24.5697,64.668,33.34975,0.221166667,4.771,6.914333333,1.7352,127.517,14.88933333,0.475166667,5.279,0.129666667,14.889,8.5157,12.36120755,10.001,0,89.04467932,6,"2","C2-T8-H18",3.495869841,-123.0914,36.42905,1.84528038610577,0.714296028967954,7.49389332744867,202.786792766857,0.00352239916230233
"294","0.5-1","c2_t8_h18","Hydrozoa",0.015804312687437,15.804312687437,1.79703493521479,1797.03493521479,26.5518151815181,15.59365,24.5697,64.668,33.34975,0.221166667,4.771,6.914333333,1.7352,127.517,14.88933333,0.475166667,5.279,0.129666667,14.889,8.5157,12.36120755,10.001,0,89.04467932,6,"2","C2-T8-H18",3.495869841,-123.0914,36.42905,2.76028285768858,0.419633189547748,7.49389332744867,47.7145394745546,0.00879466079247254
"295","0.5-1","c2_t8_h18","Oikopleuridae",0,0,1.79703493521479,1797.03493521479,92.4888228822882,15.59365,24.5697,64.668,33.34975,0.221166667,4.771,6.914333333,1.7352,127.517,14.88933333,0.475166667,5.279,0.129666667,14.889,8.5157,12.36120755,10.001,0,89.04467932,6,"2","C2-T8-H18",3.495869841,-123.0914,36.42905,-Inf,0,7.49389332744867,166.205645836365,0
"296","0.5-1","c2_t8_h18","Oithonidae",0.027222978590924,27.222978590924,1.79703493521479,1797.03493521479,119.898040429043,15.59365,24.5697,64.668,33.34975,0.221166667,4.771,6.914333333,1.7352,127.517,14.88933333,0.475166667,5.279,0.129666667,14.889,8.5157,12.36120755,10.001,0,89.04467932,6,"2","C2-T8-H18",3.495869841,-123.0914,36.42905,3.30406141779523,3.26398178769358,7.49389332744867,215.460967314785,0.0151488310313067
"297","0.5-1","c2_t8_h18","Ostracoda",0.011767974460893,11.767974460893,1.79703493521479,1797.03493521479,10.6207260726073,15.59365,24.5697,64.668,33.34975,0.221166667,4.771,6.914333333,1.7352,127.517,14.88933333,0.475166667,5.279,0.129666667,14.889,8.5157,12.36120755,10.001,0,89.04467932,6,"2","C2-T8-H18",3.495869841,-123.0914,36.42905,2.46538181308035,0.124984433178583,7.49389332744867,19.0858157898218,0.00654855074338689
"298","0.5-1","c2_t8_h18","Poecilostomatoida",0.105046086912185,105.046086912185,1.79703493521479,1797.03493521479,84.2509520182788,15.59365,24.5697,64.668,33.34975,0.221166667,4.771,6.914333333,1.7352,127.517,14.88933333,0.475166667,5.279,0.129666667,14.889,8.5157,12.36120755,10.001,0,89.04467932,6,"2","C2-T8-H18",3.495869841,-123.0914,36.42905,4.6543991768322,8.85023282814641,7.49389332744867,151.401904101952,0.0584552280279565
"299","0.5-1","c2_t8_h18","Polychaeta",0.00555675898401919,5.55675898401919,1.79703493521479,1797.03493521479,26.5518151815181,15.59365,24.5697,64.668,33.34975,0.221166667,4.771,6.914333333,1.7352,127.517,14.88933333,0.475166667,5.279,0.129666667,14.889,8.5157,12.36120755,10.001,0,89.04467932,6,"2","C2-T8-H18",3.495869841,-123.0914,36.42905,1.71501502175728,0.147542037551918,7.49389332744867,47.7145394745546,0.00309218194656578
"300","0.5-1","c2_t8_h18","Tomopteridae",0,0,1.79703493521479,1797.03493521479,132.759075907591,15.59365,24.5697,64.668,33.34975,0.221166667,4.771,6.914333333,1.7352,127.517,14.88933333,0.475166667,5.279,0.129666667,14.889,8.5157,12.36120755,10.001,0,89.04467932,6,"2","C2-T8-H18",3.495869841,-123.0914,36.42905,-Inf,0,7.49389332744867,238.572697372773,0
"301","0.5-1","c2_t8_h18","cypris",0,0,1.79703493521479,1797.03493521479,39.8277227722772,15.59365,24.5697,64.668,33.34975,0.221166667,4.771,6.914333333,1.7352,127.517,14.88933333,0.475166667,5.279,0.129666667,14.889,8.5157,12.36120755,10.001,0,89.04467932,6,"2","C2-T8-H18",3.495869841,-123.0914,36.42905,-Inf,0,7.49389332744867,71.5718092118318,0
"302","0.5-1","c2_t8_h18","darksphere",0,0,1.79703493521479,1797.03493521479,82.263213107025,15.59365,24.5697,64.668,33.34975,0.221166667,4.771,6.914333333,1.7352,127.517,14.88933333,0.475166667,5.279,0.129666667,14.889,8.5157,12.36120755,10.001,0,89.04467932,6,"2","C2-T8-H18",3.495869841,-123.0914,36.42905,-Inf,0,7.49389332744867,147.829867836343,0
"303","0.5-1","c2_t8_h18","egg<Actinopterygii",0,0,1.79703493521479,1797.03493521479,6.63795379537954,15.59365,24.5697,64.668,33.34975,0.221166667,4.771,6.914333333,1.7352,127.517,14.88933333,0.475166667,5.279,0.129666667,14.889,8.5157,12.36120755,10.001,0,89.04467932,6,"2","C2-T8-H18",3.495869841,-123.0914,36.42905,-Inf,0,7.49389332744867,11.9286348686386,0
"304","0.5-1","c2_t8_h18","head<Chaetognatha",0,0,1.79703493521479,1797.03493521479,73.0174917491749,15.59365,24.5697,64.668,33.34975,0.221166667,4.771,6.914333333,1.7352,127.517,14.88933333,0.475166667,5.279,0.129666667,14.889,8.5157,12.36120755,10.001,0,89.04467932,6,"2","C2-T8-H18",3.495869841,-123.0914,36.42905,-Inf,0,7.49389332744867,131.214983555025,0
"305","0.5-1","c2_t8_h18","multiple organisms",0,0,1.79703493521479,1797.03493521479,64.3245448869211,15.59365,24.5697,64.668,33.34975,0.221166667,4.771,6.914333333,1.7352,127.517,14.88933333,0.475166667,5.279,0.129666667,14.889,8.5157,12.36120755,10.001,0,89.04467932,6,"2","C2-T8-H18",3.495869841,-123.0914,36.42905,-Inf,0,7.49389332744867,115.593454353589,0
"306","0.5-1","c2_t8_h18","nauplii<Crustacea",0,0,1.79703493521479,1797.03493521479,97.6727487034418,15.59365,24.5697,64.668,33.34975,0.221166667,4.771,6.914333333,1.7352,127.517,14.88933333,0.475166667,5.279,0.129666667,14.889,8.5157,12.36120755,10.001,0,89.04467932,6,"2","C2-T8-H18",3.495869841,-123.0914,36.42905,-Inf,0,7.49389332744867,175.52134163854,0
"307","0.5-1","c2_t8_h18","other<living",0,0,1.79703493521479,1797.03493521479,61.4010726072607,15.59365,24.5697,64.668,33.34975,0.221166667,4.771,6.914333333,1.7352,127.517,14.88933333,0.475166667,5.279,0.129666667,14.889,8.5157,12.36120755,10.001,0,89.04467932,6,"2","C2-T8-H18",3.495869841,-123.0914,36.42905,-Inf,0,7.49389332744867,110.339872534907,0
"308","0.5-1","c2_t8_h18","part<Crustacea",0,0,1.79703493521479,1797.03493521479,57.6692473637608,15.59365,24.5697,64.668,33.34975,0.221166667,4.771,6.914333333,1.7352,127.517,14.88933333,0.475166667,5.279,0.129666667,14.889,8.5157,12.36120755,10.001,0,89.04467932,6,"2","C2-T8-H18",3.495869841,-123.0914,36.42905,-Inf,0,7.49389332744867,103.633652200222,0
"309","0.5-1","c2_t9_h19","Amphipoda",0,0,1.11645881824872,1116.45881824872,344.84126984127,15.85675,24.06715,69.2275,32.7728,0.3052,4.576,7.3326,1.59615,129.5,30.76966667,0.668,5.1062,0.433,26.8,4.107233333,18.6269982,11.23,1,107.295263,6,"2","C2-T9-H19",2.811058313,-123.226,36.46062,-Inf,0,7.01791718591453,385.001076610371,0
"310","0.5-1","c2_t9_h19","Calanoida",0.880781727424045,880.781727424045,1.11645881824872,1116.45881824872,333.262919512919,15.85675,24.06715,69.2275,32.7728,0.3052,4.576,7.3326,1.59615,129.5,30.76966667,0.668,5.1062,0.433,26.8,4.107233333,18.6269982,11.23,1,107.295263,6,"2","C2-T9-H19",2.811058313,-123.226,36.46062,6.78080983976191,293.53188993497,7.01791718591453,372.074325285512,0.788906597384078
"311","0.5-1","c2_t9_h19","Chaetognatha",0.000399098390099196,0.399098390099196,1.11645881824872,1116.45881824872,235.641534391534,15.85675,24.06715,69.2275,32.7728,0.3052,4.576,7.3326,1.59615,129.5,30.76966667,0.668,5.1062,0.433,26.8,4.107233333,18.6269982,11.23,1,107.295263,6,"2","C2-T9-H19",2.811058313,-123.226,36.46062,-0.918547300763708,0.0940441570161657,7.01791718591453,263.084069017087,0.000357468079946937
"312","0.5-1","c2_t9_h19","Copepoda<Maxillopoda",0.0641301778578168,64.1301778578168,1.11645881824872,1116.45881824872,332.2413003663,15.85675,24.06715,69.2275,32.7728,0.3052,4.576,7.3326,1.59615,129.5,30.76966667,0.668,5.1062,0.433,26.8,4.107233333,18.6269982,11.23,1,107.295263,6,"2","C2-T9-H19",2.811058313,-123.226,36.46062,4.16091504655185,21.3066936842032,7.01791718591453,370.933729580377,0.0574407016269635
"313","0.5-1","c2_t9_h19","Eucalanidae",0.027849110745524,27.849110745524,1.11645881824872,1116.45881824872,344.84126984127,15.85675,24.06715,69.2275,32.7728,0.3052,4.576,7.3326,1.59615,129.5,30.76966667,0.668,5.1062,0.433,26.8,4.107233333,18.6269982,11.23,1,107.295263,6,"2","C2-T9-H19",2.811058313,-123.226,36.46062,3.32680103572075,9.60352271343664,7.01791718591453,385.001076610371,0.0249441450865229
"314","0.5-1","c2_t9_h19","Eumalacostraca",0.113654071766588,113.654071766588,1.11645881824872,1116.45881824872,344.84126984127,15.85675,24.06715,69.2275,32.7728,0.3052,4.576,7.3326,1.59615,129.5,30.76966667,0.668,5.1062,0.433,26.8,4.107233333,18.6269982,11.23,1,107.295263,6,"2","C2-T9-H19",2.811058313,-123.226,36.46062,4.73315937690348,39.192614430621,7.01791718591453,385.001076610371,0.101798713852129
"315","0.5-1","c2_t9_h19","Harpacticoida",0.00278506022271268,2.78506022271268,1.11645881824872,1116.45881824872,344.84126984127,15.85675,24.06715,69.2275,32.7728,0.3052,4.576,7.3326,1.59615,129.5,30.76966667,0.668,5.1062,0.433,26.8,4.107233333,18.6269982,11.23,1,107.295263,6,"2","C2-T9-H19",2.811058313,-123.226,36.46062,1.02426949709974,0.960403703784649,7.01791718591453,385.001076610371,0.00249454809903453
"316","0.5-1","c2_t9_h19","Oikopleuridae",0,0,1.11645881824872,1116.45881824872,279.321428571429,15.85675,24.06715,69.2275,32.7728,0.3052,4.576,7.3326,1.59615,129.5,30.76966667,0.668,5.1062,0.433,26.8,4.107233333,18.6269982,11.23,1,107.295263,6,"2","C2-T9-H19",2.811058313,-123.226,36.46062,-Inf,0,7.01791718591453,311.850872054401,0
"317","0.5-1","c2_t9_h19","Oithonidae",0.0103892700168243,10.3892700168243,1.11645881824872,1116.45881824872,344.84126984127,15.85675,24.06715,69.2275,32.7728,0.3052,4.576,7.3326,1.59615,129.5,30.76966667,0.668,5.1062,0.433,26.8,4.107233333,18.6269982,11.23,1,107.295263,6,"2","C2-T9-H19",2.811058313,-123.226,36.46062,2.34077354439694,3.58264906532554,7.01791718591453,385.001076610371,0.00930555596588954
"318","0.5-1","c2_t9_h19","Ostracoda",0.00266681132784,2.66681132784,1.11645881824872,1116.45881824872,181.041666666667,15.85675,24.06715,69.2275,32.7728,0.3052,4.576,7.3326,1.59615,129.5,30.76966667,0.668,5.1062,0.433,26.8,4.107233333,18.6269982,11.23,1,107.295263,6,"2","C2-T9-H19",2.811058313,-123.226,36.46062,0.980883499480359,0.482803967477699,7.01791718591453,202.125565220445,0.00238863385218558
"319","0.5-1","c2_t9_h19","Poecilostomatoida",0.0138034904972679,13.8034904972679,1.11645881824872,1116.45881824872,344.84126984127,15.85675,24.06715,69.2275,32.7728,0.3052,4.576,7.3326,1.59615,129.5,30.76966667,0.668,5.1062,0.433,26.8,4.107233333,18.6269982,11.23,1,107.295263,6,"2","C2-T9-H19",2.811058313,-123.226,36.46062,2.62492149476523,4.76001319131976,7.01791718591453,385.001076610371,0.0123636360532492
"320","0.5-1","c2_t9_h19","cypris",0,0,1.11645881824872,1116.45881824872,126.441798941799,15.85675,24.06715,69.2275,32.7728,0.3052,4.576,7.3326,1.59615,129.5,30.76966667,0.668,5.1062,0.433,26.8,4.107233333,18.6269982,11.23,1,107.295263,6,"2","C2-T9-H19",2.811058313,-123.226,36.46062,-Inf,0,7.01791718591453,141.167061423803,0
"321","0.5-1","c2_t9_h19","darksphere",0,0,1.11645881824872,1116.45881824872,181.041666666667,15.85675,24.06715,69.2275,32.7728,0.3052,4.576,7.3326,1.59615,129.5,30.76966667,0.668,5.1062,0.433,26.8,4.107233333,18.6269982,11.23,1,107.295263,6,"2","C2-T9-H19",2.811058313,-123.226,36.46062,-Inf,0,7.01791718591453,202.125565220445,0
"322","0.5-1","c2_t9_h19","egg<Actinopterygii",0,0,1.11645881824872,1116.45881824872,344.84126984127,15.85675,24.06715,69.2275,32.7728,0.3052,4.576,7.3326,1.59615,129.5,30.76966667,0.668,5.1062,0.433,26.8,4.107233333,18.6269982,11.23,1,107.295263,6,"2","C2-T9-H19",2.811058313,-123.226,36.46062,-Inf,0,7.01791718591453,385.001076610371,0
"323","0.5-1","c2_t9_h19","head<Chaetognatha",0,0,1.11645881824872,1116.45881824872,344.84126984127,15.85675,24.06715,69.2275,32.7728,0.3052,4.576,7.3326,1.59615,129.5,30.76966667,0.668,5.1062,0.433,26.8,4.107233333,18.6269982,11.23,1,107.295263,6,"2","C2-T9-H19",2.811058313,-123.226,36.46062,-Inf,0,7.01791718591453,385.001076610371,0
"324","0.5-1","c2_t9_h19","multiple organisms",0,0,1.11645881824872,1116.45881824872,284.174750146972,15.85675,24.06715,69.2275,32.7728,0.3052,4.576,7.3326,1.59615,129.5,30.76966667,0.668,5.1062,0.433,26.8,4.107233333,18.6269982,11.23,1,107.295263,6,"2","C2-T9-H19",2.811058313,-123.226,36.46062,-Inf,0,7.01791718591453,317.269405725213,0
"325","0.5-1","c2_t9_h19","nauplii<Crustacea",0,0,1.11645881824872,1116.45881824872,344.84126984127,15.85675,24.06715,69.2275,32.7728,0.3052,4.576,7.3326,1.59615,129.5,30.76966667,0.668,5.1062,0.433,26.8,4.107233333,18.6269982,11.23,1,107.295263,6,"2","C2-T9-H19",2.811058313,-123.226,36.46062,-Inf,0,7.01791718591453,385.001076610371,0
"326","0.5-1","c2_t9_h19","other<living",0,0,1.11645881824872,1116.45881824872,199.241622574956,15.85675,24.06715,69.2275,32.7728,0.3052,4.576,7.3326,1.59615,129.5,30.76966667,0.668,5.1062,0.433,26.8,4.107233333,18.6269982,11.23,1,107.295263,6,"2","C2-T9-H19",2.811058313,-123.226,36.46062,-Inf,0,7.01791718591453,222.445066485992,0
"327","0.5-1","c2_t9_h19","part<Crustacea",0,0,1.11645881824872,1116.45881824872,142.325396825397,15.85675,24.06715,69.2275,32.7728,0.3052,4.576,7.3326,1.59615,129.5,30.76966667,0.668,5.1062,0.433,26.8,4.107233333,18.6269982,11.23,1,107.295263,6,"2","C2-T9-H19",2.811058313,-123.226,36.46062,-Inf,0,7.01791718591453,158.900444346462,0
"328","0.5-1","c3_t6_h25","Amphipoda",0,0,1.64089309953859,1640.89309953859,60.6105502532474,18.84853125,23.309125,79.10425,32.70948125,0.0165,114.277,-0.069,-0.00258125,349.6695,109.1806667,0.336,1.0475,-0.013,22.833,0.642766667,36.93443854,8.3977,0,772.3392208,103,"3","C3-T6-H25",-4.6044581,-130.477,34.56042,-Inf,0,7.40299594548162,99.4554336697903,0
"329","0.5-1","c3_t6_h25","Calanoida",0.748934213837035,748.934213837035,1.64089309953859,1640.89309953859,55.2033116592259,18.84853125,23.309125,79.10425,32.70948125,0.0165,114.277,-0.069,-0.00258125,349.6695,109.1806667,0.336,1.0475,-0.013,22.833,0.642766667,36.93443854,8.3977,0,772.3392208,103,"3","C3-T6-H25",-4.6044581,-130.477,34.56042,6.61865114766649,41.3436488187032,7.40299594548162,90.5827331733017,0.456418650335987
"330","0.5-1","c3_t6_h25","Chaetognatha",0.00242947344633859,2.42947344633859,1.64089309953859,1640.89309953859,30.0096139058762,18.84853125,23.309125,79.10425,32.70948125,0.0165,114.277,-0.069,-0.00258125,349.6695,109.1806667,0.336,1.0475,-0.013,22.833,0.642766667,36.93443854,8.3977,0,772.3392208,103,"3","C3-T6-H25",-4.6044581,-130.477,34.56042,0.887674545122509,0.0729075601191996,7.40299594548162,49.2425683779694,0.00148057996405845
"331","0.5-1","c3_t6_h25","Cladocera",0,0,1.64089309953859,1640.89309953859,60.6105502532474,18.84853125,23.309125,79.10425,32.70948125,0.0165,114.277,-0.069,-0.00258125,349.6695,109.1806667,0.336,1.0475,-0.013,22.833,0.642766667,36.93443854,8.3977,0,772.3392208,103,"3","C3-T6-H25",-4.6044581,-130.477,34.56042,-Inf,0,7.40299594548162,99.4554336697903,0
"332","0.5-1","c3_t6_h25","Copepoda<Maxillopoda",0.351359410869488,351.359410869488,1.64089309953859,1640.89309953859,42.2975054267305,18.84853125,23.309125,79.10425,32.70948125,0.0165,114.277,-0.069,-0.00258125,349.6695,109.1806667,0.336,1.0475,-0.013,22.833,0.642766667,36.93443854,8.3977,0,772.3392208,103,"3","C3-T6-H25",-4.6044581,-130.477,34.56042,5.86180966216491,14.861626587985,7.40299594548162,69.405684782418,0.214126935489149
"333","0.5-1","c3_t6_h25","Eucalanidae",0.0204862489456996,20.4862489456996,1.64089309953859,1640.89309953859,54.5494952279227,18.84853125,23.309125,79.10425,32.70948125,0.0165,114.277,-0.069,-0.00258125,349.6695,109.1806667,0.336,1.0475,-0.013,22.833,0.642766667,36.93443854,8.3977,0,772.3392208,103,"3","C3-T6-H25",-4.6044581,-130.477,34.56042,3.01975387793209,1.11751453910148,7.40299594548162,89.5098903028113,0.0124848163182966
"334","0.5-1","c3_t6_h25","Eumalacostraca",0.316578456471249,316.578456471249,1.64089309953859,1640.89309953859,42.4273851772732,18.84853125,23.309125,79.10425,32.70948125,0.0165,114.277,-0.069,-0.00258125,349.6695,109.1806667,0.336,1.0475,-0.013,22.833,0.642766667,36.93443854,8.3977,0,772.3392208,103,"3","C3-T6-H25",-4.6044581,-130.477,34.56042,5.75757109861,13.4315961115323,7.40299594548162,69.6188035688532,0.192930579426697
"335","0.5-1","c3_t6_h25","Harpacticoida",0.00761021228169866,7.61021228169866,1.64089309953859,1640.89309953859,60.6105502532474,18.84853125,23.309125,79.10425,32.70948125,0.0165,114.277,-0.069,-0.00258125,349.6695,109.1806667,0.336,1.0475,-0.013,22.833,0.642766667,36.93443854,8.3977,0,772.3392208,103,"3","C3-T6-H25",-4.6044581,-130.477,34.56042,2.02949106658291,0.461259153937778,7.40299594548162,99.4554336697903,0.00463784769637866
"336","0.5-1","c3_t6_h25","Oikopleuridae",0,0,1.64089309953859,1640.89309953859,35.2839988974262,18.84853125,23.309125,79.10425,32.70948125,0.0165,114.277,-0.069,-0.00258125,349.6695,109.1806667,0.336,1.0475,-0.013,22.833,0.642766667,36.93443854,8.3977,0,772.3392208,103,"3","C3-T6-H25",-4.6044581,-130.477,34.56042,-Inf,0,7.40299594548162,57.8972703149137,0
"337","0.5-1","c3_t6_h25","Oithonidae",0.0498861075565975,49.8861075565975,1.64089309953859,1640.89309953859,58.2388330694247,18.84853125,23.309125,79.10425,32.70948125,0.0165,114.277,-0.069,-0.00258125,349.6695,109.1806667,0.336,1.0475,-0.013,22.833,0.642766667,36.93443854,8.3977,0,772.3392208,103,"3","C3-T6-H25",-4.6044581,-130.477,34.56042,3.90974255831601,2.90530869047205,7.40299594548162,95.5636993087985,0.030401802268914
"338","0.5-1","c3_t6_h25","Ostracoda",0.0720695013171481,72.0695013171481,1.64089309953859,1640.89309953859,45.0249801881267,18.84853125,23.309125,79.10425,32.70948125,0.0165,114.277,-0.069,-0.00258125,349.6695,109.1806667,0.336,1.0475,-0.013,22.833,0.642766667,36.93443854,8.3977,0,772.3392208,103,"3","C3-T6-H25",-4.6044581,-130.477,34.56042,4.27763094948891,3.24492786897276,7.40299594548162,73.8811792975585,0.0439208997450314
"339","0.5-1","c3_t6_h25","Poecilostomatoida",0.0351054644800535,35.1054644800534,1.64089309953859,1640.89309953859,36.3663301519485,18.84853125,23.309125,79.10425,32.70948125,0.0165,114.277,-0.069,-0.00258125,349.6695,109.1806667,0.336,1.0475,-0.013,22.833,0.642766667,36.93443854,8.3977,0,772.3392208,103,"3","C3-T6-H25",-4.6044581,-130.477,34.56042,3.55835680154686,1.27665691141912,7.40299594548162,59.6732602018742,0.0213941203664791
"340","0.5-1","c3_t6_h25","Polychaeta",0.0175480319927882,17.5480319927882,1.64089309953859,1640.89309953859,60.6105502532474,18.84853125,23.309125,79.10425,32.70948125,0.0165,114.277,-0.069,-0.00258125,349.6695,109.1806667,0.336,1.0475,-0.013,22.833,0.642766667,36.93443854,8.3977,0,772.3392208,103,"3","C3-T6-H25",-4.6044581,-130.477,34.56042,2.86494180646097,1.06359587494448,7.40299594548162,99.4554336697903,0.0106941957387246
"341","0.5-1","c3_t6_h25","Salpida",0.0188859783404892,18.8859783404892,1.64089309953859,1640.89309953859,60.6105502532474,18.84853125,23.309125,79.10425,32.70948125,0.0165,114.277,-0.069,-0.00258125,349.6695,109.1806667,0.336,1.0475,-0.013,22.833,0.642766667,36.93443854,8.3977,0,772.3392208,103,"3","C3-T6-H25",-4.6044581,-130.477,34.56042,2.93841975998483,1.14468953928796,7.40299594548162,99.4554336697903,0.0115095726502841
"342","0.5-1","c3_t6_h25","Tomopteridae",0,0,1.64089309953859,1640.89309953859,60.6105502532474,18.84853125,23.309125,79.10425,32.70948125,0.0165,114.277,-0.069,-0.00258125,349.6695,109.1806667,0.336,1.0475,-0.013,22.833,0.642766667,36.93443854,8.3977,0,772.3392208,103,"3","C3-T6-H25",-4.6044581,-130.477,34.56042,-Inf,0,7.40299594548162,99.4554336697903,0
"343","0.5-1","c3_t6_h25","cypris",0,0,1.64089309953859,1640.89309953859,33.3358026392861,18.84853125,23.309125,79.10425,32.70948125,0.0165,114.277,-0.069,-0.00258125,349.6695,109.1806667,0.336,1.0475,-0.013,22.833,0.642766667,36.93443854,8.3977,0,772.3392208,103,"3","C3-T6-H25",-4.6044581,-130.477,34.56042,-Inf,0,7.40299594548162,54.7004885183847,0
"344","0.5-1","c3_t6_h25","darksphere",0,0,1.64089309953859,1640.89309953859,45.0249801881267,18.84853125,23.309125,79.10425,32.70948125,0.0165,114.277,-0.069,-0.00258125,349.6695,109.1806667,0.336,1.0475,-0.013,22.833,0.642766667,36.93443854,8.3977,0,772.3392208,103,"3","C3-T6-H25",-4.6044581,-130.477,34.56042,-Inf,0,7.40299594548162,73.8811792975585,0
"345","0.5-1","c3_t6_h25","head<Chaetognatha",0,0,1.64089309953859,1640.89309953859,6.06105502532474,18.84853125,23.309125,79.10425,32.70948125,0.0165,114.277,-0.069,-0.00258125,349.6695,109.1806667,0.336,1.0475,-0.013,22.833,0.642766667,36.93443854,8.3977,0,772.3392208,103,"3","C3-T6-H25",-4.6044581,-130.477,34.56042,-Inf,0,7.40299594548162,9.94554336697903,0
"346","0.5-1","c3_t6_h25","multiple organisms",0,0,1.64089309953859,1640.89309953859,53.695825506046,18.84853125,23.309125,79.10425,32.70948125,0.0165,114.277,-0.069,-0.00258125,349.6695,109.1806667,0.336,1.0475,-0.013,22.833,0.642766667,36.93443854,8.3977,0,772.3392208,103,"3","C3-T6-H25",-4.6044581,-130.477,34.56042,-Inf,0,7.40299594548162,88.1091095468988,0
"347","0.5-1","c3_t6_h25","nauplii<Crustacea",0,0,1.64089309953859,1640.89309953859,6.06105502532474,18.84853125,23.309125,79.10425,32.70948125,0.0165,114.277,-0.069,-0.00258125,349.6695,109.1806667,0.336,1.0475,-0.013,22.833,0.642766667,36.93443854,8.3977,0,772.3392208,103,"3","C3-T6-H25",-4.6044581,-130.477,34.56042,-Inf,0,7.40299594548162,9.94554336697903,0
"348","0.5-1","c3_t6_h25","other<living",0,0,1.64089309953859,1640.89309953859,39.8297901664197,18.84853125,23.309125,79.10425,32.70948125,0.0165,114.277,-0.069,-0.00258125,349.6695,109.1806667,0.336,1.0475,-0.013,22.833,0.642766667,36.93443854,8.3977,0,772.3392208,103,"3","C3-T6-H25",-4.6044581,-130.477,34.56042,-Inf,0,7.40299594548162,65.3564278401479,0
"349","0.5-1","c3_t6_h25","part<Crustacea",0,0,1.64089309953859,1640.89309953859,27.0416301129873,18.84853125,23.309125,79.10425,32.70948125,0.0165,114.277,-0.069,-0.00258125,349.6695,109.1806667,0.336,1.0475,-0.013,22.833,0.642766667,36.93443854,8.3977,0,772.3392208,103,"3","C3-T6-H25",-4.6044581,-130.477,34.56042,-Inf,0,7.40299594548162,44.3724242526757,0
"350","0.5-1","c3_t7_h26","Amphipoda",0,0,1.40672118005083,1406.72118005083,76.8879371877231,18.9034875,23.2842875,72.4185,32.6949375,0.0215,109.923,-0.061,0.03025,361.5635,105.2116667,0.3,1.2055,-0.0135,22.834,0.657333333,34.44530282,0.053271,1,772.3906546,103,"3","C3-T7-H26",-4.437854817,-130.4595,34.52752,-Inf,0,7.24901687120168,108.159889732388,0
"351","0.5-1","c3_t7_h26","Calanoida",0.845620547509832,845.620547509832,1.40672118005083,1406.72118005083,74.7310807679116,18.9034875,23.2842875,72.4185,32.6949375,0.0215,109.923,-0.061,0.03025,361.5635,105.2116667,0.3,1.2055,-0.0135,22.834,0.657333333,34.44530282,0.053271,1,772.3906546,103,"3","C3-T7-H26",-4.437854817,-130.4595,34.52752,6.74007073358653,63.1941374349629,7.24901687120168,105.125794124311,0.601128752095192
"352","0.5-1","c3_t7_h26","Chaetognatha",0.00240102444222676,2.40102444222676,1.40672118005083,1406.72118005083,28.4485367594575,18.9034875,23.2842875,72.4185,32.6949375,0.0215,109.923,-0.061,0.03025,361.5635,105.2116667,0.3,1.2055,-0.0135,22.834,0.657333333,34.44530282,0.053271,1,772.3906546,103,"3","C3-T7-H26",-4.437854817,-130.4595,34.52752,0.875895497206776,0.0683056321050441,7.24901687120168,40.0191592009835,0.00170682326837505
"353","0.5-1","c3_t7_h26","Cladocera",0,0,1.40672118005083,1406.72118005083,76.8879371877231,18.9034875,23.2842875,72.4185,32.6949375,0.0215,109.923,-0.061,0.03025,361.5635,105.2116667,0.3,1.2055,-0.0135,22.834,0.657333333,34.44530282,0.053271,1,772.3906546,103,"3","C3-T7-H26",-4.437854817,-130.4595,34.52752,-Inf,0,7.24901687120168,108.159889732388,0
"354","0.5-1","c3_t7_h26","Copepoda<Maxillopoda",0.350002326636673,350.002326636673,1.40672118005083,1406.72118005083,75.4050983991027,18.9034875,23.2842875,72.4185,32.6949375,0.0215,109.923,-0.061,0.03025,361.5635,105.2116667,0.3,1.2055,-0.0135,22.834,0.657333333,34.44530282,0.053271,1,772.3906546,103,"3","C3-T7-H26",-4.437854817,-130.4595,34.52752,5.85793980199472,26.3919598799532,7.24901687120168,106.073949001835,0.248807177712378
"355","0.5-1","c3_t7_h26","Eucalanidae",0.018522867143358,18.522867143358,1.40672118005083,1406.72118005083,69.1991434689508,18.9034875,23.2842875,72.4185,32.6949375,0.0215,109.923,-0.061,0.03025,361.5635,105.2116667,0.3,1.2055,-0.0135,22.834,0.657333333,34.44530282,0.053271,1,772.3906546,103,"3","C3-T7-H26",-4.437854817,-130.4595,34.52752,2.91900603059195,1.28176654090954,7.24901687120168,97.3439007591491,0.0131674047466099
"356","0.5-1","c3_t7_h26","Eumalacostraca",0.0909698857626998,90.9698857626998,1.40672118005083,1406.72118005083,76.8879371877231,18.9034875,23.2842875,72.4185,32.6949375,0.0215,109.923,-0.061,0.03025,361.5635,105.2116667,0.3,1.2055,-0.0135,22.834,0.657333333,34.44530282,0.053271,1,772.3906546,103,"3","C3-T7-H26",-4.437854817,-130.4595,34.52752,4.51052852606425,6.99448686249681,7.24901687120168,108.159889732388,0.0646680287840784
"357","0.5-1","c3_t7_h26","Oikopleuridae",0,0,1.40672118005083,1406.72118005083,42.2883654532477,18.9034875,23.2842875,72.4185,32.6949375,0.0215,109.923,-0.061,0.03025,361.5635,105.2116667,0.3,1.2055,-0.0135,22.834,0.657333333,34.44530282,0.053271,1,772.3906546,103,"3","C3-T7-H26",-4.437854817,-130.4595,34.52752,-Inf,0,7.24901687120168,59.4879393528133,0
"358","0.5-1","c3_t7_h26","Oithonidae",0.0340463591557758,34.0463591557758,1.40672118005083,1406.72118005083,76.8879371877231,18.9034875,23.2842875,72.4185,32.6949375,0.0215,109.923,-0.061,0.03025,361.5635,105.2116667,0.3,1.2055,-0.0135,22.834,0.657333333,34.44530282,0.053271,1,772.3906546,103,"3","C3-T7-H26",-4.437854817,-130.4595,34.52752,3.52772310046955,2.61775432423995,7.24901687120168,108.159889732388,0.0242026349205502
"359","0.5-1","c3_t7_h26","Ostracoda",0.0494958743817189,49.4958743817189,1.40672118005083,1406.72118005083,68.2380442541042,18.9034875,23.2842875,72.4185,32.6949375,0.0215,109.923,-0.061,0.03025,361.5635,105.2116667,0.3,1.2055,-0.0135,22.834,0.657333333,34.44530282,0.053271,1,772.3906546,103,"3","C3-T7-H26",-4.437854817,-130.4595,34.52752,3.90188932027733,3.37750166645532,7.24901687120168,95.9919021374943,0.035185276999903
"360","0.5-1","c3_t7_h26","Poecilostomatoida",0.0156622950185463,15.6622950185463,1.40672118005083,1406.72118005083,76.8879371877231,18.9034875,23.2842875,72.4185,32.6949375,0.0215,109.923,-0.061,0.03025,361.5635,105.2116667,0.3,1.2055,-0.0135,22.834,0.657333333,34.44530282,0.053271,1,772.3906546,103,"3","C3-T7-H26",-4.437854817,-130.4595,34.52752,2.75125623273328,1.20424155560157,7.24901687120168,108.159889732388,0.0111339014729133
"361","0.5-1","c3_t7_h26","Tomopteridae",0,0,1.40672118005083,1406.72118005083,76.8879371877231,18.9034875,23.2842875,72.4185,32.6949375,0.0215,109.923,-0.061,0.03025,361.5635,105.2116667,0.3,1.2055,-0.0135,22.834,0.657333333,34.44530282,0.053271,1,772.3906546,103,"3","C3-T7-H26",-4.437854817,-130.4595,34.52752,-Inf,0,7.24901687120168,108.159889732388,0
"362","0.5-1","c3_t7_h26","cypris",0,0,1.40672118005083,1406.72118005083,42.2883654532477,18.9034875,23.2842875,72.4185,32.6949375,0.0215,109.923,-0.061,0.03025,361.5635,105.2116667,0.3,1.2055,-0.0135,22.834,0.657333333,34.44530282,0.053271,1,772.3906546,103,"3","C3-T7-H26",-4.437854817,-130.4595,34.52752,-Inf,0,7.24901687120168,59.4879393528133,0
"363","0.5-1","c3_t7_h26","darksphere",0,0,1.40672118005083,1406.72118005083,76.8879371877231,18.9034875,23.2842875,72.4185,32.6949375,0.0215,109.923,-0.061,0.03025,361.5635,105.2116667,0.3,1.2055,-0.0135,22.834,0.657333333,34.44530282,0.053271,1,772.3906546,103,"3","C3-T7-H26",-4.437854817,-130.4595,34.52752,-Inf,0,7.24901687120168,108.159889732388,0
"364","0.5-1","c3_t7_h26","head<Chaetognatha",0,0,1.40672118005083,1406.72118005083,76.8879371877231,18.9034875,23.2842875,72.4185,32.6949375,0.0215,109.923,-0.061,0.03025,361.5635,105.2116667,0.3,1.2055,-0.0135,22.834,0.657333333,34.44530282,0.053271,1,772.3906546,103,"3","C3-T7-H26",-4.437854817,-130.4595,34.52752,-Inf,0,7.24901687120168,108.159889732388,0
"365","0.5-1","c3_t7_h26","multiple organisms",0,0,1.40672118005083,1406.72118005083,75.2001532006755,18.9034875,23.2842875,72.4185,32.6949375,0.0215,109.923,-0.061,0.03025,361.5635,105.2116667,0.3,1.2055,-0.0135,22.834,0.657333333,34.44530282,0.053271,1,772.3906546,103,"3","C3-T7-H26",-4.437854817,-130.4595,34.52752,-Inf,0,7.24901687120168,105.785648250457,0
"366","0.5-1","c3_t7_h26","other<living",0,0,1.40672118005083,1406.72118005083,60.6057857832641,18.9034875,23.2842875,72.4185,32.6949375,0.0215,109.923,-0.061,0.03025,361.5635,105.2116667,0.3,1.2055,-0.0135,22.834,0.657333333,34.44530282,0.053271,1,772.3906546,103,"3","C3-T7-H26",-4.437854817,-130.4595,34.52752,-Inf,0,7.24901687120168,85.2554424949411,0
"367","0.5-1","c3_t7_h26","part<Crustacea",0,0,1.40672118005083,1406.72118005083,52.1739573773835,18.9034875,23.2842875,72.4185,32.6949375,0.0215,109.923,-0.061,0.03025,361.5635,105.2116667,0.3,1.2055,-0.0135,22.834,0.657333333,34.44530282,0.053271,1,772.3906546,103,"3","C3-T7-H26",-4.437854817,-130.4595,34.52752,-Inf,0,7.24901687120168,73.3942108898346,0
"368","0.5-1","ct1_t1_h28","Annelida",0,0,4.51797176589232,4517.97176589232,0.8000800080008,17.38964375,23.8663625,65.336625,32.97244375,0.013,59.8,0.207,0.26435,361.5505,43.67766667,0.370333333,1.022333333,0.021666667,39.707,2.921366667,44.12433944,112.6,0,602.6631245,5,"T1","CT1-T1-H28",-2.054216937,-128.5755,34.96055,-Inf,0,8.41581844775927,3.61473888660251,0
"369","0.5-1","ct1_t1_h28","Calanoida",2.32544569257186,2325.44569257186,4.51797176589232,4517.97176589232,1.53867369115766,17.38964375,23.8663625,65.336625,32.97244375,0.013,59.8,0.207,0.26435,361.5505,43.67766667,0.370333333,1.022333333,0.021666667,39.707,2.921366667,44.12433944,112.6,0,602.6631245,5,"T1","CT1-T1-H28",-2.054216937,-128.5755,34.96055,7.75166699538001,3.57810210737623,8.41581844775927,6.95168429357163,0.514710098484331
"370","0.5-1","ct1_t1_h28","Cephalopoda",0,0,4.51797176589232,4517.97176589232,3.34033403340334,17.38964375,23.8663625,65.336625,32.97244375,0.013,59.8,0.207,0.26435,361.5505,43.67766667,0.370333333,1.022333333,0.021666667,39.707,2.921366667,44.12433944,112.6,0,602.6631245,5,"T1","CT1-T1-H28",-2.054216937,-128.5755,34.96055,-Inf,0,8.41581844775927,15.0915348515655,0
"371","0.5-1","ct1_t1_h28","Chaetognatha",0.00647566221751361,6.47566221751361,4.51797176589232,4517.97176589232,1.43686499797521,17.38964375,23.8663625,65.336625,32.97244375,0.013,59.8,0.207,0.26435,361.5505,43.67766667,0.370333333,1.022333333,0.021666667,39.707,2.921366667,44.12433944,112.6,0,602.6631245,5,"T1","CT1-T1-H28",-2.054216937,-128.5755,34.96055,1.86805087533115,0.00930465237905582,8.41581844775927,6.49171549225091,0.00143331179411092
"372","0.5-1","ct1_t1_h28","Cladocera",0,0,4.51797176589232,4517.97176589232,1.78795657343512,17.38964375,23.8663625,65.336625,32.97244375,0.013,59.8,0.207,0.26435,361.5505,43.67766667,0.370333333,1.022333333,0.021666667,39.707,2.921366667,44.12433944,112.6,0,602.6631245,5,"T1","CT1-T1-H28",-2.054216937,-128.5755,34.96055,-Inf,0,8.41581844775927,8.07793731742145,0
"373","0.5-1","ct1_t1_h28","Copepoda<Maxillopoda",1.37441113365338,1374.41113365338,4.51797176589232,4517.97176589232,1.35156372780135,17.38964375,23.8663625,65.336625,32.97244375,0.013,59.8,0.207,0.26435,361.5505,43.67766667,0.370333333,1.022333333,0.021666667,39.707,2.921366667,44.12433944,112.6,0,602.6631245,5,"T1","CT1-T1-H28",-2.054216937,-128.5755,34.96055,7.2257806519345,1.85760423533224,8.41581844775927,6.10632676201067,0.304209765990409
"374","0.5-1","ct1_t1_h28","Eucalanidae",0.0129145277933348,12.9145277933348,4.51797176589232,4517.97176589232,0.8000800080008,17.38964375,23.8663625,65.336625,32.97244375,0.013,59.8,0.207,0.26435,361.5505,43.67766667,0.370333333,1.022333333,0.021666667,39.707,2.921366667,44.12433944,112.6,0,602.6631245,5,"T1","CT1-T1-H28",-2.054216937,-128.5755,34.96055,2.55835286322624,0.0103326555002179,8.41581844775927,3.61473888660251,0.00285847908365229
"375","0.5-1","ct1_t1_h28","Eumalacostraca",0.19017681717394,190.17681717394,4.51797176589232,4517.97176589232,0.8000800080008,17.38964375,23.8663625,65.336625,32.97244375,0.013,59.8,0.207,0.26435,361.5505,43.67766667,0.370333333,1.022333333,0.021666667,39.707,2.921366667,44.12433944,112.6,0,602.6631245,5,"T1","CT1-T1-H28",-2.054216937,-128.5755,34.96055,5.24795425611017,0.152156669406093,8.41581844775927,3.61473888660251,0.042093405410288
"376","0.5-1","ct1_t1_h28","Harpacticoida",0.0108605020177463,10.8605020177463,4.51797176589232,4517.97176589232,0.8000800080008,17.38964375,23.8663625,65.336625,32.97244375,0.013,59.8,0.207,0.26435,361.5505,43.67766667,0.370333333,1.022333333,0.021666667,39.707,2.921366667,44.12433944,112.6,0,602.6631245,5,"T1","CT1-T1-H28",-2.054216937,-128.5755,34.96055,2.3851325397492,0.00868927054125118,8.41581844775927,3.61473888660251,0.00240384459675819
"377","0.5-1","ct1_t1_h28","Hydrozoa",0.0193332332588983,19.3332332588983,4.51797176589232,4517.97176589232,0.8000800080008,17.38964375,23.8663625,65.336625,32.97244375,0.013,59.8,0.207,0.26435,361.5505,43.67766667,0.370333333,1.022333333,0.021666667,39.707,2.921366667,44.12433944,112.6,0,602.6631245,5,"T1","CT1-T1-H28",-2.054216937,-128.5755,34.96055,2.96182554560103,0.0154681334204607,8.41581844775927,3.61473888660251,0.00427918416950972
"378","0.5-1","ct1_t1_h28","Oikopleuridae",0,0,4.51797176589232,4517.97176589232,1.49459390383483,17.38964375,23.8663625,65.336625,32.97244375,0.013,59.8,0.207,0.26435,361.5505,43.67766667,0.370333333,1.022333333,0.021666667,39.707,2.921366667,44.12433944,112.6,0,602.6631245,5,"T1","CT1-T1-H28",-2.054216937,-128.5755,34.96055,-Inf,0,8.41581844775927,6.75253305900053,0
"379","0.5-1","ct1_t1_h28","Oithonidae",0.0501188161067504,50.1188161067504,4.51797176589232,4517.97176589232,1.40974097409741,17.38964375,23.8663625,65.336625,32.97244375,0.013,59.8,0.207,0.26435,361.5505,43.67766667,0.370333333,1.022333333,0.021666667,39.707,2.921366667,44.12433944,112.6,0,602.6631245,5,"T1","CT1-T1-H28",-2.054216937,-128.5755,34.96055,3.91439650857471,0.0706545486389392,8.41581844775927,6.36916991819363,0.0110932114461436
"380","0.5-1","ct1_t1_h28","Ostracoda",0.13319668005305,133.19668005305,4.51797176589232,4517.97176589232,1.39119175075402,17.38964375,23.8663625,65.336625,32.97244375,0.013,59.8,0.207,0.26435,361.5505,43.67766667,0.370333333,1.022333333,0.021666667,39.707,2.921366667,44.12433944,112.6,0,602.6631245,5,"T1","CT1-T1-H28",-2.054216937,-128.5755,34.96055,4.89182683326902,0.185302122517626,8.41581844775927,6.28536505084898,0.0294815211238363
"381","0.5-1","ct1_t1_h28","Poecilostomatoida",0.357322981824573,357.322981824573,4.51797176589232,4517.97176589232,1.31159183334064,17.38964375,23.8663625,65.336625,32.97244375,0.013,59.8,0.207,0.26435,361.5505,43.67766667,0.370333333,1.022333333,0.021666667,39.707,2.921366667,44.12433944,112.6,0,602.6631245,5,"T1","CT1-T1-H28",-2.054216937,-128.5755,34.96055,5.87864008376852,0.468661904826035,8.41581844775927,5.92573487140794,0.0790892463122776
"382","0.5-1","ct1_t1_h28","Pteropoda",0.0324395641473235,32.4395641473235,4.51797176589232,4517.97176589232,1.64683134980165,17.38964375,23.8663625,65.336625,32.97244375,0.013,59.8,0.207,0.26435,361.5505,43.67766667,0.370333333,1.022333333,0.021666667,39.707,2.921366667,44.12433944,112.6,0,602.6631245,5,"T1","CT1-T1-H28",-2.054216937,-128.5755,34.96055,3.47937879350108,0.0534224912117139,8.41581844775927,7.44033754159017,0.00718011661609323
"383","0.5-1","ct1_t1_h28","Salpida",0.00527615507394625,5.27615507394625,4.51797176589232,4517.97176589232,3.34033403340334,17.38964375,23.8663625,65.336625,32.97244375,0.013,59.8,0.207,0.26435,361.5505,43.67766667,0.370333333,1.022333333,0.021666667,39.707,2.921366667,44.12433944,112.6,0,602.6631245,5,"T1","CT1-T1-H28",-2.054216937,-128.5755,34.96055,1.66319762675562,0.0176241203590164,8.41581844775927,15.0915348515655,0.00116781497258963
"384","0.5-1","ct1_t1_h28","Tomopteridae",0,0,4.51797176589232,4517.97176589232,2.32423242324232,17.38964375,23.8663625,65.336625,32.97244375,0.013,59.8,0.207,0.26435,361.5505,43.67766667,0.370333333,1.022333333,0.021666667,39.707,2.921366667,44.12433944,112.6,0,602.6631245,5,"T1","CT1-T1-H28",-2.054216937,-128.5755,34.96055,-Inf,0,8.41581844775927,10.5008164655803,0
"385","0.5-1","ct1_t1_h28","cypris",0,0,4.51797176589232,4517.97176589232,1.21481535908693,17.38964375,23.8663625,65.336625,32.97244375,0.013,59.8,0.207,0.26435,361.5505,43.67766667,0.370333333,1.022333333,0.021666667,39.707,2.921366667,44.12433944,112.6,0,602.6631245,5,"T1","CT1-T1-H28",-2.054216937,-128.5755,34.96055,-Inf,0,8.41581844775927,5.48850149312708,0
"386","0.5-1","ct1_t1_h28","darksphere",0,0,4.51797176589232,4517.97176589232,1.54098743207654,17.38964375,23.8663625,65.336625,32.97244375,0.013,59.8,0.207,0.26435,361.5505,43.67766667,0.370333333,1.022333333,0.021666667,39.707,2.921366667,44.12433944,112.6,0,602.6631245,5,"T1","CT1-T1-H28",-2.054216937,-128.5755,34.96055,-Inf,0,8.41581844775927,6.96213770971672,0
"387","0.5-1","ct1_t1_h28","egg<Actinopterygii",0,0,4.51797176589232,4517.97176589232,1.7026702670267,17.38964375,23.8663625,65.336625,32.97244375,0.013,59.8,0.207,0.26435,361.5505,43.67766667,0.370333333,1.022333333,0.021666667,39.707,2.921366667,44.12433944,112.6,0,602.6631245,5,"T1","CT1-T1-H28",-2.054216937,-128.5755,34.96055,-Inf,0,8.41581844775927,7.69261619305097,0
"388","0.5-1","ct1_t1_h28","head<Chaetognatha",0,0,4.51797176589232,4517.97176589232,2.32423242324232,17.38964375,23.8663625,65.336625,32.97244375,0.013,59.8,0.207,0.26435,361.5505,43.67766667,0.370333333,1.022333333,0.021666667,39.707,2.921366667,44.12433944,112.6,0,602.6631245,5,"T1","CT1-T1-H28",-2.054216937,-128.5755,34.96055,-Inf,0,8.41581844775927,10.5008164655803,0
"389","0.5-1","ct1_t1_h28","multiple organisms",0,0,4.51797176589232,4517.97176589232,0.962916804500963,17.38964375,23.8663625,65.336625,32.97244375,0.013,59.8,0.207,0.26435,361.5505,43.67766667,0.370333333,1.022333333,0.021666667,39.707,2.921366667,44.12433944,112.6,0,602.6631245,5,"T1","CT1-T1-H28",-2.054216937,-128.5755,34.96055,-Inf,0,8.41581844775927,4.3504309356386,0
"390","0.5-1","ct1_t1_h28","nauplii<Cirripedia",0,0,4.51797176589232,4517.97176589232,0.8000800080008,17.38964375,23.8663625,65.336625,32.97244375,0.013,59.8,0.207,0.26435,361.5505,43.67766667,0.370333333,1.022333333,0.021666667,39.707,2.921366667,44.12433944,112.6,0,602.6631245,5,"T1","CT1-T1-H28",-2.054216937,-128.5755,34.96055,-Inf,0,8.41581844775927,3.61473888660251,0
"391","0.5-1","ct1_t1_h28","nauplii<Crustacea",0,0,4.51797176589232,4517.97176589232,1.64683134980165,17.38964375,23.8663625,65.336625,32.97244375,0.013,59.8,0.207,0.26435,361.5505,43.67766667,0.370333333,1.022333333,0.021666667,39.707,2.921366667,44.12433944,112.6,0,602.6631245,5,"T1","CT1-T1-H28",-2.054216937,-128.5755,34.96055,-Inf,0,8.41581844775927,7.44033754159017,0
"392","0.5-1","ct1_t1_h28","other<living",0,0,4.51797176589232,4517.97176589232,1.08472385700108,17.38964375,23.8663625,65.336625,32.97244375,0.013,59.8,0.207,0.26435,361.5505,43.67766667,0.370333333,1.022333333,0.021666667,39.707,2.921366667,44.12433944,112.6,0,602.6631245,5,"T1","CT1-T1-H28",-2.054216937,-128.5755,34.96055,-Inf,0,8.41581844775927,4.90075175972072,0
"393","0.5-1","ct1_t1_h28","part<Crustacea",0,0,4.51797176589232,4517.97176589232,1.52402337007894,17.38964375,23.8663625,65.336625,32.97244375,0.013,59.8,0.207,0.26435,361.5505,43.67766667,0.370333333,1.022333333,0.021666667,39.707,2.921366667,44.12433944,112.6,0,602.6631245,5,"T1","CT1-T1-H28",-2.054216937,-128.5755,34.96055,-Inf,0,8.41581844775927,6.88549455657672,0
"394","0.5-1","ct1_t2_h29","Calanoida",1.62499285989732,1624.99285989732,3.35105500826162,3351.05500826162,1.99438938307239,18.16554375,23.51706875,68.402375,32.7602,0.0065,80.1,-0.06,0.0202625,312.9815,70.47466667,0.3345,1.135,0.0035,58.565,0.948566667,49.90714574,0.1229,1,524.1840843,11,"T1","CT1-T2-H29",-3.394650309,-127.5728,35.0498,7.39325870084485,3.24086850734766,8.11703050307904,6.68330853056852,0.484919780752957
"395","0.5-1","ct1_t2_h29","Cephalopoda",0,0,3.35105500826162,3351.05500826162,0.4000400040004,18.16554375,23.51706875,68.402375,32.7602,0.0065,80.1,-0.06,0.0202625,312.9815,70.47466667,0.3345,1.135,0.0035,58.565,0.948566667,49.90714574,0.1229,1,524.1840843,11,"T1","CT1-T2-H29",-3.394650309,-127.5728,35.0498,-Inf,0,8.11703050307904,1.34055605891054,0
"396","0.5-1","ct1_t2_h29","Chaetognatha",0.00320213318596548,3.20213318596548,3.35105500826162,3351.05500826162,1.08939465375109,18.16554375,23.51706875,68.402375,32.7602,0.0065,80.1,-0.06,0.0202625,312.9815,70.47466667,0.3345,1.135,0.0035,58.565,0.948566667,49.90714574,0.1229,1,524.1840843,11,"T1","CT1-T2-H29",-3.394650309,-127.5728,35.0498,1.16381720832707,0.00348838677338974,8.11703050307904,3.65062141042602,0.000955559720169024
"397","0.5-1","ct1_t2_h29","Cladocera",0,0,3.35105500826162,3351.05500826162,1.80927183627454,18.16554375,23.51706875,68.402375,32.7602,0.0065,80.1,-0.06,0.0202625,312.9815,70.47466667,0.3345,1.135,0.0035,58.565,0.948566667,49.90714574,0.1229,1,524.1840843,11,"T1","CT1-T2-H29",-3.394650309,-127.5728,35.0498,-Inf,0,8.11703050307904,6.06296944825449,0
"398","0.5-1","ct1_t2_h29","Copepoda<Maxillopoda",0.769304648116595,769.304648116595,3.35105500826162,3351.05500826162,2.0071189508888,18.16554375,23.51706875,68.402375,32.7602,0.0065,80.1,-0.06,0.0202625,312.9815,70.47466667,0.3345,1.135,0.0035,58.565,0.948566667,49.90714574,0.1229,1,524.1840843,11,"T1","CT1-T2-H29",-3.394650309,-127.5728,35.0498,6.64548705245443,1.54408593824166,8.11703050307904,6.72596601255272,0.229570880280976
"399","0.5-1","ct1_t2_h29","Doliolida",0.000646053304489456,0.646053304489456,3.35105500826162,3351.05500826162,1.6001600160016,18.16554375,23.51706875,68.402375,32.7602,0.0065,80.1,-0.06,0.0202625,312.9815,70.47466667,0.3345,1.135,0.0035,58.565,0.948566667,49.90714574,0.1229,1,524.1840843,11,"T1","CT1-T2-H29",-3.394650309,-127.5728,35.0498,-0.436873263914125,0.00103378866604973,8.11703050307904,5.36222423564216,0.000192791017424867
"400","0.5-1","ct1_t2_h29","Eucalanidae",0.0193862884617654,19.3862884617654,3.35105500826162,3351.05500826162,2.15021502150215,18.16554375,23.51706875,68.402375,32.7602,0.0065,80.1,-0.06,0.0202625,312.9815,70.47466667,0.3345,1.135,0.0035,58.565,0.948566667,49.90714574,0.1229,1,524.1840843,11,"T1","CT1-T2-H29",-3.394650309,-127.5728,35.0498,2.96456603586095,0.0416846886616617,8.11703050307904,7.20548881664415,0.00578512988117796
"401","0.5-1","ct1_t2_h29","Eumalacostraca",0.761693042450168,761.693042450168,3.35105500826162,3351.05500826162,1.11122223333444,18.16554375,23.51706875,68.402375,32.7602,0.0065,80.1,-0.06,0.0202625,312.9815,70.47466667,0.3345,1.135,0.0035,58.565,0.948566667,49.90714574,0.1229,1,524.1840843,11,"T1","CT1-T2-H29",-3.394650309,-127.5728,35.0498,6.63554364309804,0.846410243746783,8.11703050307904,3.72376683030706,0.22729947451543
"402","0.5-1","ct1_t2_h29","Harpacticoida",0.00435321657163164,4.35321657163164,3.35105500826162,3351.05500826162,3.46701336800347,18.16554375,23.51706875,68.402375,32.7602,0.0065,80.1,-0.06,0.0202625,312.9815,70.47466667,0.3345,1.135,0.0035,58.565,0.948566667,49.90714574,0.1229,1,524.1840843,11,"T1","CT1-T2-H29",-3.394650309,-127.5728,35.0498,1.47091501360263,0.0150926600476611,8.11703050307904,11.618152510558,0.00129905852362892
"403","0.5-1","ct1_t2_h29","Oikopleuridae",0,0,3.35105500826162,3351.05500826162,1.8001800180018,18.16554375,23.51706875,68.402375,32.7602,0.0065,80.1,-0.06,0.0202625,312.9815,70.47466667,0.3345,1.135,0.0035,58.565,0.948566667,49.90714574,0.1229,1,524.1840843,11,"T1","CT1-T2-H29",-3.394650309,-127.5728,35.0498,-Inf,0,8.11703050307904,6.03250226509743,0
"404","0.5-1","ct1_t2_h29","Oithonidae",0.0161655131195245,16.1655131195245,3.35105500826162,3351.05500826162,3.48923781267016,18.16554375,23.51706875,68.402375,32.7602,0.0065,80.1,-0.06,0.0202625,312.9815,70.47466667,0.3345,1.135,0.0035,58.565,0.948566667,49.90714574,0.1229,1,524.1840843,11,"T1","CT1-T2-H29",-3.394650309,-127.5728,35.0498,2.78288015329807,0.0564053196378603,8.11703050307904,11.6926278471642,0.00482400709020602
"405","0.5-1","ct1_t2_h29","Ostracoda",0.0398081557755769,39.8081557755769,3.35105500826162,3351.05500826162,1.7001700170017,18.16554375,23.51706875,68.402375,32.7602,0.0065,80.1,-0.06,0.0202625,312.9815,70.47466667,0.3345,1.135,0.0035,58.565,0.948566667,49.90714574,0.1229,1,524.1840843,11,"T1","CT1-T2-H29",-3.394650309,-127.5728,35.0498,3.68407181028171,0.0676806328817689,8.11703050307904,5.6973632503698,0.0118792904555236
"406","0.5-1","ct1_t2_h29","Poecilostomatoida",0.111503097378583,111.503097378583,3.35105500826162,3351.05500826162,1.8374718827815,18.16554375,23.51706875,68.402375,32.7602,0.0065,80.1,-0.06,0.0202625,312.9815,70.47466667,0.3345,1.135,0.0035,58.565,0.948566667,49.90714574,0.1229,1,524.1840843,11,"T1","CT1-T2-H29",-3.394650309,-127.5728,35.0498,4.71405236969445,0.204883806276193,8.11703050307904,6.15746935533485,0.0332740277625063
"407","0.5-1","ct1_t2_h29","Tomopteridae",0,0,3.35105500826162,3351.05500826162,3.3003300330033,18.16554375,23.51706875,68.402375,32.7602,0.0065,80.1,-0.06,0.0202625,312.9815,70.47466667,0.3345,1.135,0.0035,58.565,0.948566667,49.90714574,0.1229,1,524.1840843,11,"T1","CT1-T2-H29",-3.394650309,-127.5728,35.0498,-Inf,0,8.11703050307904,11.059587486012,0
"408","0.5-1","ct1_t2_h29","cypris",0,0,3.35105500826162,3351.05500826162,1.48586287200149,18.16554375,23.51706875,68.402375,32.7602,0.0065,80.1,-0.06,0.0202625,312.9815,70.47466667,0.3345,1.135,0.0035,58.565,0.948566667,49.90714574,0.1229,1,524.1840843,11,"T1","CT1-T2-H29",-3.394650309,-127.5728,35.0498,-Inf,0,8.11703050307904,4.97920821881058,0
"409","0.5-1","ct1_t2_h29","darksphere",0,0,3.35105500826162,3351.05500826162,1.74303144600174,18.16554375,23.51706875,68.402375,32.7602,0.0065,80.1,-0.06,0.0202625,312.9815,70.47466667,0.3345,1.135,0.0035,58.565,0.948566667,49.90714574,0.1229,1,524.1840843,11,"T1","CT1-T2-H29",-3.394650309,-127.5728,35.0498,-Inf,0,8.11703050307904,5.84099425668164,0
"410","0.5-1","ct1_t2_h29","egg<Actinopterygii",0,0,3.35105500826162,3351.05500826162,0.8000800080008,18.16554375,23.51706875,68.402375,32.7602,0.0065,80.1,-0.06,0.0202625,312.9815,70.47466667,0.3345,1.135,0.0035,58.565,0.948566667,49.90714574,0.1229,1,524.1840843,11,"T1","CT1-T2-H29",-3.394650309,-127.5728,35.0498,-Inf,0,8.11703050307904,2.68111211782108,0
"411","0.5-1","ct1_t2_h29","head<Chaetognatha",0,0,3.35105500826162,3351.05500826162,1.96019601960196,18.16554375,23.51706875,68.402375,32.7602,0.0065,80.1,-0.06,0.0202625,312.9815,70.47466667,0.3345,1.135,0.0035,58.565,0.948566667,49.90714574,0.1229,1,524.1840843,11,"T1","CT1-T2-H29",-3.394650309,-127.5728,35.0498,-Inf,0,8.11703050307904,6.56872468866165,0
"412","0.5-1","ct1_t2_h29","multiple organisms",0,0,3.35105500826162,3351.05500826162,1.87624396242441,18.16554375,23.51706875,68.402375,32.7602,0.0065,80.1,-0.06,0.0202625,312.9815,70.47466667,0.3345,1.135,0.0035,58.565,0.948566667,49.90714574,0.1229,1,524.1840843,11,"T1","CT1-T2-H29",-3.394650309,-127.5728,35.0498,-Inf,0,8.11703050307904,6.28739672700296,0
"413","0.5-1","ct1_t2_h29","nauplii<Crustacea",0,0,3.35105500826162,3351.05500826162,1.2001200120012,18.16554375,23.51706875,68.402375,32.7602,0.0065,80.1,-0.06,0.0202625,312.9815,70.47466667,0.3345,1.135,0.0035,58.565,0.948566667,49.90714574,0.1229,1,524.1840843,11,"T1","CT1-T2-H29",-3.394650309,-127.5728,35.0498,-Inf,0,8.11703050307904,4.02166817673162,0
"414","0.5-1","ct1_t2_h29","other<living",0,0,3.35105500826162,3351.05500826162,1.54798088504503,18.16554375,23.51706875,68.402375,32.7602,0.0065,80.1,-0.06,0.0202625,312.9815,70.47466667,0.3345,1.135,0.0035,58.565,0.948566667,49.90714574,0.1229,1,524.1840843,11,"T1","CT1-T2-H29",-3.394650309,-127.5728,35.0498,-Inf,0,8.11703050307904,5.18736909752339,0
"415","0.5-1","ct1_t2_h29","part<Crustacea",0,0,3.35105500826162,3351.05500826162,2.25736859400226,18.16554375,23.51706875,68.402375,32.7602,0.0065,80.1,-0.06,0.0202625,312.9815,70.47466667,0.3345,1.135,0.0035,58.565,0.948566667,49.90714574,0.1229,1,524.1840843,11,"T1","CT1-T2-H29",-3.394650309,-127.5728,35.0498,-Inf,0,8.11703050307904,7.56456633242376,0
"416","0.5-1","ct1_t3_h30","Calanoida",0.947015868557801,947.015868557801,1.34928636427216,1349.28636427216,48.3326116341262,18.16806875,23.51549375,70.3971875,32.75895,0.0085,94.339,-0.073,0.00883125,258.4555,78.41433333,0.3345,1.0805,0.007,73.452,1.302366667,47.52148287,24.685,1,450.7865706,86,"T1","CT1-T3-H30",-3.727302931,-126.6352,35.02288,6.85331584970651,45.7717501863589,7.2073311126065,65.2145338275884,0.701864254789713
"417","0.5-1","ct1_t3_h30","Chaetognatha",0.00350306316531761,3.50306316531761,1.34928636427216,1349.28636427216,42.9968827260024,18.16806875,23.51549375,70.3971875,32.75895,0.0085,94.339,-0.073,0.00883125,258.4555,78.41433333,0.3345,1.0805,0.007,73.452,1.302366667,47.52148287,24.685,1,450.7865706,86,"T1","CT1-T3-H30",-3.727302931,-126.6352,35.02288,1.25363777583057,0.15062079610094,7.2073311126065,58.0151075684042,0.00259623402272152
"418","0.5-1","ct1_t3_h30","Cladocera",0,0,1.34928636427216,1349.28636427216,57.3291769680032,18.16806875,23.51549375,70.3971875,32.75895,0.0085,94.339,-0.073,0.00883125,258.4555,78.41433333,0.3345,1.0805,0.007,73.452,1.302366667,47.52148287,24.685,1,450.7865706,86,"T1","CT1-T3-H30",-3.727302931,-126.6352,35.02288,-Inf,0,7.2073311126065,77.3534767578722,0
"419","0.5-1","ct1_t3_h30","Copepoda<Maxillopoda",0.337832907432206,337.832907432206,1.34928636427216,1349.28636427216,49.5972813900817,18.16806875,23.51549375,70.3971875,32.75895,0.0085,94.339,-0.073,0.00883125,258.4555,78.41433333,0.3345,1.0805,0.007,73.452,1.302366667,47.52148287,24.685,1,450.7865706,86,"T1","CT1-T3-H30",-3.727302931,-126.6352,35.02288,5.822551416539,16.7555937727445,7.2073311126065,66.9209354846066,0.25037895318422
"420","0.5-1","ct1_t3_h30","Doliolida",0.000899929483279323,0.899929483279323,1.34928636427216,1349.28636427216,57.3291769680032,18.16806875,23.51549375,70.3971875,32.75895,0.0085,94.339,-0.073,0.00883125,258.4555,78.41433333,0.3345,1.0805,0.007,73.452,1.302366667,47.52148287,24.685,1,450.7865706,86,"T1","CT1-T3-H30",-3.727302931,-126.6352,35.02288,-0.105438870639361,0.051592216605644,7.2073311126065,77.3534767578722,0.000666967003527653
"421","0.5-1","ct1_t3_h30","Eucalanidae",0.0120170093408575,12.0170093408575,1.34928636427216,1349.28636427216,38.2194513120021,18.16806875,23.51549375,70.3971875,32.75895,0.0085,94.339,-0.073,0.00883125,258.4555,78.41433333,0.3345,1.0805,0.007,73.452,1.302366667,47.52148287,24.685,1,450.7865706,86,"T1","CT1-T3-H30",-3.727302931,-126.6352,35.02288,2.48632309123247,0.459283503418777,7.2073311126065,51.5689845052481,0.00890619638577595
"422","0.5-1","ct1_t3_h30","Harpacticoida",0.0020023268608497,2.0023268608497,1.34928636427216,1349.28636427216,57.3291769680032,18.16806875,23.51549375,70.3971875,32.75895,0.0085,94.339,-0.073,0.00883125,258.4555,78.41433333,0.3345,1.0805,0.007,73.452,1.302366667,47.52148287,24.685,1,450.7865706,86,"T1","CT1-T3-H30",-3.727302931,-126.6352,35.02288,0.694309934724091,0.114791750953439,7.2073311126065,77.3534767578722,0.00148398954726694
"423","0.5-1","ct1_t3_h30","Oikopleuridae",0,0,1.34928636427216,1349.28636427216,45.8633415744025,18.16806875,23.51549375,70.3971875,32.75895,0.0085,94.339,-0.073,0.00883125,258.4555,78.41433333,0.3345,1.0805,0.007,73.452,1.302366667,47.52148287,24.685,1,450.7865706,86,"T1","CT1-T3-H30",-3.727302931,-126.6352,35.02288,-Inf,0,7.2073311126065,61.8827814062978,0
"424","0.5-1","ct1_t3_h30","Oithonidae",0.00675275727711268,6.75275727711268,1.34928636427216,1349.28636427216,51.5962592712028,18.16806875,23.51549375,70.3971875,32.75895,0.0085,94.339,-0.073,0.00883125,258.4555,78.41433333,0.3345,1.0805,0.007,73.452,1.302366667,47.52148287,24.685,1,450.7865706,86,"T1","CT1-T3-H30",-3.727302931,-126.6352,35.02288,1.90995090697513,0.348417015265408,7.2073311126065,69.618129082085,0.00500468800094581
"425","0.5-1","ct1_t3_h30","Ostracoda",0.022134792614246,22.134792614246,1.34928636427216,1349.28636427216,50.9592684160028,18.16806875,23.51549375,70.3971875,32.75895,0.0085,94.339,-0.073,0.00883125,258.4555,78.41433333,0.3345,1.0805,0.007,73.452,1.302366667,47.52148287,24.685,1,450.7865706,86,"T1","CT1-T3-H30",-3.727302931,-126.6352,35.02288,3.09715069700744,1.12797283816192,7.2073311126065,68.7586460069975,0.0164048145748409
"426","0.5-1","ct1_t3_h30","Polychaeta",0.00753036039876887,7.53036039876887,1.34928636427216,1349.28636427216,28.6645884840016,18.16806875,23.51549375,70.3971875,32.75895,0.0085,94.339,-0.073,0.00883125,258.4555,78.41433333,0.3345,1.0805,0.007,73.452,1.302366667,47.52148287,24.685,1,450.7865706,86,"T1","CT1-T3-H30",-3.727302931,-126.6352,35.02288,2.01894290238876,0.215854681966932,7.2073311126065,38.6767383789361,0.00558099496012542
"427","0.5-1","ct1_t3_h30","Salpida",0.00959734914172081,9.59734914172081,1.34928636427216,1349.28636427216,57.3291769680032,18.16806875,23.51549375,70.3971875,32.75895,0.0085,94.339,-0.073,0.00883125,258.4555,78.41433333,0.3345,1.0805,0.007,73.452,1.302366667,47.52148287,24.685,1,450.7865706,86,"T1","CT1-T3-H30",-3.727302931,-126.6352,35.02288,2.26148692927184,0.550208127369426,7.2073311126065,77.3534767578722,0.00711290753086197
"428","0.5-1","ct1_t3_h30","cypris",0,0,1.34928636427216,1349.28636427216,28.6645884840016,18.16806875,23.51549375,70.3971875,32.75895,0.0085,94.339,-0.073,0.00883125,258.4555,78.41433333,0.3345,1.0805,0.007,73.452,1.302366667,47.52148287,24.685,1,450.7865706,86,"T1","CT1-T3-H30",-3.727302931,-126.6352,35.02288,-Inf,0,7.2073311126065,38.6767383789361,0
"429","0.5-1","ct1_t3_h30","darksphere",0,0,1.34928636427216,1349.28636427216,28.6645884840016,18.16806875,23.51549375,70.3971875,32.75895,0.0085,94.339,-0.073,0.00883125,258.4555,78.41433333,0.3345,1.0805,0.007,73.452,1.302366667,47.52148287,24.685,1,450.7865706,86,"T1","CT1-T3-H30",-3.727302931,-126.6352,35.02288,-Inf,0,7.2073311126065,38.6767383789361,0
"430","0.5-1","ct1_t3_h30","multiple organisms",0,0,1.34928636427216,1349.28636427216,46.2777693597134,18.16806875,23.51549375,70.3971875,32.75895,0.0085,94.339,-0.073,0.00883125,258.4555,78.41433333,0.3345,1.0805,0.007,73.452,1.302366667,47.52148287,24.685,1,450.7865706,86,"T1","CT1-T3-H30",-3.727302931,-126.6352,35.02288,-Inf,0,7.2073311126065,62.4419631659932,0
"431","0.5-1","ct1_t3_h30","other<living",0,0,1.34928636427216,1349.28636427216,53.2342357560029,18.16806875,23.51549375,70.3971875,32.75895,0.0085,94.339,-0.073,0.00883125,258.4555,78.41433333,0.3345,1.0805,0.007,73.452,1.302366667,47.52148287,24.685,1,450.7865706,86,"T1","CT1-T3-H30",-3.727302931,-126.6352,35.02288,-Inf,0,7.2073311126065,71.8282284180242,0
"432","0.5-1","ct1_t3_h30","part<Crustacea",0,0,1.34928636427216,1349.28636427216,49.1392945440027,18.16806875,23.51549375,70.3971875,32.75895,0.0085,94.339,-0.073,0.00883125,258.4555,78.41433333,0.3345,1.0805,0.007,73.452,1.302366667,47.52148287,24.685,1,450.7865706,86,"T1","CT1-T3-H30",-3.727302931,-126.6352,35.02288,-Inf,0,7.2073311126065,66.3029800781762,0
"433","0.5-1","ct1_t4_h31","Amphipoda",0,0,2.73474985761021,2734.74985761021,36.8239271341023,18.11386875,23.52309375,78.3553125,32.751575,0.01,81.135,-0.0975,0.04135,276.3005,58.56533333,0.331,0.9545,-0.0155,50.625,1.3489,43.3434391,39.938,0,353.6559397,84,"T1","CT1-T4-H31",-3.259153374,-125.5235,35.09508,-Inf,0,7.91379525093306,100.704229486635,0
"434","0.5-1","ct1_t4_h31","Calanoida",1.57873166873015,1578.73166873015,2.73474985761021,2734.74985761021,34.2129790839222,18.11386875,23.52309375,78.3553125,32.751575,0.01,81.135,-0.0975,0.04135,276.3005,58.56533333,0.331,0.9545,-0.0155,50.625,1.3489,43.3434391,39.938,0,353.6559397,84,"T1","CT1-T4-H31",-3.259153374,-125.5235,35.09508,7.36437706234164,54.01311356139,7.91379525093306,93.5639396781771,0.577285584031345
"435","0.5-1","ct1_t4_h31","Chaetognatha",0.00428172365614107,4.28172365614107,2.73474985761021,2734.74985761021,27.8111159518936,18.11386875,23.52309375,78.3553125,32.751575,0.01,81.135,-0.0975,0.04135,276.3005,58.56533333,0.331,0.9545,-0.0155,50.625,1.3489,43.3434391,39.938,0,353.6559397,84,"T1","CT1-T4-H31",-3.259153374,-125.5235,35.09508,1.45435565191985,0.119079513074905,7.91379525093306,76.0564453894219,0.00156567286921177
"436","0.5-1","ct1_t4_h31","Cladocera",0,0,2.73474985761021,2734.74985761021,32.1827977667341,18.11386875,23.52309375,78.3553125,32.751575,0.01,81.135,-0.0975,0.04135,276.3005,58.56533333,0.331,0.9545,-0.0155,50.625,1.3489,43.3434391,39.938,0,353.6559397,84,"T1","CT1-T4-H31",-3.259153374,-125.5235,35.09508,-Inf,0,7.91379525093306,88.0119016100743,0
"437","0.5-1","ct1_t4_h31","Copepoda<Maxillopoda",0.629567723468487,629.567723468487,2.73474985761021,2734.74985761021,33.4246872812646,18.11386875,23.52309375,78.3553125,32.751575,0.01,81.135,-0.0975,0.04135,276.3005,58.56533333,0.331,0.9545,-0.0155,50.625,1.3489,43.3434391,39.938,0,353.6559397,84,"T1","CT1-T4-H31",-3.259153374,-125.5235,35.09508,6.44503343065009,21.0431042793119,7.91379525093306,91.4081587831042,0.230210350579794
"438","0.5-1","ct1_t4_h31","Doliolida",0.000648994327979114,0.648994327979114,2.73474985761021,2734.74985761021,44.186503235761,18.11386875,23.52309375,78.3553125,32.751575,0.01,81.135,-0.0975,0.04135,276.3005,58.56533333,0.331,0.9545,-0.0155,50.625,1.3489,43.3434391,39.938,0,353.6559397,84,"T1","CT1-T4-H31",-3.259153374,-125.5235,35.09508,-0.432331301947803,0.0286767899732396,7.91379525093306,120.83903343229,0.000237313963532389
"439","0.5-1","ct1_t4_h31","Eucalanidae",0.00210589720193909,2.10589720193909,2.73474985761021,2734.74985761021,36.8239271341023,18.11386875,23.52309375,78.3553125,32.751575,0.01,81.135,-0.0975,0.04135,276.3005,58.56533333,0.331,0.9545,-0.0155,50.625,1.3489,43.3434391,39.938,0,353.6559397,84,"T1","CT1-T4-H31",-3.259153374,-125.5235,35.09508,0.744741600525706,0.077547405116115,7.91379525093306,100.704229486635,0.000770051124083193
"440","0.5-1","ct1_t4_h31","Eumalacostraca",0.379178614398011,379.178614398011,2.73474985761021,2734.74985761021,38.2033745319937,18.11386875,23.52309375,78.3553125,32.751575,0.01,81.135,-0.0975,0.04135,276.3005,58.56533333,0.331,0.9545,-0.0155,50.625,1.3489,43.3434391,39.938,0,353.6559397,84,"T1","CT1-T4-H31",-3.259153374,-125.5235,35.09508,5.9380073721608,14.4859026203696,7.91379525093306,104.476673061599,0.138652028207567
"441","0.5-1","ct1_t4_h31","Harpacticoida",0.0012043055537304,1.2043055537304,2.73474985761021,2734.74985761021,44.186503235761,18.11386875,23.52309375,78.3553125,32.751575,0.01,81.135,-0.0975,0.04135,276.3005,58.56533333,0.331,0.9545,-0.0155,50.625,1.3489,43.3434391,39.938,0,353.6559397,84,"T1","CT1-T4-H31",-3.259153374,-125.5235,35.09508,0.185903096857484,0.053214051246753,7.91379525093306,120.83903343229,0.000440371374507646
"442","0.5-1","ct1_t4_h31","Oikopleuridae",0,0,2.73474985761021,2734.74985761021,31.3412858973833,18.11386875,23.52309375,78.3553125,32.751575,0.01,81.135,-0.0975,0.04135,276.3005,58.56533333,0.331,0.9545,-0.0155,50.625,1.3489,43.3434391,39.938,0,353.6559397,84,"T1","CT1-T4-H31",-3.259153374,-125.5235,35.09508,-Inf,0,7.91379525093306,85.7105771451897,0
"443","0.5-1","ct1_t4_h31","Oithonidae",0.0620357615853033,62.0357615853033,2.73474985761021,2734.74985761021,33.191274921904,18.11386875,23.52309375,78.3553125,32.751575,0.01,81.135,-0.0975,0.04135,276.3005,58.56533333,0.331,0.9545,-0.0155,50.625,1.3489,43.3434391,39.938,0,353.6559397,84,"T1","CT1-T4-H31",-3.259153374,-125.5235,35.09508,4.127711018523,2.05904601776749,7.91379525093306,90.7698343665781,0.022684254434705
"444","0.5-1","ct1_t4_h31","Ostracoda",0.0381181769486906,38.1181769486906,2.73474985761021,2734.74985761021,40.9650309842288,18.11386875,23.52309375,78.3553125,32.751575,0.01,81.135,-0.0975,0.04135,276.3005,58.56533333,0.331,0.9545,-0.0155,50.625,1.3489,43.3434391,39.938,0,353.6559397,84,"T1","CT1-T4-H31",-3.259153374,-125.5235,35.09508,3.64069125363113,1.56151229976542,7.91379525093306,112.029112651117,0.0139384510223544
"445","0.5-1","ct1_t4_h31","Poecilostomatoida",0.0180449251367186,18.0449251367186,2.73474985761021,2734.74985761021,32.5880984676641,18.11386875,23.52309375,78.3553125,32.751575,0.01,81.135,-0.0975,0.04135,276.3005,58.56533333,0.331,0.9545,-0.0155,50.625,1.3489,43.3434391,39.938,0,353.6559397,84,"T1","CT1-T4-H31",-3.259153374,-125.5235,35.09508,2.8928644893867,0.588049797197013,7.91379525093306,89.1202976442319,0.00659838232974161
"446","0.5-1","ct1_t4_h31","Polychaeta",0.0108903931551409,10.8903931551409,2.73474985761021,2734.74985761021,40.5052151849316,18.11386875,23.52309375,78.3553125,32.751575,0.01,81.135,-0.0975,0.04135,276.3005,58.56533333,0.331,0.9545,-0.0155,50.625,1.3489,43.3434391,39.938,0,353.6559397,84,"T1","CT1-T4-H31",-3.259153374,-125.5235,35.09508,2.38788103869364,0.441117718197489,7.91379525093306,110.771631459463,0.00398222642734046
"447","0.5-1","ct1_t4_h31","Pteropoda",0.00994167344792016,9.94167344792016,2.73474985761021,2734.74985761021,44.186503235761,18.11386875,23.52309375,78.3553125,32.751575,0.01,81.135,-0.0975,0.04135,276.3005,58.56533333,0.331,0.9545,-0.0155,50.625,1.3489,43.3434391,39.938,0,353.6559397,84,"T1","CT1-T4-H31",-3.259153374,-125.5235,35.09508,2.29673536141993,0.439287785975403,7.91379525093306,120.83903343229,0.00363531363581743
"448","0.5-1","ct1_t4_h31","Tomopteridae",0,0,2.73474985761021,2734.74985761021,11.0466258089402,18.11386875,23.52309375,78.3553125,32.751575,0.01,81.135,-0.0975,0.04135,276.3005,58.56533333,0.331,0.9545,-0.0155,50.625,1.3489,43.3434391,39.938,0,353.6559397,84,"T1","CT1-T4-H31",-3.259153374,-125.5235,35.09508,-Inf,0,7.91379525093306,30.2097583580726,0
"449","0.5-1","ct1_t4_h31","cypris",0,0,2.73474985761021,2734.74985761021,28.1428573376765,18.11386875,23.52309375,78.3553125,32.751575,0.01,81.135,-0.0975,0.04135,276.3005,58.56533333,0.331,0.9545,-0.0155,50.625,1.3489,43.3434391,39.938,0,353.6559397,84,"T1","CT1-T4-H31",-3.259153374,-125.5235,35.09508,-Inf,0,7.91379525093306,76.9636750969553,0
"450","0.5-1","ct1_t4_h31","darksphere",0,0,2.73474985761021,2734.74985761021,38.5037346891792,18.11386875,23.52309375,78.3553125,32.751575,0.01,81.135,-0.0975,0.04135,276.3005,58.56533333,0.331,0.9545,-0.0155,50.625,1.3489,43.3434391,39.938,0,353.6559397,84,"T1","CT1-T4-H31",-3.259153374,-125.5235,35.09508,-Inf,0,7.91379525093306,105.298082958694,0
"451","0.5-1","ct1_t4_h31","egg<Actinopterygii",0,0,2.73474985761021,2734.74985761021,44.186503235761,18.11386875,23.52309375,78.3553125,32.751575,0.01,81.135,-0.0975,0.04135,276.3005,58.56533333,0.331,0.9545,-0.0155,50.625,1.3489,43.3434391,39.938,0,353.6559397,84,"T1","CT1-T4-H31",-3.259153374,-125.5235,35.09508,-Inf,0,7.91379525093306,120.83903343229,0
"452","0.5-1","ct1_t4_h31","head<Chaetognatha",0,0,2.73474985761021,2734.74985761021,29.4585893759914,18.11386875,23.52309375,78.3553125,32.751575,0.01,81.135,-0.0975,0.04135,276.3005,58.56533333,0.331,0.9545,-0.0155,50.625,1.3489,43.3434391,39.938,0,353.6559397,84,"T1","CT1-T4-H31",-3.259153374,-125.5235,35.09508,-Inf,0,7.91379525093306,80.56187310139,0
"453","0.5-1","ct1_t4_h31","multiple organisms",0,0,2.73474985761021,2734.74985761021,33.8891700554411,18.11386875,23.52309375,78.3553125,32.751575,0.01,81.135,-0.0975,0.04135,276.3005,58.56533333,0.331,0.9545,-0.0155,50.625,1.3489,43.3434391,39.938,0,353.6559397,84,"T1","CT1-T4-H31",-3.259153374,-125.5235,35.09508,-Inf,0,7.91379525093306,92.6784029836457,0
"454","0.5-1","ct1_t4_h31","nauplii<Crustacea",0,0,2.73474985761021,2734.74985761021,44.186503235761,18.11386875,23.52309375,78.3553125,32.751575,0.01,81.135,-0.0975,0.04135,276.3005,58.56533333,0.331,0.9545,-0.0155,50.625,1.3489,43.3434391,39.938,0,353.6559397,84,"T1","CT1-T4-H31",-3.259153374,-125.5235,35.09508,-Inf,0,7.91379525093306,120.83903343229,0
"455","0.5-1","ct1_t4_h31","other<living",0,0,2.73474985761021,2734.74985761021,27.6169097294071,18.11386875,23.52309375,78.3553125,32.751575,0.01,81.135,-0.0975,0.04135,276.3005,58.56533333,0.331,0.9545,-0.0155,50.625,1.3489,43.3434391,39.938,0,353.6559397,84,"T1","CT1-T4-H31",-3.259153374,-125.5235,35.09508,-Inf,0,7.91379525093306,75.5253399501301,0
"456","0.5-1","ct1_t4_h31","part<Crustacea",0,0,2.73474985761021,2734.74985761021,29.7550665589926,18.11386875,23.52309375,78.3553125,32.751575,0.01,81.135,-0.0975,0.04135,276.3005,58.56533333,0.331,0.9545,-0.0155,50.625,1.3489,43.3434391,39.938,0,353.6559397,84,"T1","CT1-T4-H31",-3.259153374,-125.5235,35.09508,-Inf,0,7.91379525093306,81.3726640353873,0
"457","0.5-1","ct1_t5_h32","Amphipoda",0,0,1.33616751740678,1336.16751740678,64.2348364715355,17.41111875,23.60625,81.763,32.63924375,0.032,60.184,0.115333333,0.1357875,295.1365,44.66966667,0.364,1.203666667,0.021333333,40.7,2.300733333,40.373965,105.72,0,287.1546375,5,"T1","CT1-T5-H32",-2.057413352,-124.7213,35.11383,-Inf,0,7.19756073351679,85.828501979202,0
"458","0.5-1","ct1_t5_h32","Calanoida",0.890292599245695,890.292599245695,1.33616751740678,1336.16751740678,64.2348364715355,17.41111875,23.60625,81.763,32.63924375,0.032,60.184,0.115333333,0.1357875,295.1365,44.66966667,0.364,1.203666667,0.021333333,40.7,2.300733333,40.373965,105.72,0,287.1546375,5,"T1","CT1-T5-H32",-2.057413352,-124.7213,35.11383,6.79155017189282,57.1877995243656,7.19756073351679,85.828501979202,0.666303130144614
"459","0.5-1","ct1_t5_h32","Chaetognatha",0.00242005706837868,2.42005706837868,1.33616751740678,1336.16751740678,64.2348364715355,17.41111875,23.60625,81.763,32.63924375,0.032,60.184,0.115333333,0.1357875,295.1365,44.66966667,0.364,1.203666667,0.021333333,40.7,2.300733333,40.373965,105.72,0,287.1546375,5,"T1","CT1-T5-H32",-2.057413352,-124.7213,35.11383,0.883791121865204,0.155451970039088,7.19756073351679,85.828501979202,0.00181119286081396
"460","0.5-1","ct1_t5_h32","Cladocera",0,0,1.33616751740678,1336.16751740678,64.2348364715355,17.41111875,23.60625,81.763,32.63924375,0.032,60.184,0.115333333,0.1357875,295.1365,44.66966667,0.364,1.203666667,0.021333333,40.7,2.300733333,40.373965,105.72,0,287.1546375,5,"T1","CT1-T5-H32",-2.057413352,-124.7213,35.11383,-Inf,0,7.19756073351679,85.828501979202,0
"461","0.5-1","ct1_t5_h32","Copepoda<Maxillopoda",0.304946290631868,304.946290631868,1.33616751740678,1336.16751740678,64.2348364715355,17.41111875,23.60625,81.763,32.63924375,0.032,60.184,0.115333333,0.1357875,295.1365,44.66966667,0.364,1.203666667,0.021333333,40.7,2.300733333,40.373965,105.72,0,287.1546375,5,"T1","CT1-T5-H32",-2.057413352,-124.7213,35.11383,5.72013566481168,19.5881751113394,7.19756073351679,85.828501979202,0.228224595089472
"462","0.5-1","ct1_t5_h32","Eumalacostraca",0.0820986883902629,82.0986883902629,1.33616751740678,1336.16751740678,64.2348364715355,17.41111875,23.60625,81.763,32.63924375,0.032,60.184,0.115333333,0.1357875,295.1365,44.66966667,0.364,1.203666667,0.021333333,40.7,2.300733333,40.373965,105.72,0,287.1546375,5,"T1","CT1-T5-H32",-2.057413352,-124.7213,35.11383,4.4079220405727,5.27359582327609,7.19756073351679,85.828501979202,0.0614434098425018
"463","0.5-1","ct1_t5_h32","Oikopleuridae",0,0,1.33616751740678,1336.16751740678,64.2348364715355,17.41111875,23.60625,81.763,32.63924375,0.032,60.184,0.115333333,0.1357875,295.1365,44.66966667,0.364,1.203666667,0.021333333,40.7,2.300733333,40.373965,105.72,0,287.1546375,5,"T1","CT1-T5-H32",-2.057413352,-124.7213,35.11383,-Inf,0,7.19756073351679,85.828501979202,0
"464","0.5-1","ct1_t5_h32","Oithonidae",0.00561828347104714,5.61828347104714,1.33616751740678,1336.16751740678,64.2348364715355,17.41111875,23.60625,81.763,32.63924375,0.032,60.184,0.115333333,0.1357875,295.1365,44.66966667,0.364,1.203666667,0.021333333,40.7,2.300733333,40.373965,105.72,0,287.1546375,5,"T1","CT1-T5-H32",-2.057413352,-124.7213,35.11383,1.72602618505367,0.360889520013444,7.19756073351679,85.828501979202,0.00420477477401265
"465","0.5-1","ct1_t5_h32","Ostracoda",0.0299601610013733,29.9601610013733,1.33616751740678,1336.16751740678,64.2348364715355,17.41111875,23.60625,81.763,32.63924375,0.032,60.184,0.115333333,0.1357875,295.1365,44.66966667,0.364,1.203666667,0.021333333,40.7,2.300733333,40.373965,105.72,0,287.1546375,5,"T1","CT1-T5-H32",-2.057413352,-124.7213,35.11383,3.39986853251219,1.92448604258409,7.19756073351679,85.828501979202,0.0224224587194873
"466","0.5-1","ct1_t5_h32","Poecilostomatoida",0.0153932757365411,15.3932757365411,1.33616751740678,1336.16751740678,64.2348364715355,17.41111875,23.60625,81.763,32.63924375,0.032,60.184,0.115333333,0.1357875,295.1365,44.66966667,0.364,1.203666667,0.021333333,40.7,2.300733333,40.373965,105.72,0,287.1546375,5,"T1","CT1-T5-H32",-2.057413352,-124.7213,35.11383,2.73393077358002,0.98878454969797,7.19756073351679,85.828501979202,0.0115204684562428
"467","0.5-1","ct1_t5_h32","Salpida",0.00543816186161274,5.43816186161274,1.33616751740678,1336.16751740678,64.2348364715355,17.41111875,23.60625,81.763,32.63924375,0.032,60.184,0.115333333,0.1357875,295.1365,44.66966667,0.364,1.203666667,0.021333333,40.7,2.300733333,40.373965,105.72,0,287.1546375,5,"T1","CT1-T5-H32",-2.057413352,-124.7213,35.11383,1.69344111068323,0.349319437886436,7.19756073351679,85.828501979202,0.00406997011285462
"468","0.5-1","ct1_t5_h32","cypris",0,0,1.33616751740678,1336.16751740678,64.2348364715355,17.41111875,23.60625,81.763,32.63924375,0.032,60.184,0.115333333,0.1357875,295.1365,44.66966667,0.364,1.203666667,0.021333333,40.7,2.300733333,40.373965,105.72,0,287.1546375,5,"T1","CT1-T5-H32",-2.057413352,-124.7213,35.11383,-Inf,0,7.19756073351679,85.828501979202,0
"469","0.5-1","ct1_t5_h32","darksphere",0,0,1.33616751740678,1336.16751740678,64.2348364715355,17.41111875,23.60625,81.763,32.63924375,0.032,60.184,0.115333333,0.1357875,295.1365,44.66966667,0.364,1.203666667,0.021333333,40.7,2.300733333,40.373965,105.72,0,287.1546375,5,"T1","CT1-T5-H32",-2.057413352,-124.7213,35.11383,-Inf,0,7.19756073351679,85.828501979202,0
"470","0.5-1","ct1_t5_h32","egg<Actinopterygii",0,0,1.33616751740678,1336.16751740678,64.2348364715355,17.41111875,23.60625,81.763,32.63924375,0.032,60.184,0.115333333,0.1357875,295.1365,44.66966667,0.364,1.203666667,0.021333333,40.7,2.300733333,40.373965,105.72,0,287.1546375,5,"T1","CT1-T5-H32",-2.057413352,-124.7213,35.11383,-Inf,0,7.19756073351679,85.828501979202,0
"471","0.5-1","ct1_t5_h32","head<Chaetognatha",0,0,1.33616751740678,1336.16751740678,64.2348364715355,17.41111875,23.60625,81.763,32.63924375,0.032,60.184,0.115333333,0.1357875,295.1365,44.66966667,0.364,1.203666667,0.021333333,40.7,2.300733333,40.373965,105.72,0,287.1546375,5,"T1","CT1-T5-H32",-2.057413352,-124.7213,35.11383,-Inf,0,7.19756073351679,85.828501979202,0
"472","0.5-1","ct1_t5_h32","multiple organisms",0,0,1.33616751740678,1336.16751740678,64.2348364715355,17.41111875,23.60625,81.763,32.63924375,0.032,60.184,0.115333333,0.1357875,295.1365,44.66966667,0.364,1.203666667,0.021333333,40.7,2.300733333,40.373965,105.72,0,287.1546375,5,"T1","CT1-T5-H32",-2.057413352,-124.7213,35.11383,-Inf,0,7.19756073351679,85.828501979202,0
"473","0.5-1","ct1_t5_h32","nauplii<Crustacea",0,0,1.33616751740678,1336.16751740678,64.2348364715355,17.41111875,23.60625,81.763,32.63924375,0.032,60.184,0.115333333,0.1357875,295.1365,44.66966667,0.364,1.203666667,0.021333333,40.7,2.300733333,40.373965,105.72,0,287.1546375,5,"T1","CT1-T5-H32",-2.057413352,-124.7213,35.11383,-Inf,0,7.19756073351679,85.828501979202,0
"474","0.5-1","ct1_t5_h32","other<living",0,0,1.33616751740678,1336.16751740678,64.2348364715355,17.41111875,23.60625,81.763,32.63924375,0.032,60.184,0.115333333,0.1357875,295.1365,44.66966667,0.364,1.203666667,0.021333333,40.7,2.300733333,40.373965,105.72,0,287.1546375,5,"T1","CT1-T5-H32",-2.057413352,-124.7213,35.11383,-Inf,0,7.19756073351679,85.828501979202,0
"475","0.5-1","ct1_t5_h32","part<Crustacea",0,0,1.33616751740678,1336.16751740678,64.2348364715355,17.41111875,23.60625,81.763,32.63924375,0.032,60.184,0.115333333,0.1357875,295.1365,44.66966667,0.364,1.203666667,0.021333333,40.7,2.300733333,40.373965,105.72,0,287.1546375,5,"T1","CT1-T5-H32",-2.057413352,-124.7213,35.11383,-Inf,0,7.19756073351679,85.828501979202,0
"476","0.5-1","ct1_t6_h33","Amphipoda",0,0,3.25139327931141,3251.39327931141,66.6017174498431,17.67494737,23.63878421,73.37931422,32.76398421,0.004,89.237,-0.021333333,0.0678,286.213,55.58733333,0.339,1.184,0.008,47.647,1.4834,43.86420492,44.366,1,220.3050539,78,"T1","CT1-T6-H33",-2.808803596,-123.8861,35.15777,-Inf,0,8.08683888478421,216.548376507017,0
"477","0.5-1","ct1_t6_h33","Calanoida",1.82586993492614,1825.86993492614,3.25139327931141,3251.39327931141,58.7794998864489,17.67494737,23.63878421,73.37931422,32.76398421,0.004,89.237,-0.021333333,0.0678,286.213,55.58733333,0.339,1.184,0.008,47.647,1.4834,43.86420492,44.366,1,220.3050539,78,"T1","CT1-T6-H33",-2.808803596,-123.8861,35.15777,7.50981182911421,107.323721632661,8.08683888478421,191.115270892086,0.56156538999577
"478","0.5-1","ct1_t6_h33","Chaetognatha",0.00652354051005918,6.52354051005918,3.25139327931141,3251.39327931141,48.9864538889502,17.67494737,23.63878421,73.37931422,32.76398421,0.004,89.237,-0.021333333,0.0678,286.213,55.58733333,0.339,1.184,0.008,47.647,1.4834,43.86420492,44.366,1,220.3050539,78,"T1","CT1-T6-H33",-2.808803596,-123.8861,35.15777,1.87541725157013,0.319565116388713,8.08683888478421,159.274226951831,0.00200638309476999
"479","0.5-1","ct1_t6_h33","Cladocera",0,0,3.25139327931141,3251.39327931141,58.5735104275107,17.67494737,23.63878421,73.37931422,32.76398421,0.004,89.237,-0.021333333,0.0678,286.213,55.58733333,0.339,1.184,0.008,47.647,1.4834,43.86420492,44.366,1,220.3050539,78,"T1","CT1-T6-H33",-2.808803596,-123.8861,35.15777,-Inf,0,8.08683888478421,190.445518149685,0
"480","0.5-1","ct1_t6_h33","Copepoda<Maxillopoda",0.962912225436244,962.912225436244,3.25139327931141,3251.39327931141,57.2554433559794,17.67494737,23.63878421,73.37931422,32.76398421,0.004,89.237,-0.021333333,0.0678,286.213,55.58733333,0.339,1.184,0.008,47.647,1.4834,43.86420492,44.366,1,220.3050539,78,"T1","CT1-T6-H33",-2.808803596,-123.8861,35.15777,6.86996226064112,55.1319663802449,8.08683888478421,186.159963731627,0.29615372325558
"481","0.5-1","ct1_t6_h33","Doliolida",0.000730487595807113,0.730487595807114,3.25139327931141,3251.39327931141,56.0856567998679,17.67494737,23.63878421,73.37931422,32.76398421,0.004,89.237,-0.021333333,0.0678,286.213,55.58733333,0.339,1.184,0.008,47.647,1.4834,43.86420492,44.366,1,220.3050539,78,"T1","CT1-T6-H33",-2.808803596,-123.8861,35.15777,-0.314043028350181,0.0409698765949984,8.08683888478421,182.356527584857,0.000224669098154074
"482","0.5-1","ct1_t6_h33","Eucalanidae",0.00638363319603855,6.38363319603855,3.25139327931141,3251.39327931141,65.4332662665125,17.67494737,23.63878421,73.37931422,32.76398421,0.004,89.237,-0.021333333,0.0678,286.213,55.58733333,0.339,1.184,0.008,47.647,1.4834,43.86420492,44.366,1,220.3050539,78,"T1","CT1-T6-H33",-2.808803596,-123.8861,35.15777,1.85373740173593,0.417701970664139,8.08683888478421,212.749282182333,0.00196335313745573
"483","0.5-1","ct1_t6_h33","Eumalacostraca",0.234836738630823,234.836738630823,3.25139327931141,3251.39327931141,50.7341503802138,17.67494737,23.63878421,73.37931422,32.76398421,0.004,89.237,-0.021333333,0.0678,286.213,55.58733333,0.339,1.184,0.008,47.647,1.4834,43.86420492,44.366,1,220.3050539,78,"T1","CT1-T6-H33",-2.808803596,-123.8861,35.15777,5.45889054347744,11.9142424124952,8.08683888478421,164.956675577802,0.0722264944462694
"484","0.5-1","ct1_t6_h33","Harpacticoida",0.0089606774619746,8.9606774619746,3.25139327931141,3251.39327931141,55.5773805351191,17.67494737,23.63878421,73.37931422,32.76398421,0.004,89.237,-0.021333333,0.0678,286.213,55.58733333,0.339,1.184,0.008,47.647,1.4834,43.86420492,44.366,1,220.3050539,78,"T1","CT1-T6-H33",-2.808803596,-123.8861,35.15777,2.19284583372396,0.498010981156628,8.08683888478421,180.703921553619,0.00275595004732012
"485","0.5-1","ct1_t6_h33","Hydrozoa",0.0190296511811443,19.0296511811443,3.25139327931141,3251.39327931141,70.1070709998349,17.67494737,23.63878421,73.37931422,32.76398421,0.004,89.237,-0.021333333,0.0678,286.213,55.58733333,0.339,1.184,0.008,47.647,1.4834,43.86420492,44.366,1,220.3050539,78,"T1","CT1-T6-H33",-2.808803596,-123.8861,35.15777,2.94599835119494,1.33411310645857,8.08683888478421,227.945659481071,0.00585276819701566
"486","0.5-1","ct1_t6_h33","Oikopleuridae",0,0,3.25139327931141,3251.39327931141,49.6865220213723,17.67494737,23.63878421,73.37931422,32.76398421,0.004,89.237,-0.021333333,0.0678,286.213,55.58733333,0.339,1.184,0.008,47.647,1.4834,43.86420492,44.366,1,220.3050539,78,"T1","CT1-T6-H33",-2.808803596,-123.8861,35.15777,-Inf,0,8.08683888478421,161.550423772648,0
"487","0.5-1","ct1_t6_h33","Oithonidae",0.0381600264785069,38.1600264785069,3.25139327931141,3251.39327931141,57.7536208640723,17.67494737,23.63878421,73.37931422,32.76398421,0.004,89.237,-0.021333333,0.0678,286.213,55.58733333,0.339,1.184,0.008,47.647,1.4834,43.86420492,44.366,1,220.3050539,78,"T1","CT1-T6-H33",-2.808803596,-123.8861,35.15777,3.64178854046105,2.20387970140265,8.08683888478421,187.779734733344,0.0117365151491574
"488","0.5-1","ct1_t6_h33","Ostracoda",0.0464769502103645,46.4769502103645,3.25139327931141,3251.39327931141,59.0885763410275,17.67494737,23.63878421,73.37931422,32.76398421,0.004,89.237,-0.021333333,0.0678,286.213,55.58733333,0.339,1.184,0.008,47.647,1.4834,43.86420492,44.366,1,220.3050539,78,"T1","CT1-T6-H33",-2.808803596,-123.8861,35.15777,3.83895649529546,2.74625682060326,8.08683888478421,192.120199999296,0.0142944720056159
"489","0.5-1","ct1_t6_h33","Poecilostomatoida",0.0821514110611298,82.1514110611298,3.25139327931141,3251.39327931141,58.4010350657835,17.67494737,23.63878421,73.37931422,32.76398421,0.004,89.237,-0.021333333,0.0678,286.213,55.58733333,0.339,1.184,0.008,47.647,1.4834,43.86420492,44.366,1,220.3050539,78,"T1","CT1-T6-H33",-2.808803596,-123.8861,35.15777,4.40856402097763,4.79772743808464,8.08683888478421,189.884732917718,0.0252665254565969
"490","0.5-1","ct1_t6_h33","Polychaeta",0.00545550603907253,5.45550603907253,3.25139327931141,3251.39327931141,14.021414199967,17.67494737,23.63878421,73.37931422,32.76398421,0.004,89.237,-0.021333333,0.0678,286.213,55.58733333,0.339,1.184,0.008,47.647,1.4834,43.86420492,44.366,1,220.3050539,78,"T1","CT1-T6-H33",-2.808803596,-123.8861,35.15777,1.69662538108198,0.0764939098442571,8.08683888478421,45.5891318962142,0.00167789792572491
"491","0.5-1","ct1_t6_h33","Pteropoda",0.00889113002991779,8.89113002991779,3.25139327931141,3251.39327931141,63.0963638998514,17.67494737,23.63878421,73.37931422,32.76398421,0.004,89.237,-0.021333333,0.0678,286.213,55.58733333,0.339,1.184,0.008,47.647,1.4834,43.86420492,44.366,1,220.3050539,78,"T1","CT1-T6-H33",-2.808803596,-123.8861,35.15777,2.1850541539244,0.56099797584859,8.08683888478421,205.151093532964,0.00273456000739498
"492","0.5-1","ct1_t6_h33","Salpida",0.00501136655419107,5.01136655419107,3.25139327931141,3251.39327931141,14.021414199967,17.67494737,23.63878421,73.37931422,32.76398421,0.004,89.237,-0.021333333,0.0678,286.213,55.58733333,0.339,1.184,0.008,47.647,1.4834,43.86420492,44.366,1,220.3050539,78,"T1","CT1-T6-H33",-2.808803596,-123.8861,35.15777,1.61170864321068,0.0702664461641742,8.08683888478421,45.5891318962142,0.0015412981831753
"493","0.5-1","ct1_t6_h33","Tomopteridae",0,0,3.25139327931141,3251.39327931141,66.6017174498431,17.67494737,23.63878421,73.37931422,32.76398421,0.004,89.237,-0.021333333,0.0678,286.213,55.58733333,0.339,1.184,0.008,47.647,1.4834,43.86420492,44.366,1,220.3050539,78,"T1","CT1-T6-H33",-2.808803596,-123.8861,35.15777,-Inf,0,8.08683888478421,216.548376507017,0
"494","0.5-1","ct1_t6_h33","cypris",0,0,3.25139327931141,3251.39327931141,52.0768070126955,17.67494737,23.63878421,73.37931422,32.76398421,0.004,89.237,-0.021333333,0.0678,286.213,55.58733333,0.339,1.184,0.008,47.647,1.4834,43.86420492,44.366,1,220.3050539,78,"T1","CT1-T6-H33",-2.808803596,-123.8861,35.15777,-Inf,0,8.08683888478421,169.322180329076,0
"495","0.5-1","ct1_t6_h33","darksphere",0,0,3.25139327931141,3251.39327931141,50.9600509423244,17.67494737,23.63878421,73.37931422,32.76398421,0.004,89.237,-0.021333333,0.0678,286.213,55.58733333,0.339,1.184,0.008,47.647,1.4834,43.86420492,44.366,1,220.3050539,78,"T1","CT1-T6-H33",-2.808803596,-123.8861,35.15777,-Inf,0,8.08683888478421,165.691167147241,0
"496","0.5-1","ct1_t6_h33","egg<Actinopterygii",0,0,3.25139327931141,3251.39327931141,53.7921540485876,17.67494737,23.63878421,73.37931422,32.76398421,0.004,89.237,-0.021333333,0.0678,286.213,55.58733333,0.339,1.184,0.008,47.647,1.4834,43.86420492,44.366,1,220.3050539,78,"T1","CT1-T6-H33",-2.808803596,-123.8861,35.15777,-Inf,0,8.08683888478421,174.899448153262,0
"497","0.5-1","ct1_t6_h33","head<Chaetognatha",0,0,3.25139327931141,3251.39327931141,34.5452592351686,17.67494737,23.63878421,73.37931422,32.76398421,0.004,89.237,-0.021333333,0.0678,286.213,55.58733333,0.339,1.184,0.008,47.647,1.4834,43.86420492,44.366,1,220.3050539,78,"T1","CT1-T6-H33",-2.808803596,-123.8861,35.15777,-Inf,0,8.08683888478421,112.320223709298,0
"498","0.5-1","ct1_t6_h33","multiple organisms",0,0,3.25139327931141,3251.39327931141,59.5811638511237,17.67494737,23.63878421,73.37931422,32.76398421,0.004,89.237,-0.021333333,0.0678,286.213,55.58733333,0.339,1.184,0.008,47.647,1.4834,43.86420492,44.366,1,220.3050539,78,"T1","CT1-T6-H33",-2.808803596,-123.8861,35.15777,-Inf,0,8.08683888478421,193.721795719096,0
"499","0.5-1","ct1_t6_h33","nectophore<Physonectae",0,0,3.25139327931141,3251.39327931141,56.0856567998679,17.67494737,23.63878421,73.37931422,32.76398421,0.004,89.237,-0.021333333,0.0678,286.213,55.58733333,0.339,1.184,0.008,47.647,1.4834,43.86420492,44.366,1,220.3050539,78,"T1","CT1-T6-H33",-2.808803596,-123.8861,35.15777,-Inf,0,8.08683888478421,182.356527584857,0
"500","0.5-1","ct1_t6_h33","other<living",0,0,3.25139327931141,3251.39327931141,46.9659753448757,17.67494737,23.63878421,73.37931422,32.76398421,0.004,89.237,-0.021333333,0.0678,286.213,55.58733333,0.339,1.184,0.008,47.647,1.4834,43.86420492,44.366,1,220.3050539,78,"T1","CT1-T6-H33",-2.808803596,-123.8861,35.15777,-Inf,0,8.08683888478421,152.704856592634,0
"501","0.5-1","ct1_t6_h33","part<Crustacea",0,0,3.25139327931141,3251.39327931141,50.2094993418395,17.67494737,23.63878421,73.37931422,32.76398421,0.004,89.237,-0.021333333,0.0678,286.213,55.58733333,0.339,1.184,0.008,47.647,1.4834,43.86420492,44.366,1,220.3050539,78,"T1","CT1-T6-H33",-2.808803596,-123.8861,35.15777,-Inf,0,8.08683888478421,163.250828717648,0
"502","0.5-1","ct1_t7_h34","Annelida",0,0,5.21626529574747,5216.26529574747,47.0862205956483,16.22978889,24.64262778,71.93337769,33.63152222,0.18025,5.198,4.7105,0.991344444,272.3325,44.66933333,0.55525,2.63575,0.1955,8.935,1.644233333,49.89389011,61.179,1,164.3233095,55,"T1","CT1-T7-H34",1.021747674,-123.1012,35.20463,-Inf,0,8.55953696422784,245.61421840099,0
"503","0.5-1","ct1_t7_h34","Calanoida",2.63634602786267,2636.34602786267,5.21626529574747,5216.26529574747,127.302532318008,16.22978889,24.64262778,71.93337769,33.63152222,0.18025,5.198,4.7105,0.991344444,272.3325,44.66933333,0.55525,2.63575,0.1955,8.935,1.644233333,49.89389011,61.179,1,164.3233095,55,"T1","CT1-T7-H34",1.021747674,-123.1012,35.20463,7.87714915706136,335.613525413439,8.55953696422784,664.043781391195,0.505408731801263
"504","0.5-1","ct1_t7_h34","Chaetognatha",0.00589165365868958,5.89165365868958,5.21626529574747,5216.26529574747,63.3898244768915,16.22978889,24.64262778,71.93337769,33.63152222,0.18025,5.198,4.7105,0.991344444,272.3325,44.66933333,0.55525,2.63575,0.1955,8.935,1.644233333,49.89389011,61.179,1,164.3233095,55,"T1","CT1-T7-H34",1.021747674,-123.1012,35.20463,1.77353671525176,0.373470891302968,8.55953696422784,330.658141522333,0.00112947737982052
"505","0.5-1","ct1_t7_h34","Cladocera",0,0,5.21626529574747,5216.26529574747,97.1153299785246,16.22978889,24.64262778,71.93337769,33.63152222,0.18025,5.198,4.7105,0.991344444,272.3325,44.66933333,0.55525,2.63575,0.1955,8.935,1.644233333,49.89389011,61.179,1,164.3233095,55,"T1","CT1-T7-H34",1.021747674,-123.1012,35.20463,-Inf,0,8.55953696422784,506.579325452042,0
"506","0.5-1","ct1_t7_h34","Copepoda<Maxillopoda",0.828055657406043,828.055657406043,5.21626529574747,5216.26529574747,106.630323760552,16.22978889,24.64262778,71.93337769,33.63152222,0.18025,5.198,4.7105,0.991344444,272.3325,44.66933333,0.55525,2.63575,0.1955,8.935,1.644233333,49.89389011,61.179,1,164.3233095,55,"T1","CT1-T7-H34",1.021747674,-123.1012,35.20463,6.71908037121558,88.2958428409628,8.55953696422784,556.212057306482,0.15874492773232
"507","0.5-1","ct1_t7_h34","Doliolida",0.000301353198925731,0.301353198925731,5.21626529574747,5216.26529574747,147.144439361401,16.22978889,24.64262778,71.93337769,33.63152222,0.18025,5.198,4.7105,0.991344444,272.3325,44.66933333,0.55525,2.63575,0.1955,8.935,1.644233333,49.89389011,61.179,1,164.3233095,55,"T1","CT1-T7-H34",1.021747674,-123.1012,35.20463,-1.19947228379258,0.0443424475056915,8.55953696422784,767.544432503094,5.77718313467315e-05
"508","0.5-1","ct1_t7_h34","Eucalanidae",0.00370032803518891,3.70032803518891,5.21626529574747,5216.26529574747,47.0862205956483,16.22978889,24.64262778,71.93337769,33.63152222,0.18025,5.198,4.7105,0.991344444,272.3325,44.66933333,0.55525,2.63575,0.1955,8.935,1.644233333,49.89389011,61.179,1,164.3233095,55,"T1","CT1-T7-H34",1.021747674,-123.1012,35.20463,1.30842147387944,0.174234462141167,8.55953696422784,245.61421840099,0.000709382637843512
"509","0.5-1","ct1_t7_h34","Eumalacostraca",1.57072590268412,1570.72590268412,5.21626529574747,5216.26529574747,109.059996232568,16.22978889,24.64262778,71.93337769,33.63152222,0.18025,5.198,4.7105,0.991344444,272.3325,44.66933333,0.55525,2.63575,0.1955,8.935,1.644233333,49.89389011,61.179,1,164.3233095,55,"T1","CT1-T7-H34",1.021747674,-123.1012,35.20463,7.35929314988518,171.303361029127,8.55953696422784,568.885873502293,0.301120785394993
"510","0.5-1","ct1_t7_h34","Harpacticoida",0.0135081097942039,13.5081097942039,5.21626529574747,5216.26529574747,135.372884212489,16.22978889,24.64262778,71.93337769,33.63152222,0.18025,5.198,4.7105,0.991344444,272.3325,44.66933333,0.55525,2.63575,0.1955,8.935,1.644233333,49.89389011,61.179,1,164.3233095,55,"T1","CT1-T7-H34",1.021747674,-123.1012,35.20463,2.60329023057764,1.82863178310035,8.55953696422784,706.140877902846,0.00258961326319355
"511","0.5-1","ct1_t7_h34","Oikopleuridae",0,0,5.21626529574747,5216.26529574747,67.2117826244335,16.22978889,24.64262778,71.93337769,33.63152222,0.18025,5.198,4.7105,0.991344444,272.3325,44.66933333,0.55525,2.63575,0.1955,8.935,1.644233333,49.89389011,61.179,1,164.3233095,55,"T1","CT1-T7-H34",1.021747674,-123.1012,35.20463,-Inf,0,8.55953696422784,350.594489169155,0
"512","0.5-1","ct1_t7_h34","Oithonidae",0.0191098858419683,19.1098858419683,5.21626529574747,5216.26529574747,100.510970886865,16.22978889,24.64262778,71.93337769,33.63152222,0.18025,5.198,4.7105,0.991344444,272.3325,44.66933333,0.55525,2.63575,0.1955,8.935,1.644233333,49.89389011,61.179,1,164.3233095,55,"T1","CT1-T7-H34",1.021747674,-123.1012,35.20463,2.95020578450165,1.92075317951338,8.55953696422784,524.291889279036,0.00366351877415964
"513","0.5-1","ct1_t7_h34","Ostracoda",0.0396498814689041,39.6498814689041,5.21626529574747,5216.26529574747,75.6742831001491,16.22978889,24.64262778,71.93337769,33.63152222,0.18025,5.198,4.7105,0.991344444,272.3325,44.66933333,0.55525,2.63575,0.1955,8.935,1.644233333,49.89389011,61.179,1,164.3233095,55,"T1","CT1-T7-H34",1.021747674,-123.1012,35.20463,3.68008795864144,3.0004763551652,8.55953696422784,394.737136715877,0.00760120109328573
"514","0.5-1","ct1_t7_h34","Poecilostomatoida",0.0661242849795215,66.1242849795215,5.21626529574747,5216.26529574747,89.9683143523994,16.22978889,24.64262778,71.93337769,33.63152222,0.18025,5.198,4.7105,0.991344444,272.3325,44.66933333,0.55525,2.63575,0.1955,8.935,1.644233333,49.89389011,61.179,1,164.3233095,55,"T1","CT1-T7-H34",1.021747674,-123.1012,35.20463,4.19153607695586,5.94909045736524,8.55953696422784,469.29859587332,0.0126765571209403
"515","0.5-1","ct1_t7_h34","Polychaeta",0.0100398641085961,10.0398641085961,5.21626529574747,5216.26529574747,47.0862205956483,16.22978889,24.64262778,71.93337769,33.63152222,0.18025,5.198,4.7105,0.991344444,272.3325,44.66933333,0.55525,2.63575,0.1955,8.935,1.644233333,49.89389011,61.179,1,164.3233095,55,"T1","CT1-T7-H34",1.021747674,-123.1012,35.20463,2.30656357917159,0.472739256167687,8.55953696422784,245.61421840099,0.00192472267788623
"516","0.5-1","ct1_t7_h34","Pteropoda",0.0228123467086347,22.8123467086347,5.21626529574747,5216.26529574747,80.4389601842325,16.22978889,24.64262778,71.93337769,33.63152222,0.18025,5.198,4.7105,0.991344444,272.3325,44.66933333,0.55525,2.63575,0.1955,8.935,1.644233333,49.89389011,61.179,1,164.3233095,55,"T1","CT1-T7-H34",1.021747674,-123.1012,35.20463,3.12730191169864,1.83500144860477,8.55953696422784,419.590956435025,0.00437331029294701
"517","0.5-1","ct1_t7_h34","Tomopteridae",0,0,5.21626529574747,5216.26529574747,47.0862205956483,16.22978889,24.64262778,71.93337769,33.63152222,0.18025,5.198,4.7105,0.991344444,272.3325,44.66933333,0.55525,2.63575,0.1955,8.935,1.644233333,49.89389011,61.179,1,164.3233095,55,"T1","CT1-T7-H34",1.021747674,-123.1012,35.20463,-Inf,0,8.55953696422784,245.61421840099,0
"518","0.5-1","ct1_t7_h34","cypris",0,0,5.21626529574747,5216.26529574747,67.3185810078409,16.22978889,24.64262778,71.93337769,33.63152222,0.18025,5.198,4.7105,0.991344444,272.3325,44.66933333,0.55525,2.63575,0.1955,8.935,1.644233333,49.89389011,61.179,1,164.3233095,55,"T1","CT1-T7-H34",1.021747674,-123.1012,35.20463,-Inf,0,8.55953696422784,351.151577870165,0
"519","0.5-1","ct1_t7_h34","darksphere",0,0,5.21626529574747,5216.26529574747,62.7061687740124,16.22978889,24.64262778,71.93337769,33.63152222,0.18025,5.198,4.7105,0.991344444,272.3325,44.66933333,0.55525,2.63575,0.1955,8.935,1.644233333,49.89389011,61.179,1,164.3233095,55,"T1","CT1-T7-H34",1.021747674,-123.1012,35.20463,-Inf,0,8.55953696422784,327.092012005165,0
"520","0.5-1","ct1_t7_h34","egg<Actinopterygii",0,0,5.21626529574747,5216.26529574747,79.4579972551565,16.22978889,24.64262778,71.93337769,33.63152222,0.18025,5.198,4.7105,0.991344444,272.3325,44.66933333,0.55525,2.63575,0.1955,8.935,1.644233333,49.89389011,61.179,1,164.3233095,55,"T1","CT1-T7-H34",1.021747674,-123.1012,35.20463,-Inf,0,8.55953696422784,414.473993551671,0
"521","0.5-1","ct1_t7_h34","head<Chaetognatha",0,0,5.21626529574747,5216.26529574747,75.2071578958272,16.22978889,24.64262778,71.93337769,33.63152222,0.18025,5.198,4.7105,0.991344444,272.3325,44.66933333,0.55525,2.63575,0.1955,8.935,1.644233333,49.89389011,61.179,1,164.3233095,55,"T1","CT1-T7-H34",1.021747674,-123.1012,35.20463,-Inf,0,8.55953696422784,392.300487723804,0
"522","0.5-1","ct1_t7_h34","multiple organisms",0,0,5.21626529574747,5216.26529574747,134.492696408767,16.22978889,24.64262778,71.93337769,33.63152222,0.18025,5.198,4.7105,0.991344444,272.3325,44.66933333,0.55525,2.63575,0.1955,8.935,1.644233333,49.89389011,61.179,1,164.3233095,55,"T1","CT1-T7-H34",1.021747674,-123.1012,35.20463,-Inf,0,8.55953696422784,701.54958480855,0
"523","0.5-1","ct1_t7_h34","nauplii<Crustacea",0,0,5.21626529574747,5216.26529574747,147.144439361401,16.22978889,24.64262778,71.93337769,33.63152222,0.18025,5.198,4.7105,0.991344444,272.3325,44.66933333,0.55525,2.63575,0.1955,8.935,1.644233333,49.89389011,61.179,1,164.3233095,55,"T1","CT1-T7-H34",1.021747674,-123.1012,35.20463,-Inf,0,8.55953696422784,767.544432503094,0
"524","0.5-1","ct1_t7_h34","other<living",0,0,5.21626529574747,5216.26529574747,78.5006719870221,16.22978889,24.64262778,71.93337769,33.63152222,0.18025,5.198,4.7105,0.991344444,272.3325,44.66933333,0.55525,2.63575,0.1955,8.935,1.644233333,49.89389011,61.179,1,164.3233095,55,"T1","CT1-T7-H34",1.021747674,-123.1012,35.20463,-Inf,0,8.55953696422784,409.480330978759,0
"525","0.5-1","ct1_t7_h34","part<Crustacea",0,0,5.21626529574747,5216.26529574747,91.9809282646374,16.22978889,24.64262778,71.93337769,33.63152222,0.18025,5.198,4.7105,0.991344444,272.3325,44.66933333,0.55525,2.63575,0.1955,8.935,1.644233333,49.89389011,61.179,1,164.3233095,55,"T1","CT1-T7-H34",1.021747674,-123.1012,35.20463,-Inf,0,8.55953696422784,479.796923977466,0
"526","0.5-1","ct1_t8_h35","Amphipoda",0,0,1.09492757323416,1094.92757323416,116.675293554425,16.601525,24.4496125,62.516375,33.49135,0.13575,34.766,1.831,1.00973125,211.846,24.81766667,0.41225,2.2655,0.52375,19.854,1.631833333,30.76237143,8.3863,0,119.4843272,10,"T1","CT1-T8-H35",1.240985634,-122.3004,35.1785,-Inf,0,6.99844349689789,127.75099602793,0
"527","0.5-1","ct1_t8_h35","Calanoida",0.344523686415432,344.523686415432,1.09492757323416,1094.92757323416,68.1540777253012,16.601525,24.4496125,62.516375,33.49135,0.13575,34.766,1.831,1.00973125,211.846,24.81766667,0.41225,2.2655,0.52375,19.854,1.631833333,30.76237143,8.3863,0,119.4843272,10,"T1","CT1-T8-H35",1.240985634,-122.3004,35.1785,5.84216284401301,23.4806941021647,6.99844349689789,74.6237789297762,0.314654315808114
"528","0.5-1","ct1_t8_h35","Chaetognatha",0.00134981582287728,1.34981582287728,1.09492757323416,1094.92757323416,77.1562425117972,16.601525,24.4496125,62.516375,33.49135,0.13575,34.766,1.831,1.00973125,211.846,24.81766667,0.41225,2.2655,0.52375,19.854,1.631833333,30.76237143,8.3863,0,119.4843272,10,"T1","CT1-T8-H35",1.240985634,-122.3004,35.1785,0.299968155644947,0.10414671697618,6.99844349689789,84.4804973733083,0.00123279005467936
"529","0.5-1","ct1_t8_h35","Cladocera",0,0,1.09492757323416,1094.92757323416,58.3376467772125,16.601525,24.4496125,62.516375,33.49135,0.13575,34.766,1.831,1.00973125,211.846,24.81766667,0.41225,2.2655,0.52375,19.854,1.631833333,30.76237143,8.3863,0,119.4843272,10,"T1","CT1-T8-H35",1.240985634,-122.3004,35.1785,-Inf,0,6.99844349689789,63.8754980139648,0
"530","0.5-1","ct1_t8_h35","Copepoda<Maxillopoda",0.396930099041557,396.930099041557,1.09492757323416,1094.92757323416,68.8300292910997,16.601525,24.4496125,62.516375,33.49135,0.13575,34.766,1.831,1.00973125,211.846,24.81766667,0.41225,2.2655,0.52375,19.854,1.631833333,30.76237143,8.3863,0,119.4843272,10,"T1","CT1-T8-H35",1.240985634,-122.3004,35.1785,5.98376019224135,27.3207103435495,6.99844349689789,75.3638969373397,0.36251721917014
"531","0.5-1","ct1_t8_h35","Eumalacostraca",0.284316507513942,284.316507513942,1.09492757323416,1094.92757323416,77.7835290362834,16.601525,24.4496125,62.516375,33.49135,0.13575,34.766,1.831,1.00973125,211.846,24.81766667,0.41225,2.2655,0.52375,19.854,1.631833333,30.76237143,8.3863,0,119.4843272,10,"T1","CT1-T8-H35",1.240985634,-122.3004,35.1785,5.6500880806855,22.1151413177054,6.99844349689789,85.1673306852864,0.259666953745752
"532","0.5-1","ct1_t8_h35","Harpacticoida",0.00272125991064866,2.72125991064866,1.09492757323416,1094.92757323416,58.3376467772125,16.601525,24.4496125,62.516375,33.49135,0.13575,34.766,1.831,1.00973125,211.846,24.81766667,0.41225,2.2655,0.52375,19.854,1.631833333,30.76237143,8.3863,0,119.4843272,10,"T1","CT1-T8-H35",1.240985634,-122.3004,35.1785,1.00109497550713,0.15875189945641,6.99844349689789,63.8754980139648,0.0024853332559803
"533","0.5-1","ct1_t8_h35","Hydrozoa",0.0178852005950228,17.8852005950228,1.09492757323416,1094.92757323416,58.3376467772125,16.601525,24.4496125,62.516375,33.49135,0.13575,34.766,1.831,1.00973125,211.846,24.81766667,0.41225,2.2655,0.52375,19.854,1.631833333,30.76237143,8.3863,0,119.4843272,10,"T1","CT1-T8-H35",1.240985634,-122.3004,35.1785,2.88397358847267,1.04338051485203,6.99844349689789,63.8754980139648,0.0163345969470785
"534","0.5-1","ct1_t8_h35","Oikopleuridae",0,0,1.09492757323416,1094.92757323416,73.5149207355118,16.601525,24.4496125,62.516375,33.49135,0.13575,34.766,1.831,1.00973125,211.846,24.81766667,0.41225,2.2655,0.52375,19.854,1.631833333,30.76237143,8.3863,0,119.4843272,10,"T1","CT1-T8-H35",1.240985634,-122.3004,35.1785,-Inf,0,6.99844349689789,80.4935137574353,0
"535","0.5-1","ct1_t8_h35","Ostracoda",0.0139154653317651,13.9154653317651,1.09492757323416,1094.92757323416,68.060587906748,16.601525,24.4496125,62.516375,33.49135,0.13575,34.766,1.831,1.00973125,211.846,24.81766667,0.41225,2.2655,0.52375,19.854,1.631833333,30.76237143,8.3863,0,119.4843272,10,"T1","CT1-T8-H35",1.240985634,-122.3004,35.1785,2.63300083543669,0.947094751475905,6.99844349689789,74.5214143496256,0.0127090281329405
"536","0.5-1","ct1_t8_h35","Poecilostomatoida",0.033285538602912,33.285538602912,1.09492757323416,1094.92757323416,78.9274044632876,16.601525,24.4496125,62.516375,33.49135,0.13575,34.766,1.831,1.00973125,211.846,24.81766667,0.41225,2.2655,0.52375,19.854,1.631833333,30.76237143,8.3863,0,119.4843272,10,"T1","CT1-T8-H35",1.240985634,-122.3004,35.1785,3.50512302647236,2.62714116809041,6.99844349689789,86.4197914306582,0.0303997628853152
"537","0.5-1","ct1_t8_h35","cypris",0,0,1.09492757323416,1094.92757323416,58.3376467772125,16.601525,24.4496125,62.516375,33.49135,0.13575,34.766,1.831,1.00973125,211.846,24.81766667,0.41225,2.2655,0.52375,19.854,1.631833333,30.76237143,8.3863,0,119.4843272,10,"T1","CT1-T8-H35",1.240985634,-122.3004,35.1785,-Inf,0,6.99844349689789,63.8754980139648,0
"538","0.5-1","ct1_t8_h35","darksphere",0,0,1.09492757323416,1094.92757323416,64.8196075302362,16.601525,24.4496125,62.516375,33.49135,0.13575,34.766,1.831,1.00973125,211.846,24.81766667,0.41225,2.2655,0.52375,19.854,1.631833333,30.76237143,8.3863,0,119.4843272,10,"T1","CT1-T8-H35",1.240985634,-122.3004,35.1785,-Inf,0,6.99844349689789,70.972775571072,0
"539","0.5-1","ct1_t8_h35","egg<Actinopterygii",0,0,1.09492757323416,1094.92757323416,116.675293554425,16.601525,24.4496125,62.516375,33.49135,0.13575,34.766,1.831,1.00973125,211.846,24.81766667,0.41225,2.2655,0.52375,19.854,1.631833333,30.76237143,8.3863,0,119.4843272,10,"T1","CT1-T8-H35",1.240985634,-122.3004,35.1785,-Inf,0,6.99844349689789,127.75099602793,0
"540","0.5-1","ct1_t8_h35","head<Chaetognatha",0,0,1.09492757323416,1094.92757323416,81.6727054880976,16.601525,24.4496125,62.516375,33.49135,0.13575,34.766,1.831,1.00973125,211.846,24.81766667,0.41225,2.2655,0.52375,19.854,1.631833333,30.76237143,8.3863,0,119.4843272,10,"T1","CT1-T8-H35",1.240985634,-122.3004,35.1785,-Inf,0,6.99844349689789,89.4256972195507,0
"541","0.5-1","ct1_t8_h35","multiple organisms",0,0,1.09492757323416,1094.92757323416,62.3932051093182,16.601525,24.4496125,62.516375,33.49135,0.13575,34.766,1.831,1.00973125,211.846,24.81766667,0.41225,2.2655,0.52375,19.854,1.631833333,30.76237143,8.3863,0,119.4843272,10,"T1","CT1-T8-H35",1.240985634,-122.3004,35.1785,-Inf,0,6.99844349689789,68.3160406566468,0
"542","0.5-1","ct1_t8_h35","nauplii<Crustacea",0,0,1.09492757323416,1094.92757323416,87.5064701658188,16.601525,24.4496125,62.516375,33.49135,0.13575,34.766,1.831,1.00973125,211.846,24.81766667,0.41225,2.2655,0.52375,19.854,1.631833333,30.76237143,8.3863,0,119.4843272,10,"T1","CT1-T8-H35",1.240985634,-122.3004,35.1785,-Inf,0,6.99844349689789,95.8132470209472,0
"543","0.5-1","ct1_t8_h35","other<living",0,0,1.09492757323416,1094.92757323416,67.5488541630882,16.601525,24.4496125,62.516375,33.49135,0.13575,34.766,1.831,1.00973125,211.846,24.81766667,0.41225,2.2655,0.52375,19.854,1.631833333,30.76237143,8.3863,0,119.4843272,10,"T1","CT1-T8-H35",1.240985634,-122.3004,35.1785,-Inf,0,6.99844349689789,73.9611029635382,0
"544","0.5-1","ct1_t8_h35","part<Crustacea",0,0,1.09492757323416,1094.92757323416,84.4589811550689,16.601525,24.4496125,62.516375,33.49135,0.13575,34.766,1.831,1.00973125,211.846,24.81766667,0.41225,2.2655,0.52375,19.854,1.631833333,30.76237143,8.3863,0,119.4843272,10,"T1","CT1-T8-H35",1.240985634,-122.3004,35.1785,-Inf,0,6.99844349689789,92.476467273949,0
"545","0.5-1","ct2_t1_h36","Calanoida",0.362696187034742,362.696187034742,0.517611888302419,517.611888302419,485.176271401698,15.831225,24.523775,70.634,33.3592625,0.188328994,24.13100104,6.475130769,2.00485,144.391,19.85366667,0.649509372,5.675964988,0.23236203,17.868,2.443066667,23.89114571,68.88,1,395.8283457,60,"T2","CT2-T1-H36",2.177361041,-121.6069,35.56327,5.89356553350887,175.971583677129,6.2492257110497,251.13300599976,0.700710697013269
"546","0.5-1","ct2_t1_h36","Chaetognatha",0.00100903491106256,1.00903491106256,0.517611888302419,517.611888302419,276.670766336506,15.831225,24.523775,70.634,33.3592625,0.188328994,24.13100104,6.475130769,2.00485,144.391,19.85366667,0.649509372,5.675964988,0.23236203,17.868,2.443066667,23.89114571,68.88,1,395.8283457,60,"T2","CT2-T1-H36",2.177361041,-121.6069,35.56327,0.00899434043849138,0.279170462103967,6.2492257110497,143.208077801516,0.00194940443576718
"547","0.5-1","ct2_t1_h36","Cladocera",0,0,0.517611888302419,517.611888302419,529.283205165489,15.831225,24.523775,70.634,33.3592625,0.188328994,24.13100104,6.475130769,2.00485,144.391,19.85366667,0.649509372,5.675964988,0.23236203,17.868,2.443066667,23.89114571,68.88,1,395.8283457,60,"T2","CT2-T1-H36",2.177361041,-121.6069,35.56327,-Inf,0,6.2492257110497,273.963279272465,0
"548","0.5-1","ct2_t1_h36","Copepoda<Maxillopoda",0.140521364995024,140.521364995024,0.517611888302419,517.611888302419,436.658644261528,15.831225,24.523775,70.634,33.3592625,0.188328994,24.13100104,6.475130769,2.00485,144.391,19.85366667,0.649509372,5.675964988,0.23236203,17.868,2.443066667,23.89114571,68.88,1,395.8283457,60,"T2","CT2-T1-H36",2.177361041,-121.6069,35.56327,4.94535954123476,61.3598687285066,6.2492257110497,226.019705399784,0.271480173022849
"549","0.5-1","ct2_t1_h36","Oikopleuridae",0,0,0.517611888302419,517.611888302419,347.342103389852,15.831225,24.523775,70.634,33.3592625,0.188328994,24.13100104,6.475130769,2.00485,144.391,19.85366667,0.649509372,5.675964988,0.23236203,17.868,2.443066667,23.89114571,68.88,1,395.8283457,60,"T2","CT2-T1-H36",2.177361041,-121.6069,35.56327,-Inf,0,6.2492257110497,179.788402022555,0
"550","0.5-1","ct2_t1_h36","Oithonidae",0.00911825879469904,9.11825879469904,0.517611888302419,517.611888302419,529.283205165489,15.831225,24.523775,70.634,33.3592625,0.188328994,24.13100104,6.475130769,2.00485,144.391,19.85366667,0.649509372,5.675964988,0.23236203,17.868,2.443066667,23.89114571,68.88,1,395.8283457,60,"T2","CT2-T1-H36",2.177361041,-121.6069,35.56327,2.21027886422451,4.82614124038671,6.2492257110497,273.963279272465,0.0176160150119497
"551","0.5-1","ct2_t1_h36","Ostracoda",0.00220442893570546,2.20442893570546,0.517611888302419,517.611888302419,529.283205165489,15.831225,24.523775,70.634,33.3592625,0.188328994,24.13100104,6.475130769,2.00485,144.391,19.85366667,0.649509372,5.675964988,0.23236203,17.868,2.443066667,23.89114571,68.88,1,395.8283457,60,"T2","CT2-T1-H36",2.177361041,-121.6069,35.56327,0.790468489281505,1.16676721264974,6.2492257110497,273.963279272465,0.00425884525746732
"552","0.5-1","ct2_t1_h36","Poecilostomatoida",0.00206261363118551,2.06261363118551,0.517611888302419,517.611888302419,529.283205165489,15.831225,24.523775,70.634,33.3592625,0.188328994,24.13100104,6.475130769,2.00485,144.391,19.85366667,0.649509372,5.675964988,0.23236203,17.868,2.443066667,23.89114571,68.88,1,395.8283457,60,"T2","CT2-T1-H36",2.177361041,-121.6069,35.56327,0.723973931617212,1.0917067537319,6.2492257110497,273.963279272465,0.00398486525869826
"553","0.5-1","ct2_t1_h36","cypris",0,0,0.517611888302419,517.611888302419,66.1604006456861,15.831225,24.523775,70.634,33.3592625,0.188328994,24.13100104,6.475130769,2.00485,144.391,19.85366667,0.649509372,5.675964988,0.23236203,17.868,2.443066667,23.89114571,68.88,1,395.8283457,60,"T2","CT2-T1-H36",2.177361041,-121.6069,35.56327,-Inf,0,6.2492257110497,34.2454099090582,0
"554","0.5-1","ct2_t1_h36","darksphere",0,0,0.517611888302419,517.611888302419,251.409522453607,15.831225,24.523775,70.634,33.3592625,0.188328994,24.13100104,6.475130769,2.00485,144.391,19.85366667,0.649509372,5.675964988,0.23236203,17.868,2.443066667,23.89114571,68.88,1,395.8283457,60,"T2","CT2-T1-H36",2.177361041,-121.6069,35.56327,-Inf,0,6.2492257110497,130.132557654421,0
"555","0.5-1","ct2_t1_h36","multiple organisms",0,0,0.517611888302419,517.611888302419,487.181132027325,15.831225,24.523775,70.634,33.3592625,0.188328994,24.13100104,6.475130769,2.00485,144.391,19.85366667,0.649509372,5.675964988,0.23236203,17.868,2.443066667,23.89114571,68.88,1,395.8283457,60,"T2","CT2-T1-H36",2.177361041,-121.6069,35.56327,-Inf,0,6.2492257110497,252.170745693974,0
"556","0.5-1","ct2_t1_h36","nauplii<Crustacea",0,0,0.517611888302419,517.611888302419,529.283205165489,15.831225,24.523775,70.634,33.3592625,0.188328994,24.13100104,6.475130769,2.00485,144.391,19.85366667,0.649509372,5.675964988,0.23236203,17.868,2.443066667,23.89114571,68.88,1,395.8283457,60,"T2","CT2-T1-H36",2.177361041,-121.6069,35.56327,-Inf,0,6.2492257110497,273.963279272465,0
"557","0.5-1","ct2_t1_h36","other<living",0,0,0.517611888302419,517.611888302419,413.502504035538,15.831225,24.523775,70.634,33.3592625,0.188328994,24.13100104,6.475130769,2.00485,144.391,19.85366667,0.649509372,5.675964988,0.23236203,17.868,2.443066667,23.89114571,68.88,1,395.8283457,60,"T2","CT2-T1-H36",2.177361041,-121.6069,35.56327,-Inf,0,6.2492257110497,214.033811931614,0
"558","0.5-1","ct2_t1_h36","part<Crustacea",0,0,0.517611888302419,517.611888302419,323.450847601132,15.831225,24.523775,70.634,33.3592625,0.188328994,24.13100104,6.475130769,2.00485,144.391,19.85366667,0.649509372,5.675964988,0.23236203,17.868,2.443066667,23.89114571,68.88,1,395.8283457,60,"T2","CT2-T1-H36",2.177361041,-121.6069,35.56327,-Inf,0,6.2492257110497,167.42200399984,0
"559","0.5-1","ct2_t4_h39","Calanoida",0.68046904288916,680.46904288916,0.984146867610201,984.146867610201,222.982318493823,16.11135,24.6348375,81.589375,33.58603125,0.180388032,26.97258367,6.151914118,1.3498,244.565,19.854,0.633395467,5.435990441,0.222955797,13.898,2.579066667,32.90561905,46.21,1,41.86359276,45,"T2","CT2-T4-H39",1.910761547,-121.2592,35.13105,6.52278232934353,151.732564846697,6.89177514161615,219.447350278156,0.691430380245521
"560","0.5-1","ct2_t4_h39","Chaetognatha",0.000883433403110806,0.883433403110806,0.984146867610201,984.146867610201,152.360182402029,16.11135,24.6348375,81.589375,33.58603125,0.180388032,26.97258367,6.151914118,1.3498,244.565,19.854,0.633395467,5.435990441,0.222955797,13.898,2.579066667,32.90561905,46.21,1,41.86359276,45,"T2","CT2-T4-H39",1.910761547,-121.2592,35.13105,-0.123939368545879,0.134600074438008,6.89177514161615,149.944796259476,0.000897664192394417
"561","0.5-1","ct2_t4_h39","Copepoda<Maxillopoda",0.208460717180838,208.460717180838,0.984146867610201,984.146867610201,196.263374023975,16.11135,24.6348375,81.589375,33.58603125,0.180388032,26.97258367,6.151914118,1.3498,244.565,19.854,0.633395467,5.435990441,0.222955797,13.898,2.579066667,32.90561905,46.21,1,41.86359276,45,"T2","CT2-T4-H39",1.910761547,-121.2592,35.13105,5.33975061668153,40.9132037053689,6.89177514161615,193.151984772304,0.211818707188534
"562","0.5-1","ct2_t4_h39","Eumalacostraca",0.0727721617403512,72.7721617403512,0.984146867610201,984.146867610201,179.74288799502,16.11135,24.6348375,81.589375,33.58603125,0.180388032,26.97258367,6.151914118,1.3498,244.565,19.854,0.633395467,5.435990441,0.222955797,13.898,2.579066667,32.90561905,46.21,1,41.86359276,45,"T2","CT2-T4-H39",1.910761547,-121.2592,35.13105,4.28733348839504,13.0802785168515,6.89177514161615,176.893400195511,0.0739444122979972
"563","0.5-1","ct2_t4_h39","Harpacticoida",0.00344082158912493,3.44082158912493,0.984146867610201,984.146867610201,179.74288799502,16.11135,24.6348375,81.589375,33.58603125,0.180388032,26.97258367,6.151914118,1.3498,244.565,19.854,0.633395467,5.435990441,0.222955797,13.898,2.579066667,32.90561905,46.21,1,41.86359276,45,"T2","CT2-T4-H39",1.910761547,-121.2592,35.13105,1.23571027691694,0.61846320950493,6.89177514161615,176.893400195511,0.00349624807268884
"564","0.5-1","ct2_t4_h39","Oikopleuridae",0,0,0.984146867610201,984.146867610201,204.193207317872,16.11135,24.6348375,81.589375,33.58603125,0.180388032,26.97258367,6.151914118,1.3498,244.565,19.854,0.633395467,5.435990441,0.222955797,13.898,2.579066667,32.90561905,46.21,1,41.86359276,45,"T2","CT2-T4-H39",1.910761547,-121.2592,35.13105,-Inf,0,6.89177514161615,200.956105369165,0
"565","0.5-1","ct2_t4_h39","Oithonidae",0.00582135014159319,5.82135014159319,0.984146867610201,984.146867610201,255.57191886792,16.11135,24.6348375,81.589375,33.58603125,0.180388032,26.97258367,6.151914118,1.3498,244.565,19.854,0.633395467,5.435990441,0.222955797,13.898,2.579066667,32.90561905,46.21,1,41.86359276,45,"T2","CT2-T4-H39",1.910761547,-121.2592,35.13105,1.76153221793104,1.48777362608901,6.89177514161615,251.520303402992,0.00591512337556807
"566","0.5-1","ct2_t4_h39","Poecilostomatoida",0.0122993406660228,12.2993406660228,0.984146867610201,984.146867610201,230.29557524362,16.11135,24.6348375,81.589375,33.58603125,0.180388032,26.97258367,6.151914118,1.3498,244.565,19.854,0.633395467,5.435990441,0.222955797,13.898,2.579066667,32.90561905,46.21,1,41.86359276,45,"T2","CT2-T4-H39",1.910761547,-121.2592,35.13105,2.50954565655321,2.83248373379896,6.89177514161615,226.644669000498,0.0124974646272961
"567","0.5-1","ct2_t4_h39","cypris",0,0,0.984146867610201,984.146867610201,59.9142959983401,16.11135,24.6348375,81.589375,33.58603125,0.180388032,26.97258367,6.151914118,1.3498,244.565,19.854,0.633395467,5.435990441,0.222955797,13.898,2.579066667,32.90561905,46.21,1,41.86359276,45,"T2","CT2-T4-H39",1.910761547,-121.2592,35.13105,-Inf,0,6.89177514161615,58.9644667318369,0
"568","0.5-1","ct2_t4_h39","darksphere",0,0,0.984146867610201,984.146867610201,134.807165996265,16.11135,24.6348375,81.589375,33.58603125,0.180388032,26.97258367,6.151914118,1.3498,244.565,19.854,0.633395467,5.435990441,0.222955797,13.898,2.579066667,32.90561905,46.21,1,41.86359276,45,"T2","CT2-T4-H39",1.910761547,-121.2592,35.13105,-Inf,0,6.89177514161615,132.670050146633,0
"569","0.5-1","ct2_t4_h39","egg<Actinopterygii",0,0,0.984146867610201,984.146867610201,22.4678609993776,16.11135,24.6348375,81.589375,33.58603125,0.180388032,26.97258367,6.151914118,1.3498,244.565,19.854,0.633395467,5.435990441,0.222955797,13.898,2.579066667,32.90561905,46.21,1,41.86359276,45,"T2","CT2-T4-H39",1.910761547,-121.2592,35.13105,-Inf,0,6.89177514161615,22.1116750244388,0
"570","0.5-1","ct2_t4_h39","head<Chaetognatha",0,0,0.984146867610201,984.146867610201,82.3821569977177,16.11135,24.6348375,81.589375,33.58603125,0.180388032,26.97258367,6.151914118,1.3498,244.565,19.854,0.633395467,5.435990441,0.222955797,13.898,2.579066667,32.90561905,46.21,1,41.86359276,45,"T2","CT2-T4-H39",1.910761547,-121.2592,35.13105,-Inf,0,6.89177514161615,81.0761417562757,0
"571","0.5-1","ct2_t4_h39","multiple organisms",0,0,0.984146867610201,984.146867610201,192.612137491499,16.11135,24.6348375,81.589375,33.58603125,0.180388032,26.97258367,6.151914118,1.3498,244.565,19.854,0.633395467,5.435990441,0.222955797,13.898,2.579066667,32.90561905,46.21,1,41.86359276,45,"T2","CT2-T4-H39",1.910761547,-121.2592,35.13105,-Inf,0,6.89177514161615,189.558631775964,0
"572","0.5-1","ct2_t4_h39","nauplii<Crustacea",0,0,0.984146867610201,984.146867610201,237.517387707706,16.11135,24.6348375,81.589375,33.58603125,0.180388032,26.97258367,6.151914118,1.3498,244.565,19.854,0.633395467,5.435990441,0.222955797,13.898,2.579066667,32.90561905,46.21,1,41.86359276,45,"T2","CT2-T4-H39",1.910761547,-121.2592,35.13105,-Inf,0,6.89177514161615,233.751993115496,0
"573","0.5-1","ct2_t4_h39","other<living",0,0,0.984146867610201,984.146867610201,219.357274493923,16.11135,24.6348375,81.589375,33.58603125,0.180388032,26.97258367,6.151914118,1.3498,244.565,19.854,0.633395467,5.435990441,0.222955797,13.898,2.579066667,32.90561905,46.21,1,41.86359276,45,"T2","CT2-T4-H39",1.910761547,-121.2592,35.13105,-Inf,0,6.89177514161615,215.879774580705,0
"574","0.5-1","ct2_t4_h39","part<Crustacea",0,0,0.984146867610201,984.146867610201,143.633825674592,16.11135,24.6348375,81.589375,33.58603125,0.180388032,26.97258367,6.151914118,1.3498,244.565,19.854,0.633395467,5.435990441,0.222955797,13.898,2.579066667,32.90561905,46.21,1,41.86359276,45,"T2","CT2-T4-H39",1.910761547,-121.2592,35.13105,-Inf,0,6.89177514161615,141.35677962052,0
"575","0.5-1","ct2_t8_h43","Calanoida",2.05062586417652,2050.62586417652,2.4818606113384,2481.8606113384,249.979847958639,15.68699375,25.07190625,77.0835625,34.03350625,0.211496484,5.491,7.418104457,1.07124375,161.261,14.891,0.696521147,6.376082642,0.259804398,9.927,1.530533333,40.83314211,43.725,1,52.40822911,47,"T2","CT2-T8-H43",2.955154777,-120.8298,34.54325,7.62590032513632,512.615141746899,7.81676380437222,620.415138276909,0.826245380102418
"576","0.5-1","ct2_t8_h43","Chaetognatha",0.00181191978282045,1.81191978282045,2.4818606113384,2481.8606113384,152.630751592161,15.68699375,25.07190625,77.0835625,34.03350625,0.211496484,5.491,7.418104457,1.07124375,161.261,14.891,0.696521147,6.376082642,0.259804398,9.927,1.530533333,40.83314211,43.725,1,52.40822911,47,"T2","CT2-T8-H43",2.955154777,-120.8298,34.54325,0.594386936674206,0.27655467827659,7.81676380437222,378.808250455561,0.000730065086871792
"577","0.5-1","ct2_t8_h43","Cladocera",0,0,2.4818606113384,2481.8606113384,295.013438434562,15.68699375,25.07190625,77.0835625,34.03350625,0.211496484,5.491,7.418104457,1.07124375,161.261,14.891,0.696521147,6.376082642,0.259804398,9.927,1.530533333,40.83314211,43.725,1,52.40822911,47,"T2","CT2-T8-H43",2.955154777,-120.8298,34.54325,-Inf,0,7.81676380437222,732.182232666248,0
"578","0.5-1","ct2_t8_h43","Copepoda<Maxillopoda",0.317648777353987,317.648777353987,2.4818606113384,2481.8606113384,234.048355370036,15.68699375,25.07190625,77.0835625,34.03350625,0.211496484,5.491,7.418104457,1.07124375,161.261,14.891,0.696521147,6.376082642,0.259804398,9.927,1.530533333,40.83314211,43.725,1,52.40822911,47,"T2","CT2-T8-H43",2.955154777,-120.8298,34.54325,5.76094629866999,74.3451739250036,7.81676380437222,580.875394341427,0.127988161745589
"579","0.5-1","ct2_t8_h43","Eucalanidae",0.021253872870361,21.253872870361,2.4818606113384,2481.8606113384,230.254390973317,15.68699375,25.07190625,77.0835625,34.03350625,0.211496484,5.491,7.418104457,1.07124375,161.261,14.891,0.696521147,6.376082642,0.259804398,9.927,1.530533333,40.83314211,43.725,1,52.40822911,47,"T2","CT2-T8-H43",2.955154777,-120.8298,34.54325,3.05653913148729,4.89379755358927,7.81676380437222,571.459303544388,0.0085636851534943
"580","0.5-1","ct2_t8_h43","Harpacticoida",0.00138177330623023,1.38177330623023,2.4818606113384,2481.8606113384,230.254390973317,15.68699375,25.07190625,77.0835625,34.03350625,0.211496484,5.491,7.418104457,1.07124375,161.261,14.891,0.696521147,6.376082642,0.259804398,9.927,1.530533333,40.83314211,43.725,1,52.40822911,47,"T2","CT2-T8-H43",2.955154777,-120.8298,34.54325,0.323367678772076,0.318159371089229,7.81676380437222,571.459303544388,0.000556748956777665
"581","0.5-1","ct2_t8_h43","Oikopleuridae",0,0,2.4818606113384,2481.8606113384,243.206200465566,15.68699375,25.07190625,77.0835625,34.03350625,0.211496484,5.491,7.418104457,1.07124375,161.261,14.891,0.696521147,6.376082642,0.259804398,9.927,1.530533333,40.83314211,43.725,1,52.40822911,47,"T2","CT2-T8-H43",2.955154777,-120.8298,34.54325,-Inf,0,7.81676380437222,603.60388936876,0
"582","0.5-1","ct2_t8_h43","Oithonidae",0.0642547495125881,64.2547495125881,2.4818606113384,2481.8606113384,227.78737964146,15.68699375,25.07190625,77.0835625,34.03350625,0.211496484,5.491,7.418104457,1.07124375,161.261,14.891,0.696521147,6.376082642,0.259804398,9.927,1.530533333,40.83314211,43.725,1,52.40822911,47,"T2","CT2-T8-H43",2.955154777,-120.8298,34.54325,4.16285564341812,14.6364210209908,7.81676380437222,565.336525292127,0.025889749496422
"583","0.5-1","ct2_t8_h43","Ostracoda",0.00387913784223007,3.87913784223007,2.4818606113384,2481.8606113384,295.013438434562,15.68699375,25.07190625,77.0835625,34.03350625,0.211496484,5.491,7.418104457,1.07124375,161.261,14.891,0.696521147,6.376082642,0.259804398,9.927,1.530533333,40.83314211,43.725,1,52.40822911,47,"T2","CT2-T8-H43",2.955154777,-120.8298,34.54325,1.35561292333305,1.14439779299792,7.81676380437222,732.182232666248,0.00156299585259067
"584","0.5-1","ct2_t8_h43","Poecilostomatoida",0.0210045164936685,21.0045164936685,2.4818606113384,2481.8606113384,239.848323930539,15.68699375,25.07190625,77.0835625,34.03350625,0.211496484,5.491,7.418104457,1.07124375,161.261,14.891,0.696521147,6.376082642,0.259804398,9.927,1.530533333,40.83314211,43.725,1,52.40822911,47,"T2","CT2-T8-H43",2.955154777,-120.8298,34.54325,3.04473748572602,5.03789807597775,7.81676380437222,595.270107858738,0.00846321360583635
"585","0.5-1","ct2_t8_h43","darksphere",0,0,2.4818606113384,2481.8606113384,262.63391470394,15.68699375,25.07190625,77.0835625,34.03350625,0.211496484,5.491,7.418104457,1.07124375,161.261,14.891,0.696521147,6.376082642,0.259804398,9.927,1.530533333,40.83314211,43.725,1,52.40822911,47,"T2","CT2-T8-H43",2.955154777,-120.8298,34.54325,-Inf,0,7.81676380437222,651.820768105318,0
"586","0.5-1","ct2_t8_h43","head<Chaetognatha",0,0,2.4818606113384,2481.8606113384,158.299893794155,15.68699375,25.07190625,77.0835625,34.03350625,0.211496484,5.491,7.418104457,1.07124375,161.261,14.891,0.696521147,6.376082642,0.259804398,9.927,1.530533333,40.83314211,43.725,1,52.40822911,47,"T2","CT2-T8-H43",2.955154777,-120.8298,34.54325,-Inf,0,7.81676380437222,392.878271186767,0
"587","0.5-1","ct2_t8_h43","multiple organisms",0,0,2.4818606113384,2481.8606113384,250.998719415394,15.68699375,25.07190625,77.0835625,34.03350625,0.211496484,5.491,7.418104457,1.07124375,161.261,14.891,0.696521147,6.376082642,0.259804398,9.927,1.530533333,40.83314211,43.725,1,52.40822911,47,"T2","CT2-T8-H43",2.955154777,-120.8298,34.54325,-Inf,0,7.81676380437222,622.943835213447,0
"588","0.5-1","ct2_t8_h43","nauplii<Crustacea",0,0,2.4818606113384,2481.8606113384,253.803135504679,15.68699375,25.07190625,77.0835625,34.03350625,0.211496484,5.491,7.418104457,1.07124375,161.261,14.891,0.696521147,6.376082642,0.259804398,9.927,1.530533333,40.83314211,43.725,1,52.40822911,47,"T2","CT2-T8-H43",2.955154777,-120.8298,34.54325,-Inf,0,7.81676380437222,629.904005043246,0
"589","0.5-1","ct2_t8_h43","other<living",0,0,2.4818606113384,2481.8606113384,231.810163885299,15.68699375,25.07190625,77.0835625,34.03350625,0.211496484,5.491,7.418104457,1.07124375,161.261,14.891,0.696521147,6.376082642,0.259804398,9.927,1.530533333,40.83314211,43.725,1,52.40822911,47,"T2","CT2-T8-H43",2.955154777,-120.8298,34.54325,-Inf,0,7.81676380437222,575.320515054824,0
"590","0.5-1","ct2_t8_h43","part<Crustacea",0,0,2.4818606113384,2481.8606113384,201.045139643162,15.68699375,25.07190625,77.0835625,34.03350625,0.211496484,5.491,7.418104457,1.07124375,161.261,14.891,0.696521147,6.376082642,0.259804398,9.927,1.530533333,40.83314211,43.725,1,52.40822911,47,"T2","CT2-T8-H43",2.955154777,-120.8298,34.54325,-Inf,0,7.81676380437222,498.966013181394,0
"591","0.5-1","ct2_t8_h43","zoea<Decapoda",0,0,2.4818606113384,2481.8606113384,230.254390973317,15.68699375,25.07190625,77.0835625,34.03350625,0.211496484,5.491,7.418104457,1.07124375,161.261,14.891,0.696521147,6.376082642,0.259804398,9.927,1.530533333,40.83314211,43.725,1,52.40822911,47,"T2","CT2-T8-H43",2.955154777,-120.8298,34.54325,-Inf,0,7.81676380437222,571.459303544388,0
"592","1-2","c1_t7_h9","Calanoida",0.369189247920012,369.189247920012,1.16321936236274,1163.21936236274,47.4098277608916,13.6354125,25.27231875,68.65825,33.72105625,0.271166667,4.793,17.5485,4.377575,127.52,14.88966667,1.386,16.9485,0.108,10.919,4.7989,34.31751471,43.229,1,54.45089622,30,"1","C1-T7-H9",6.573255037,-122.4661,36.18643,5.9113093795611,17.5031986550609,7.05894675241336,55.1480296177518,0.317385748437088
"593","1-2","c1_t7_h9","Chaetognatha",0.00472031862803112,4.72031862803112,1.16321936236274,1163.21936236274,34.2690602836879,13.6354125,25.27231875,68.65825,33.72105625,0.271166667,4.793,17.5485,4.377575,127.52,14.88966667,1.386,16.9485,0.108,10.919,4.7989,34.31751471,43.229,1,54.45089622,30,"1","C1-T7-H9",6.573255037,-122.4661,36.18643,1.55187630325784,0.161760883622214,7.05894675241336,39.8624344519619,0.0040579780398799
"594","1-2","c1_t7_h9","Copepoda<Maxillopoda",0.5147152374947,514.7152374947,1.16321936236274,1163.21936236274,46.443594858156,13.6354125,25.27231875,68.65825,33.72105625,0.271166667,4.793,17.5485,4.377575,127.52,14.88966667,1.386,16.9485,0.108,10.919,4.7989,34.31751471,43.229,1,54.45089622,30,"1","C1-T7-H9",6.573255037,-122.4661,36.18643,6.24361381083426,23.9052259575234,7.05894675241336,54.0240887967379,0.442491978855308
"595","1-2","c1_t7_h9","Eucalanidae",0.0324023737737108,32.4023737737108,1.16321936236274,1163.21936236274,28.8581560283688,13.6354125,25.27231875,68.65825,33.72105625,0.271166667,4.793,17.5485,4.377575,127.52,14.88966667,1.386,16.9485,0.108,10.919,4.7989,34.31751471,43.229,1,54.45089622,30,"1","C1-T7-H9",6.573255037,-122.4661,36.18643,3.47823168473527,0.935072758051271,7.05894675241336,33.5683658542837,0.0278557723694478
"596","1-2","c1_t7_h9","Eumalacostraca",0.170418086669362,170.418086669362,1.16321936236274,1163.21936236274,28.8581560283688,13.6354125,25.27231875,68.65825,33.72105625,0.271166667,4.793,17.5485,4.377575,127.52,14.88966667,1.386,16.9485,0.108,10.919,4.7989,34.31751471,43.229,1,54.45089622,30,"1","C1-T7-H9",6.573255037,-122.4661,36.18643,5.13825475118834,4.91795173516052,7.05894675241336,33.5683658542837,0.146505545027386
"597","1-2","c1_t7_h9","Euphausiacea",0.00133438255296847,1.33438255296847,1.16321936236274,1163.21936236274,72.145390070922,13.6354125,25.27231875,68.65825,33.72105625,0.271166667,4.793,17.5485,4.377575,127.52,14.88966667,1.386,16.9485,0.108,10.919,4.7989,34.31751471,43.229,1,54.45089622,30,"1","C1-T7-H9",6.573255037,-122.4661,36.18643,0.288468677723075,0.0962695497877432,7.05894675241336,83.9209146357093,0.00114714609827166
"598","1-2","c1_t7_h9","Harpacticoida",0.0225444747750114,22.5444747750114,1.16321936236274,1163.21936236274,28.8581560283688,13.6354125,25.27231875,68.65825,33.72105625,0.271166667,4.793,17.5485,4.377575,127.52,14.88966667,1.386,16.9485,0.108,10.919,4.7989,34.31751471,43.229,1,54.45089622,30,"1","C1-T7-H9",6.573255037,-122.4661,36.18643,3.11549001486233,0.650591970634903,7.05894675241336,33.5683658542837,0.0193811034311007
"599","1-2","c1_t7_h9","Oikopleuridae",0,0,1.16321936236274,1163.21936236274,72.145390070922,13.6354125,25.27231875,68.65825,33.72105625,0.271166667,4.793,17.5485,4.377575,127.52,14.88966667,1.386,16.9485,0.108,10.919,4.7989,34.31751471,43.229,1,54.45089622,30,"1","C1-T7-H9",6.573255037,-122.4661,36.18643,-Inf,0,7.05894675241336,83.9209146357093,0
"600","1-2","c1_t7_h9","Polychaeta",0.01776618582211,17.76618582211,1.16321936236274,1163.21936236274,28.8581560283688,13.6354125,25.27231875,68.65825,33.72105625,0.271166667,4.793,17.5485,4.377575,127.52,14.88966667,1.386,16.9485,0.108,10.919,4.7989,34.31751471,43.229,1,54.45089622,30,"1","C1-T7-H9",6.573255037,-122.4661,36.18643,2.87729697771587,0.512699362483445,7.05894675241336,33.5683658542837,0.0152732892839947
"601","1-2","c1_t7_h9","darksphere",0,0,1.16321936236274,1163.21936236274,43.2872340425532,13.6354125,25.27231875,68.65825,33.72105625,0.271166667,4.793,17.5485,4.377575,127.52,14.88966667,1.386,16.9485,0.108,10.919,4.7989,34.31751471,43.229,1,54.45089622,30,"1","C1-T7-H9",6.573255037,-122.4661,36.18643,-Inf,0,7.05894675241336,50.3525487814256,0
"602","1-2","c1_t7_h9","multiple organisms",0,0,1.16321936236274,1163.21936236274,67.7539315448659,13.6354125,25.27231875,68.65825,33.72105625,0.271166667,4.793,17.5485,4.377575,127.52,14.88966667,1.386,16.9485,0.108,10.919,4.7989,34.31751471,43.229,1,54.45089622,30,"1","C1-T7-H9",6.573255037,-122.4661,36.18643,-Inf,0,7.05894675241336,78.8126850491879,0
"603","1-2","c1_t7_h9","other<living",0,0,1.16321936236274,1163.21936236274,38.1339918946302,13.6354125,25.27231875,68.65825,33.72105625,0.271166667,4.793,17.5485,4.377575,127.52,14.88966667,1.386,16.9485,0.108,10.919,4.7989,34.31751471,43.229,1,54.45089622,30,"1","C1-T7-H9",6.573255037,-122.4661,36.18643,-Inf,0,7.05894675241336,44.3581977360178,0
"604","1-2","c1_t7_h9","part<Crustacea",0,0,1.16321936236274,1163.21936236274,32.4654255319149,13.6354125,25.27231875,68.65825,33.72105625,0.271166667,4.793,17.5485,4.377575,127.52,14.88966667,1.386,16.9485,0.108,10.919,4.7989,34.31751471,43.229,1,54.45089622,30,"1","C1-T7-H9",6.573255037,-122.4661,36.18643,-Inf,0,7.05894675241336,37.7644115860692,0
"605","1-2","c1_t7_h9","tetrazoid",0.0301290547268379,30.1290547268379,1.16321936236274,1163.21936236274,28.8581560283688,13.6354125,25.27231875,68.65825,33.72105625,0.271166667,4.793,17.5485,4.377575,127.52,14.88966667,1.386,16.9485,0.108,10.919,4.7989,34.31751471,43.229,1,54.45089622,30,"1","C1-T7-H9",6.573255037,-122.4661,36.18643,3.405489979495,0.869468962294349,7.05894675241336,33.5683658542837,0.0259014384575231
"606","1-2","c1_t8_h10","Calanoida",1.79457151480952,1794.57151480952,2.66989125714392,2669.89125714392,135.670629370629,14.52624375,25.12710625,73.9570625,33.7726125,0.293333333,5.056,6.879666667,3.06598125,117.599,33.74833333,0.619,4.617666667,0.519666667,8.4375,3.9444,39.60784898,93.982,0,57.2760461,30,"1","C1-T8-H10",4.157659552,-122.4958,36.11382,7.49252156201399,243.470646864812,7.88979302290345,362.225827207856,0.672151538010295
"607","1-2","c1_t8_h10","Chaetognatha",0.00463431440873876,4.63431440873876,2.66989125714392,2669.89125714392,131.82571274879,14.52624375,25.12710625,73.9570625,33.7726125,0.293333333,5.056,6.879666667,3.06598125,117.599,33.74833333,0.619,4.617666667,0.519666667,8.4375,3.9444,39.60784898,93.982,0,57.2760461,30,"1","C1-T8-H10",4.157659552,-122.4958,36.11382,1.53348827194743,0.610921800033973,7.88979302290345,351.960317934759,0.00173576897423765
"608","1-2","c1_t8_h10","Copepoda<Maxillopoda",0.495287980427584,495.287980427584,2.66989125714392,2669.89125714392,133.290442890443,14.52624375,25.12710625,73.9570625,33.7726125,0.293333333,5.056,6.879666667,3.06598125,117.599,33.74833333,0.619,4.617666667,0.519666667,8.4375,3.9444,39.60784898,93.982,0,57.2760461,30,"1","C1-T8-H10",4.157659552,-122.4958,36.11382,6.20513937204269,66.0171542695057,7.88979302290345,355.870988134034,0.185508671599387
"609","1-2","c1_t8_h10","Eucalanidae",0.0290767596423484,29.0767596423484,2.66989125714392,2669.89125714392,114.248951048951,14.52624375,25.12710625,73.9570625,33.7726125,0.293333333,5.056,6.879666667,3.06598125,117.599,33.74833333,0.619,4.617666667,0.519666667,8.4375,3.9444,39.60784898,93.982,0,57.2760461,30,"1","C1-T8-H10",4.157659552,-122.4958,36.11382,3.36993921737646,3.32198928904077,7.88979302290345,305.032275543458,0.0108906157000015
"610","1-2","c1_t8_h10","Eumalacostraca",0.267568232882481,267.568232882481,2.66989125714392,2669.89125714392,114.248951048951,14.52624375,25.12710625,73.9570625,33.7726125,0.293333333,5.056,6.879666667,3.06598125,117.599,33.74833333,0.619,4.617666667,0.519666667,8.4375,3.9444,39.60784898,93.982,0,57.2760461,30,"1","C1-T8-H10",4.157659552,-122.4958,36.11382,5.58937461000585,30.5693899408449,7.88979302290345,305.032275543458,0.100216902904393
"611","1-2","c1_t8_h10","Hydrozoa",0.0354706433675826,35.4706433675826,2.66989125714392,2669.89125714392,114.248951048951,14.52624375,25.12710625,73.9570625,33.7726125,0.293333333,5.056,6.879666667,3.06598125,117.599,33.74833333,0.619,4.617666667,0.519666667,8.4375,3.9444,39.60784898,93.982,0,57.2760461,30,"1","C1-T8-H10",4.157659552,-122.4958,36.11382,3.56870540697972,4.05248379777774,7.88979302290345,305.032275543458,0.0132854262407402
"612","1-2","c1_t8_h10","cypris",0,0,2.66989125714392,2669.89125714392,114.248951048951,14.52624375,25.12710625,73.9570625,33.7726125,0.293333333,5.056,6.879666667,3.06598125,117.599,33.74833333,0.619,4.617666667,0.519666667,8.4375,3.9444,39.60784898,93.982,0,57.2760461,30,"1","C1-T8-H10",4.157659552,-122.4958,36.11382,-Inf,0,7.88979302290345,305.032275543458,0
"613","1-2","c1_t8_h10","darksphere",0,0,2.66989125714392,2669.89125714392,114.248951048951,14.52624375,25.12710625,73.9570625,33.7726125,0.293333333,5.056,6.879666667,3.06598125,117.599,33.74833333,0.619,4.617666667,0.519666667,8.4375,3.9444,39.60784898,93.982,0,57.2760461,30,"1","C1-T8-H10",4.157659552,-122.4958,36.11382,-Inf,0,7.88979302290345,305.032275543458,0
"614","1-2","c1_t8_h10","head<Chaetognatha",0,0,2.66989125714392,2669.89125714392,190.414918414918,14.52624375,25.12710625,73.9570625,33.7726125,0.293333333,5.056,6.879666667,3.06598125,117.599,33.74833333,0.619,4.617666667,0.519666667,8.4375,3.9444,39.60784898,93.982,0,57.2760461,30,"1","C1-T8-H10",4.157659552,-122.4958,36.11382,-Inf,0,7.88979302290345,508.387125905763,0
"615","1-2","c1_t8_h10","multiple organisms",0,0,2.66989125714392,2669.89125714392,190.414918414918,14.52624375,25.12710625,73.9570625,33.7726125,0.293333333,5.056,6.879666667,3.06598125,117.599,33.74833333,0.619,4.617666667,0.519666667,8.4375,3.9444,39.60784898,93.982,0,57.2760461,30,"1","C1-T8-H10",4.157659552,-122.4958,36.11382,-Inf,0,7.88979302290345,508.387125905763,0
"616","1-2","c1_t8_h10","other<living",0,0,2.66989125714392,2669.89125714392,152.331934731935,14.52624375,25.12710625,73.9570625,33.7726125,0.293333333,5.056,6.879666667,3.06598125,117.599,33.74833333,0.619,4.617666667,0.519666667,8.4375,3.9444,39.60784898,93.982,0,57.2760461,30,"1","C1-T8-H10",4.157659552,-122.4958,36.11382,-Inf,0,7.88979302290345,406.70970072461,0
"617","1-2","c1_t8_h10","part<Crustacea",0,0,2.66989125714392,2669.89125714392,155.794024157661,14.52624375,25.12710625,73.9570625,33.7726125,0.293333333,5.056,6.879666667,3.06598125,117.599,33.74833333,0.619,4.617666667,0.519666667,8.4375,3.9444,39.60784898,93.982,0,57.2760461,30,"1","C1-T8-H10",4.157659552,-122.4958,36.11382,-Inf,0,7.88979302290345,415.953103013806,0
"618","1-2","c1_t8_h10","tetrazoid",0.0432818116056576,43.2818116056576,2.66989125714392,2669.89125714392,114.248951048951,14.52624375,25.12710625,73.9570625,33.7726125,0.293333333,5.056,6.879666667,3.06598125,117.599,33.74833333,0.619,4.617666667,0.519666667,8.4375,3.9444,39.60784898,93.982,0,57.2760461,30,"1","C1-T8-H10",4.157659552,-122.4958,36.11382,3.76773249146391,4.9449015754447,7.88979302290345,305.032275543458,0.0162110765709454
"619","1-2","c2_t8_h18","Calanoida",1.77627671823418,1776.27671823418,5.38792724951485,5387.92724951485,53.7674257425743,15.59365,24.5697,64.668,33.34975,0.221166667,4.771,6.914333333,1.7352,127.517,14.88933333,0.475166667,5.279,0.129666667,14.889,8.5157,12.36120755,10.001,0,89.04467932,6,"2","C2-T8-H18",3.495869841,-123.0914,36.42905,7.48227472123157,95.5058265459196,8.59191603512188,289.694978294682,0.329677190499207
"620","1-2","c2_t8_h18","Chaetognatha",0.0168573257914064,16.8573257914064,5.38792724951485,5387.92724951485,45.4976416391639,15.59365,24.5697,64.668,33.34975,0.221166667,4.771,6.914333333,1.7352,127.517,14.88933333,0.475166667,5.279,0.129666667,14.889,8.5157,12.36120755,10.001,0,89.04467932,6,"2","C2-T8-H18",3.495869841,-123.0914,36.42905,2.82478532738405,0.766968567852044,8.59191603512188,245.137983176313,0.00312872186478099
"621","1-2","c2_t8_h18","Copepoda<Maxillopoda",0.908343744870036,908.343744870036,5.38792724951485,5387.92724951485,77.0934282901974,15.59365,24.5697,64.668,33.34975,0.221166667,4.771,6.914333333,1.7352,127.517,14.88933333,0.475166667,5.279,0.129666667,14.889,8.5157,12.36120755,10.001,0,89.04467932,6,"2","C2-T8-H18",3.495869841,-123.0914,36.42905,6.81162288060579,70.0273333579875,8.59191603512188,415.373783043274,0.168588717479774
"622","1-2","c2_t8_h18","Eucalanidae",0.191678147384052,191.678147384052,5.38792724951485,5387.92724951485,40.4915181518152,15.59365,24.5697,64.668,33.34975,0.221166667,4.771,6.914333333,1.7352,127.517,14.88933333,0.475166667,5.279,0.129666667,14.889,8.5157,12.36120755,10.001,0,89.04467932,6,"2","C2-T8-H18",3.495869841,-123.0914,36.42905,5.2558176497304,7.76133918410763,8.59191603512188,218.16535402439,0.0355754891459069
"623","1-2","c2_t8_h18","Eumalacostraca",2.13261832740696,2132.61832740696,5.38792724951485,5387.92724951485,60.5713283828383,15.59365,24.5697,64.668,33.34975,0.221166667,4.771,6.914333333,1.7352,127.517,14.88933333,0.475166667,5.279,0.129666667,14.889,8.5157,12.36120755,10.001,0,89.04467932,6,"2","C2-T8-H18",3.495869841,-123.0914,36.42905,7.66510576547333,129.175525024626,8.59191603512188,326.353910733207,0.395814239622294
"624","1-2","c2_t8_h18","Harpacticoida",0.0452888189005703,45.2888189005703,5.38792724951485,5387.92724951485,39.8277227722772,15.59365,24.5697,64.668,33.34975,0.221166667,4.771,6.914333333,1.7352,127.517,14.88933333,0.475166667,5.279,0.129666667,14.889,8.5157,12.36120755,10.001,0,89.04467932,6,"2","C2-T8-H18",3.495869841,-123.0914,36.42905,3.81306017863611,1.80375052385578,8.59191603512188,214.588872810876,0.00840561069280367
"625","1-2","c2_t8_h18","Oikopleuridae",0,0,5.38792724951485,5387.92724951485,53.1036303630363,15.59365,24.5697,64.668,33.34975,0.221166667,4.771,6.914333333,1.7352,127.517,14.88933333,0.475166667,5.279,0.129666667,14.889,8.5157,12.36120755,10.001,0,89.04467932,6,"2","C2-T8-H18",3.495869841,-123.0914,36.42905,-Inf,0,8.59191603512188,286.118497081168,0
"626","1-2","c2_t8_h18","Ostracoda",0.141995571118234,141.995571118234,5.38792724951485,5387.92724951485,76.8106082036775,15.59365,24.5697,64.668,33.34975,0.221166667,4.771,6.914333333,1.7352,127.517,14.88933333,0.475166667,5.279,0.129666667,14.889,8.5157,12.36120755,10.001,0,89.04467932,6,"2","C2-T8-H18",3.495869841,-123.0914,36.42905,4.95579586780665,10.9067661798201,8.59191603512188,413.849968992403,0.0263543965132453
"627","1-2","c2_t8_h18","Tomopteridae",0,0,5.38792724951485,5387.92724951485,165.948844884488,15.59365,24.5697,64.668,33.34975,0.221166667,4.771,6.914333333,1.7352,127.517,14.88933333,0.475166667,5.279,0.129666667,14.889,8.5157,12.36120755,10.001,0,89.04467932,6,"2","C2-T8-H18",3.495869841,-123.0914,36.42905,-Inf,0,8.59191603512188,894.120303378649,0
"628","1-2","c2_t8_h18","cypris",0,0,5.38792724951485,5387.92724951485,26.5518151815181,15.59365,24.5697,64.668,33.34975,0.221166667,4.771,6.914333333,1.7352,127.517,14.88933333,0.475166667,5.279,0.129666667,14.889,8.5157,12.36120755,10.001,0,89.04467932,6,"2","C2-T8-H18",3.495869841,-123.0914,36.42905,-Inf,0,8.59191603512188,143.059248540584,0
"629","1-2","c2_t8_h18","darksphere",0,0,5.38792724951485,5387.92724951485,58.4139933993399,15.59365,24.5697,64.668,33.34975,0.221166667,4.771,6.914333333,1.7352,127.517,14.88933333,0.475166667,5.279,0.129666667,14.889,8.5157,12.36120755,10.001,0,89.04467932,6,"2","C2-T8-H18",3.495869841,-123.0914,36.42905,-Inf,0,8.59191603512188,314.730346789284,0
"630","1-2","c2_t8_h18","head<Chaetognatha",0,0,5.38792724951485,5387.92724951485,26.5518151815181,15.59365,24.5697,64.668,33.34975,0.221166667,4.771,6.914333333,1.7352,127.517,14.88933333,0.475166667,5.279,0.129666667,14.889,8.5157,12.36120755,10.001,0,89.04467932,6,"2","C2-T8-H18",3.495869841,-123.0914,36.42905,-Inf,0,8.59191603512188,143.059248540584,0
"631","1-2","c2_t8_h18","multiple organisms",0,0,5.38792724951485,5387.92724951485,56.8283755961803,15.59365,24.5697,64.668,33.34975,0.221166667,4.771,6.914333333,1.7352,127.517,14.88933333,0.475166667,5.279,0.129666667,14.889,8.5157,12.36120755,10.001,0,89.04467932,6,"2","C2-T8-H18",3.495869841,-123.0914,36.42905,-Inf,0,8.59191603512188,306.187153420325,0
"632","1-2","c2_t8_h18","other<living",0,0,5.38792724951485,5387.92724951485,53.1036303630363,15.59365,24.5697,64.668,33.34975,0.221166667,4.771,6.914333333,1.7352,127.517,14.88933333,0.475166667,5.279,0.129666667,14.889,8.5157,12.36120755,10.001,0,89.04467932,6,"2","C2-T8-H18",3.495869841,-123.0914,36.42905,-Inf,0,8.59191603512188,286.118497081168,0
"633","1-2","c2_t8_h18","part<Crustacea",0,0,5.38792724951485,5387.92724951485,45.9125137513751,15.59365,24.5697,64.668,33.34975,0.221166667,4.771,6.914333333,1.7352,127.517,14.88933333,0.475166667,5.279,0.129666667,14.889,8.5157,12.36120755,10.001,0,89.04467932,6,"2","C2-T8-H18",3.495869841,-123.0914,36.42905,-Inf,0,8.59191603512188,247.373283934759,0
"634","1-2","c2_t8_h18","tetrazoid",0.174868595809416,174.868595809416,5.38792724951485,5387.92724951485,44.2530253025302,15.59365,24.5697,64.668,33.34975,0.221166667,4.771,6.914333333,1.7352,127.517,14.88933333,0.475166667,5.279,0.129666667,14.889,8.5157,12.36120755,10.001,0,89.04467932,6,"2","C2-T8-H18",3.495869841,-123.0914,36.42905,5.16403481078206,7.73846439497201,8.59191603512188,238.432080900973,0.0324556341819874
"635","1-2","c2_t9_h19","Amphipoda",0,0,41.5836391010665,41583.6391010665,17.2420634920635,15.85675,24.06715,69.2275,32.7728,0.3052,4.576,7.3326,1.59615,129.5,30.76966667,0.668,5.1062,0.433,26.8,4.107233333,18.6269982,11.23,1,107.295263,6,"2","C2-T9-H19",2.811058313,-123.226,36.46062,-Inf,0,10.6354620780505,716.987745611643,0
"636","1-2","c2_t9_h19","Calanoida",1.5261985717582,1526.1985717582,41.5836391010665,41583.6391010665,64.0419501133787,15.85675,24.06715,69.2275,32.7728,0.3052,4.576,7.3326,1.59615,129.5,30.76966667,0.668,5.1062,0.433,26.8,4.107233333,18.6269982,11.23,1,107.295263,6,"2","C2-T9-H19",2.811058313,-123.226,36.46062,7.33053532903947,97.7407327956481,10.6354620780505,2663.09734084325,0.0367019001884097
"637","1-2","c2_t9_h19","Chaetognatha",0.0150768817851479,15.0768817851479,41.5836391010665,41583.6391010665,82.7619047619048,15.85675,24.06715,69.2275,32.7728,0.3052,4.576,7.3326,1.59615,129.5,30.76966667,0.668,5.1062,0.433,26.8,4.107233333,18.6269982,11.23,1,107.295263,6,"2","C2-T9-H19",2.811058313,-123.226,36.46062,2.71316256302504,1.24779145440891,10.6354620780505,3441.54117893589,0.000362567637442805
"638","1-2","c2_t9_h19","Copepoda<Maxillopoda",0.660448164402051,660.448164402051,41.5836391010665,41583.6391010665,40.6420068027211,15.85675,24.06715,69.2275,32.7728,0.3052,4.576,7.3326,1.59615,129.5,30.76966667,0.668,5.1062,0.433,26.8,4.107233333,18.6269982,11.23,1,107.295263,6,"2","C2-T9-H19",2.811058313,-123.226,36.46062,6.49291864155198,26.8419387904728,10.6354620780505,1690.04254322744,0.0158824042022121
"639","1-2","c2_t9_h19","Eucalanidae",0.685136583295764,685.136583295764,41.5836391010665,41583.6391010665,39.0820105820106,15.85675,24.06715,69.2275,32.7728,0.3052,4.576,7.3326,1.59615,129.5,30.76966667,0.668,5.1062,0.433,26.8,4.107233333,18.6269982,11.23,1,107.295263,6,"2","C2-T9-H19",2.811058313,-123.226,36.46062,6.529618210059,26.7765151984876,10.6354620780505,1625.17222338639,0.0164761093090141
"640","1-2","c2_t9_h19","Eumalacostraca",37.1861806342804,37186.1806342804,41.5836391010665,41583.6391010665,44.8709122203098,15.85675,24.06715,69.2275,32.7728,0.3052,4.576,7.3326,1.59615,129.5,30.76966667,0.668,5.1062,0.433,26.8,4.107233333,18.6269982,11.23,1,107.295263,6,"2","C2-T9-H19",2.811058313,-123.226,36.46062,10.5236924829166,1668.57784704938,10.6354620780505,1865.895819905,0.894250273380395
"641","1-2","c2_t9_h19","Euphausiacea",0.0167742646586503,16.7742646586503,41.5836391010665,41583.6391010665,17.2420634920635,15.85675,24.06715,69.2275,32.7728,0.3052,4.576,7.3326,1.59615,129.5,30.76966667,0.668,5.1062,0.433,26.8,4.107233333,18.6269982,11.23,1,107.295263,6,"2","C2-T9-H19",2.811058313,-123.226,36.46062,2.81984584634703,0.289222936277125,10.6354620780505,716.987745611643,0.000403386163916088
"642","1-2","c2_t9_h19","Ostracoda",0.287253276760568,287.253276760568,41.5836391010665,41583.6391010665,44.5419973544974,15.85675,24.06715,69.2275,32.7728,0.3052,4.576,7.3326,1.59615,129.5,30.76966667,0.668,5.1062,0.433,26.8,4.107233333,18.6269982,11.23,1,107.295263,6,"2","C2-T9-H19",2.811058313,-123.226,36.46062,5.6603643240113,12.7948346935399,10.6354620780505,1852.21834283008,0.00690784363683072
"643","1-2","c2_t9_h19","cypris",0,0,41.5836391010665,41583.6391010665,17.2420634920635,15.85675,24.06715,69.2275,32.7728,0.3052,4.576,7.3326,1.59615,129.5,30.76966667,0.668,5.1062,0.433,26.8,4.107233333,18.6269982,11.23,1,107.295263,6,"2","C2-T9-H19",2.811058313,-123.226,36.46062,-Inf,0,10.6354620780505,716.987745611643,0
"644","1-2","c2_t9_h19","darksphere",0,0,41.5836391010665,41583.6391010665,76.8055555555556,15.85675,24.06715,69.2275,32.7728,0.3052,4.576,7.3326,1.59615,129.5,30.76966667,0.668,5.1062,0.433,26.8,4.107233333,18.6269982,11.23,1,107.295263,6,"2","C2-T9-H19",2.811058313,-123.226,36.46062,-Inf,0,10.6354620780505,3193.85450317914,0
"645","1-2","c2_t9_h19","egg<Actinopterygii",0,0,41.5836391010665,41583.6391010665,17.2420634920635,15.85675,24.06715,69.2275,32.7728,0.3052,4.576,7.3326,1.59615,129.5,30.76966667,0.668,5.1062,0.433,26.8,4.107233333,18.6269982,11.23,1,107.295263,6,"2","C2-T9-H19",2.811058313,-123.226,36.46062,-Inf,0,10.6354620780505,716.987745611643,0
"646","1-2","c2_t9_h19","head<Chaetognatha",0,0,41.5836391010665,41583.6391010665,17.2420634920635,15.85675,24.06715,69.2275,32.7728,0.3052,4.576,7.3326,1.59615,129.5,30.76966667,0.668,5.1062,0.433,26.8,4.107233333,18.6269982,11.23,1,107.295263,6,"2","C2-T9-H19",2.811058313,-123.226,36.46062,-Inf,0,10.6354620780505,716.987745611643,0
"647","1-2","c2_t9_h19","multiple organisms",0,0,41.5836391010665,41583.6391010665,239.541524943311,15.85675,24.06715,69.2275,32.7728,0.3052,4.576,7.3326,1.59615,129.5,30.76966667,0.668,5.1062,0.433,26.8,4.107233333,18.6269982,11.23,1,107.295263,6,"2","C2-T9-H19",2.811058313,-123.226,36.46062,-Inf,0,10.6354620780505,9961.00832296175,0
"648","1-2","c2_t9_h19","other<living",0,0,41.5836391010665,41583.6391010665,47.0238095238095,15.85675,24.06715,69.2275,32.7728,0.3052,4.576,7.3326,1.59615,129.5,30.76966667,0.668,5.1062,0.433,26.8,4.107233333,18.6269982,11.23,1,107.295263,6,"2","C2-T9-H19",2.811058313,-123.226,36.46062,-Inf,0,10.6354620780505,1955.42112439539,0
"649","1-2","c2_t9_h19","part<Crustacea",0,0,41.5836391010665,41583.6391010665,55.7831465919701,15.85675,24.06715,69.2275,32.7728,0.3052,4.576,7.3326,1.59615,129.5,30.76966667,0.668,5.1062,0.433,26.8,4.107233333,18.6269982,11.23,1,107.295263,6,"2","C2-T9-H19",2.811058313,-123.226,36.46062,-Inf,0,10.6354620780505,2319.66623580237,0
"650","1-2","c2_t9_h19","tetrazoid",1.20657072412574,1206.57072412574,41.5836391010665,41583.6391010665,17.2420634920635,15.85675,24.06715,69.2275,32.7728,0.3052,4.576,7.3326,1.59615,129.5,30.76966667,0.668,5.1062,0.433,26.8,4.107233333,18.6269982,11.23,1,107.295263,6,"2","C2-T9-H19",2.811058313,-123.226,36.46062,7.09553750259756,20.8037690330411,10.6354620780505,716.987745611643,0.0290155154817799
"651","1-2","c3_t6_h25","Calanoida",1.36034464349211,1360.34464349211,9.89794428462637,9897.94428462637,17.6127128382966,18.84853125,23.309125,79.10425,32.70948125,0.0165,114.277,-0.069,-0.00258125,349.6695,109.1806667,0.336,1.0475,-0.013,22.833,0.642766667,36.93443854,8.3977,0,772.3392208,103,"3","C3-T6-H25",-4.6044581,-130.477,34.56042,7.21549336095854,23.9593595669415,9.20008236654331,174.329650374583,0.137437088386627
"652","1-2","c3_t6_h25","Chaetognatha",0.0390720728763259,39.0720728763259,9.89794428462637,9897.94428462637,8.88954737047629,18.84853125,23.309125,79.10425,32.70948125,0.0165,114.277,-0.069,-0.00258125,349.6695,109.1806667,0.336,1.0475,-0.013,22.833,0.642766667,36.93443854,8.3977,0,772.3392208,103,"3","C3-T6-H25",-4.6044581,-130.477,34.56042,3.66540796310689,0.347333042696801,9.20008236654331,87.9882445885212,0.00394749371715632
"653","1-2","c3_t6_h25","Copepoda<Maxillopoda",0.865322705616916,865.322705616916,9.89794428462637,9897.94428462637,18.6494000779223,18.84853125,23.309125,79.10425,32.70948125,0.0165,114.277,-0.069,-0.00258125,349.6695,109.1806667,0.336,1.0475,-0.013,22.833,0.642766667,36.93443854,8.3977,0,772.3392208,103,"3","C3-T6-H25",-4.6044581,-130.477,34.56042,6.7631025074359,16.13774933356,9.20008236654331,184.590722912982,0.0874244874221961
"654","1-2","c3_t6_h25","Eucalanidae",0.291089718132949,291.089718132949,9.89794428462637,9897.94428462637,16.9709540709093,18.84853125,23.309125,79.10425,32.70948125,0.0165,114.277,-0.069,-0.00258125,349.6695,109.1806667,0.336,1.0475,-0.013,22.833,0.642766667,36.93443854,8.3977,0,772.3392208,103,"3","C3-T6-H25",-4.6044581,-130.477,34.56042,5.67363152938903,4.94007023694821,9.20008236654331,167.977557850813,0.0294091085747041
"655","1-2","c3_t6_h25","Eumalacostraca",6.20309173770015,6203.09173770015,9.89794428462637,9897.94428462637,17.9196409444384,18.84853125,23.309125,79.10425,32.70948125,0.0165,114.277,-0.069,-0.00258125,349.6695,109.1806667,0.336,1.0475,-0.013,22.833,0.642766667,36.93443854,8.3977,0,772.3392208,103,"3","C3-T6-H25",-4.6044581,-130.477,34.56042,8.73280311411092,111.157176684999,9.20008236654331,177.367607668561,0.626705057062695
"656","1-2","c3_t6_h25","Harpacticoida",0.0535576813223296,53.5576813223296,9.89794428462637,9897.94428462637,6.06105502532474,18.84853125,23.309125,79.10425,32.70948125,0.0165,114.277,-0.069,-0.00258125,349.6695,109.1806667,0.336,1.0475,-0.013,22.833,0.642766667,36.93443854,8.3977,0,772.3392208,103,"3","C3-T6-H25",-4.6044581,-130.477,34.56042,3.98075922866724,0.324616053523447,9.20008236654331,59.991984946719,0.00541099038166098
"657","1-2","c3_t6_h25","Hydrozoa",0.214592746365866,214.592746365866,9.89794428462637,9897.94428462637,6.06105502532474,18.84853125,23.309125,79.10425,32.70948125,0.0165,114.277,-0.069,-0.00258125,349.6695,109.1806667,0.336,1.0475,-0.013,22.833,0.642766667,36.93443854,8.3977,0,772.3392208,103,"3","C3-T6-H25",-4.6044581,-130.477,34.56042,5.3687420289071,1.30065844375907,9.20008236654331,59.991984946719,0.021680536906959
"658","1-2","c3_t6_h25","Oikopleuridae",0,0,9.89794428462637,9897.94428462637,16.9709540709093,18.84853125,23.309125,79.10425,32.70948125,0.0165,114.277,-0.069,-0.00258125,349.6695,109.1806667,0.336,1.0475,-0.013,22.833,0.642766667,36.93443854,8.3977,0,772.3392208,103,"3","C3-T6-H25",-4.6044581,-130.477,34.56042,-Inf,0,9.20008236654331,167.977557850813,0
"659","1-2","c3_t6_h25","Ostracoda",0.594235701146152,594.235701146152,9.89794428462637,9897.94428462637,13.0996995708632,18.84853125,23.309125,79.10425,32.70948125,0.0165,114.277,-0.069,-0.00258125,349.6695,109.1806667,0.336,1.0475,-0.013,22.833,0.642766667,36.93443854,8.3977,0,772.3392208,103,"3","C3-T6-H25",-4.6044581,-130.477,34.56042,6.38727604393339,7.78430915929581,9.20008236654331,129.660096497748,0.0600362746099841
"660","1-2","c3_t6_h25","Poecilostomatoida",0.110362123686945,110.362123686945,9.89794428462637,9897.94428462637,6.06105502532474,18.84853125,23.309125,79.10425,32.70948125,0.0165,114.277,-0.069,-0.00258125,349.6695,109.1806667,0.336,1.0475,-0.013,22.833,0.642766667,36.93443854,8.3977,0,772.3392208,103,"3","C3-T6-H25",-4.6044581,-130.477,34.56042,4.70376699243092,0.668910904378268,9.20008236654331,59.991984946719,0.0111500045376453
"661","1-2","c3_t6_h25","Polychaeta",0.0305354392031023,30.5354392031023,9.89794428462637,9897.94428462637,33.3358026392861,18.84853125,23.309125,79.10425,32.70948125,0.0165,114.277,-0.069,-0.00258125,349.6695,109.1806667,0.336,1.0475,-0.013,22.833,0.642766667,36.93443854,8.3977,0,772.3392208,103,"3","C3-T6-H25",-4.6044581,-130.477,34.56042,3.41888795016761,1.01792337477854,9.20008236654331,329.955917206954,0.00308502839832413
"662","1-2","c3_t6_h25","Tomopteridae",0,0,9.89794428462637,9897.94428462637,6.06105502532474,18.84853125,23.309125,79.10425,32.70948125,0.0165,114.277,-0.069,-0.00258125,349.6695,109.1806667,0.336,1.0475,-0.013,22.833,0.642766667,36.93443854,8.3977,0,772.3392208,103,"3","C3-T6-H25",-4.6044581,-130.477,34.56042,-Inf,0,9.20008236654331,59.991984946719,0
"663","1-2","c3_t6_h25","cypris",0,0,9.89794428462637,9897.94428462637,11.516004548117,18.84853125,23.309125,79.10425,32.70948125,0.0165,114.277,-0.069,-0.00258125,349.6695,109.1806667,0.336,1.0475,-0.013,22.833,0.642766667,36.93443854,8.3977,0,772.3392208,103,"3","C3-T6-H25",-4.6044581,-130.477,34.56042,-Inf,0,9.20008236654331,113.984771398766,0
"664","1-2","c3_t6_h25","darksphere",0,0,9.89794428462637,9897.94428462637,6.06105502532474,18.84853125,23.309125,79.10425,32.70948125,0.0165,114.277,-0.069,-0.00258125,349.6695,109.1806667,0.336,1.0475,-0.013,22.833,0.642766667,36.93443854,8.3977,0,772.3392208,103,"3","C3-T6-H25",-4.6044581,-130.477,34.56042,-Inf,0,9.20008236654331,59.991984946719,0
"665","1-2","c3_t6_h25","egg<Actinopterygii",0,0,9.89794428462637,9897.94428462637,6.06105502532474,18.84853125,23.309125,79.10425,32.70948125,0.0165,114.277,-0.069,-0.00258125,349.6695,109.1806667,0.336,1.0475,-0.013,22.833,0.642766667,36.93443854,8.3977,0,772.3392208,103,"3","C3-T6-H25",-4.6044581,-130.477,34.56042,-Inf,0,9.20008236654331,59.991984946719,0
"666","1-2","c3_t6_h25","multiple organisms",0,0,9.89794428462637,9897.94428462637,23.8945438498379,18.84853125,23.309125,79.10425,32.70948125,0.0165,114.277,-0.069,-0.00258125,349.6695,109.1806667,0.336,1.0475,-0.013,22.833,0.642766667,36.93443854,8.3977,0,772.3392208,103,"3","C3-T6-H25",-4.6044581,-130.477,34.56042,-Inf,0,9.20008236654331,236.506863732258,0
"667","1-2","c3_t6_h25","nectophore<Physonectae",0,0,9.89794428462637,9897.94428462637,60.6105502532474,18.84853125,23.309125,79.10425,32.70948125,0.0165,114.277,-0.069,-0.00258125,349.6695,109.1806667,0.336,1.0475,-0.013,22.833,0.642766667,36.93443854,8.3977,0,772.3392208,103,"3","C3-T6-H25",-4.6044581,-130.477,34.56042,-Inf,0,9.20008236654331,599.91984946719,0
"668","1-2","c3_t6_h25","other<living",0,0,9.89794428462637,9897.94428462637,20.4161853484623,18.84853125,23.309125,79.10425,32.70948125,0.0165,114.277,-0.069,-0.00258125,349.6695,109.1806667,0.336,1.0475,-0.013,22.833,0.642766667,36.93443854,8.3977,0,772.3392208,103,"3","C3-T6-H25",-4.6044581,-130.477,34.56042,-Inf,0,9.20008236654331,202.078265083685,0
"669","1-2","c3_t6_h25","part<Crustacea",0,0,9.89794428462637,9897.94428462637,9.26984886226137,18.84853125,23.309125,79.10425,32.70948125,0.0165,114.277,-0.069,-0.00258125,349.6695,109.1806667,0.336,1.0475,-0.013,22.833,0.642766667,36.93443854,8.3977,0,772.3392208,103,"3","C3-T6-H25",-4.6044581,-130.477,34.56042,-Inf,0,9.20008236654331,91.7524475655702,0
"670","1-2","c3_t6_h25","tetrazoid",0.135739715083533,135.739715083533,9.89794428462637,9897.94428462637,6.06105502532474,18.84853125,23.309125,79.10425,32.70948125,0.0165,114.277,-0.069,-0.00258125,349.6695,109.1806667,0.336,1.0475,-0.013,22.833,0.642766667,36.93443854,8.3977,0,772.3392208,103,"3","C3-T6-H25",-4.6044581,-130.477,34.56042,4.91073919228662,0.822725882243199,9.20008236654331,59.991984946719,0.0137139300020476
"671","1-2","c3_t7_h26","Calanoida",1.16312464943614,1163.12464943614,7.96850879136584,7968.50879136584,36.7838881318539,18.9034875,23.2842875,72.4185,32.6949375,0.0215,109.923,-0.061,0.03025,361.5635,105.2116667,0.3,1.2055,-0.0135,22.834,0.657333333,34.44530282,0.053271,1,772.3906546,103,"3","C3-T7-H26",-4.437854817,-130.4595,34.52752,7.05886532599821,42.7842469882609,8.98325265156391,293.112735959295,0.145965158587317
"672","1-2","c3_t7_h26","Chaetognatha",0.0356897712397886,35.6897712397886,7.96850879136584,7968.50879136584,13.9796249432224,18.9034875,23.2842875,72.4185,32.6949375,0.0215,109.923,-0.061,0.03025,361.5635,105.2116667,0.3,1.2055,-0.0135,22.834,0.657333333,34.44530282,0.053271,1,772.3906546,103,"3","C3-T7-H26",-4.437854817,-130.4595,34.52752,3.57486412783705,0.49892961624165,8.98325265156391,111.396764260065,0.00447885196267334
"673","1-2","c3_t7_h26","Copepoda<Maxillopoda",0.636559109862557,636.559109862557,7.96850879136584,7968.50879136584,39.2797070415542,18.9034875,23.2842875,72.4185,32.6949375,0.0215,109.923,-0.061,0.03025,361.5635,105.2116667,0.3,1.2055,-0.0135,22.834,0.657333333,34.44530282,0.053271,1,772.3906546,103,"3","C3-T7-H26",-4.437854817,-130.4595,34.52752,6.45607728071238,25.0038553500337,8.98325265156391,313.000690882899,0.0798843455568866
"674","1-2","c3_t7_h26","Eucalanidae",0.309220520805921,309.220520805921,7.96850879136584,7968.50879136584,7.68879371877231,18.9034875,23.2842875,72.4185,32.6949375,0.0215,109.923,-0.061,0.03025,361.5635,105.2116667,0.3,1.2055,-0.0135,22.834,0.657333333,34.44530282,0.053271,1,772.3906546,103,"3","C3-T7-H26",-4.437854817,-130.4595,34.52752,5.73405468192994,2.37753279808807,8.98325265156391,61.2682203430356,0.0388053183979633
"675","1-2","c3_t7_h26","Eumalacostraca",4.76100477361447,4761.00477361447,7.96850879136584,7968.50879136584,29.3135260528194,18.9034875,23.2842875,72.4185,32.6949375,0.0215,109.923,-0.061,0.03025,361.5635,105.2116667,0.3,1.2055,-0.0135,22.834,0.657333333,34.44530282,0.053271,1,772.3906546,103,"3","C3-T7-H26",-4.437854817,-130.4595,34.52752,8.46821401184356,139.561837468945,8.98325265156391,233.585090057823,0.597477507808385
"676","1-2","c3_t7_h26","Hydrozoa",0.20503975510581,205.03975510581,7.96850879136584,7968.50879136584,27.4599775670439,18.9034875,23.2842875,72.4185,32.6949375,0.0215,109.923,-0.061,0.03025,361.5635,105.2116667,0.3,1.2055,-0.0135,22.834,0.657333333,34.44530282,0.053271,1,772.3906546,103,"3","C3-T7-H26",-4.437854817,-130.4595,34.52752,5.32320388768234,5.63038707555772,8.98325265156391,218.815072653698,0.0257312579397512
"677","1-2","c3_t7_h26","Oikopleuridae",0,0,7.96850879136584,7968.50879136584,42.2883654532477,18.9034875,23.2842875,72.4185,32.6949375,0.0215,109.923,-0.061,0.03025,361.5635,105.2116667,0.3,1.2055,-0.0135,22.834,0.657333333,34.44530282,0.053271,1,772.3906546,103,"3","C3-T7-H26",-4.437854817,-130.4595,34.52752,-Inf,0,8.98325265156391,336.975211886696,0
"678","1-2","c3_t7_h26","Oithonidae",0.00962422712964689,9.62422712964689,7.96850879136584,7968.50879136584,76.8879371877231,18.9034875,23.2842875,72.4185,32.6949375,0.0215,109.923,-0.061,0.03025,361.5635,105.2116667,0.3,1.2055,-0.0135,22.834,0.657333333,34.44530282,0.053271,1,772.3906546,103,"3","C3-T7-H26",-4.437854817,-130.4595,34.52752,2.26428357873127,0.73998697102467,8.98325265156391,612.682203430356,0.00120778270836258
"679","1-2","c3_t7_h26","Ostracoda",0.226466312917709,226.466312917709,7.96850879136584,7968.50879136584,7.68879371877231,18.9034875,23.2842875,72.4185,32.6949375,0.0215,109.923,-0.061,0.03025,361.5635,105.2116667,0.3,1.2055,-0.0135,22.834,0.657333333,34.44530282,0.053271,1,772.3906546,103,"3","C3-T7-H26",-4.437854817,-130.4595,34.52752,5.42259620502172,1.74125276427521,8.98325265156391,61.2682203430356,0.0284201622721548
"680","1-2","c3_t7_h26","Poecilostomatoida",0.0658554725156145,65.8554725156145,7.96850879136584,7968.50879136584,7.68879371877231,18.9034875,23.2842875,72.4185,32.6949375,0.0215,109.923,-0.061,0.03025,361.5635,105.2116667,0.3,1.2055,-0.0135,22.834,0.657333333,34.44530282,0.053271,1,772.3906546,103,"3","C3-T7-H26",-4.437854817,-130.4595,34.52752,4.18746253051622,0.506349143424839,8.98325265156391,61.2682203430356,0.00826446631858789
"681","1-2","c3_t7_h26","Polychaeta",0.019452562187839,19.452562187839,7.96850879136584,7968.50879136584,7.68879371877231,18.9034875,23.2842875,72.4185,32.6949375,0.0215,109.923,-0.061,0.03025,361.5635,105.2116667,0.3,1.2055,-0.0135,22.834,0.657333333,34.44530282,0.053271,1,772.3906546,103,"3","C3-T7-H26",-4.437854817,-130.4595,34.52752,2.96797879341112,0.149566737963884,8.98325265156391,61.2682203430356,0.00244117973602746
"682","1-2","c3_t7_h26","Salpida",0.0114504498519644,11.4504498519644,7.96850879136584,7968.50879136584,76.8879371877231,18.9034875,23.2842875,72.4185,32.6949375,0.0215,109.923,-0.061,0.03025,361.5635,105.2116667,0.3,1.2055,-0.0135,22.834,0.657333333,34.44530282,0.053271,1,772.3906546,103,"3","C3-T7-H26",-4.437854817,-130.4595,34.52752,2.43802901760965,0.880401468989011,8.98325265156391,612.682203430356,0.00143696269299111
"683","1-2","c3_t7_h26","Tomopteridae",0,0,7.96850879136584,7968.50879136584,7.68879371877231,18.9034875,23.2842875,72.4185,32.6949375,0.0215,109.923,-0.061,0.03025,361.5635,105.2116667,0.3,1.2055,-0.0135,22.834,0.657333333,34.44530282,0.053271,1,772.3906546,103,"3","C3-T7-H26",-4.437854817,-130.4595,34.52752,-Inf,0,8.98325265156391,61.2682203430356,0
"684","1-2","c3_t7_h26","cypris",0,0,7.96850879136584,7968.50879136584,7.68879371877231,18.9034875,23.2842875,72.4185,32.6949375,0.0215,109.923,-0.061,0.03025,361.5635,105.2116667,0.3,1.2055,-0.0135,22.834,0.657333333,34.44530282,0.053271,1,772.3906546,103,"3","C3-T7-H26",-4.437854817,-130.4595,34.52752,-Inf,0,8.98325265156391,61.2682203430356,0
"685","1-2","c3_t7_h26","darksphere",0,0,7.96850879136584,7968.50879136584,7.68879371877231,18.9034875,23.2842875,72.4185,32.6949375,0.0215,109.923,-0.061,0.03025,361.5635,105.2116667,0.3,1.2055,-0.0135,22.834,0.657333333,34.44530282,0.053271,1,772.3906546,103,"3","C3-T7-H26",-4.437854817,-130.4595,34.52752,-Inf,0,8.98325265156391,61.2682203430356,0
"686","1-2","c3_t7_h26","egg<Actinopterygii",0,0,7.96850879136584,7968.50879136584,7.68879371877231,18.9034875,23.2842875,72.4185,32.6949375,0.0215,109.923,-0.061,0.03025,361.5635,105.2116667,0.3,1.2055,-0.0135,22.834,0.657333333,34.44530282,0.053271,1,772.3906546,103,"3","C3-T7-H26",-4.437854817,-130.4595,34.52752,-Inf,0,8.98325265156391,61.2682203430356,0
"687","1-2","c3_t7_h26","multiple organisms",0,0,7.96850879136584,7968.50879136584,68.0540039789208,18.9034875,23.2842875,72.4185,32.6949375,0.0215,109.923,-0.061,0.03025,361.5635,105.2116667,0.3,1.2055,-0.0135,22.834,0.657333333,34.44530282,0.053271,1,772.3906546,103,"3","C3-T7-H26",-4.437854817,-130.4595,34.52752,-Inf,0,8.98325265156391,542.288928993677,0
"688","1-2","c3_t7_h26","nectophore<Physonectae",0,0,7.96850879136584,7968.50879136584,76.8879371877231,18.9034875,23.2842875,72.4185,32.6949375,0.0215,109.923,-0.061,0.03025,361.5635,105.2116667,0.3,1.2055,-0.0135,22.834,0.657333333,34.44530282,0.053271,1,772.3906546,103,"3","C3-T7-H26",-4.437854817,-130.4595,34.52752,-Inf,0,8.98325265156391,612.682203430356,0
"689","1-2","c3_t7_h26","other<living",0,0,7.96850879136584,7968.50879136584,24.98857958601,18.9034875,23.2842875,72.4185,32.6949375,0.0215,109.923,-0.061,0.03025,361.5635,105.2116667,0.3,1.2055,-0.0135,22.834,0.657333333,34.44530282,0.053271,1,772.3906546,103,"3","C3-T7-H26",-4.437854817,-130.4595,34.52752,-Inf,0,8.98325265156391,199.121716114866,0
"690","1-2","c3_t7_h26","part<Crustacea",0,0,7.96850879136584,7968.50879136584,30.7551748750892,18.9034875,23.2842875,72.4185,32.6949375,0.0215,109.923,-0.061,0.03025,361.5635,105.2116667,0.3,1.2055,-0.0135,22.834,0.657333333,34.44530282,0.053271,1,772.3906546,103,"3","C3-T7-H26",-4.437854817,-130.4595,34.52752,-Inf,0,8.98325265156391,245.072881372142,0
"691","1-2","c3_t7_h26","tetrazoid",0.525021186698378,525.021186698378,7.96850879136584,7968.50879136584,7.68879371877231,18.9034875,23.2842875,72.4185,32.6949375,0.0215,109.923,-0.061,0.03025,361.5635,105.2116667,0.3,1.2055,-0.0135,22.834,0.657333333,34.44530282,0.053271,1,772.3906546,103,"3","C3-T7-H26",-4.437854817,-130.4595,34.52752,6.26343861739332,4.03677960250887,8.98325265156391,61.2682203430356,0.0658870060188999
"692","1-2","ct1_t1_h28","Calanoida",2.79305720111353,2793.05720111353,7.70752516499215,7707.52516499215,1.14215125216225,17.38964375,23.8663625,65.336625,32.97244375,0.013,59.8,0.207,0.26435,361.5505,43.67766667,0.370333333,1.022333333,0.021666667,39.707,2.921366667,44.12433944,112.6,0,602.6631245,5,"T1","CT1-T1-H28",-2.054216937,-128.5755,34.96055,7.934892045905,3.19009377961262,8.94995242475558,8.80315951826786,0.362380549050906
"693","1-2","ct1_t1_h28","Chaetognatha",0.0636851885419081,63.6851885419081,7.70752516499215,7707.52516499215,1.2310796297021,17.38964375,23.8663625,65.336625,32.97244375,0.013,59.8,0.207,0.26435,361.5505,43.67766667,0.370333333,1.022333333,0.021666667,39.707,2.921366667,44.12433944,112.6,0,602.6631245,5,"T1","CT1-T1-H28",-2.054216937,-128.5755,34.96055,4.15395201657606,0.0784015383276807,8.94995242475558,9.48857722603816,0.00826272859038703
"694","1-2","ct1_t1_h28","Copepoda<Maxillopoda",2.00249671908084,2002.49671908084,7.70752516499215,7707.52516499215,0.990575248000991,17.38964375,23.8663625,65.336625,32.97244375,0.013,59.8,0.207,0.26435,361.5505,43.67766667,0.370333333,1.022333333,0.021666667,39.707,2.921366667,44.12433944,112.6,0,602.6631245,5,"T1","CT1-T1-H28",-2.054216937,-128.5755,34.96055,7.60215004052961,1.98362368412467,8.94995242475558,7.63488365178597,0.259810597593148
"695","1-2","ct1_t1_h28","Eucalanidae",0.0915827144484656,91.5827144484657,7.70752516499215,7707.52516499215,0.988098809880988,17.38964375,23.8663625,65.336625,32.97244375,0.013,59.8,0.207,0.26435,361.5505,43.67766667,0.370333333,1.022333333,0.021666667,39.707,2.921366667,44.12433944,112.6,0,602.6631245,5,"T1","CT1-T1-H28",-2.054216937,-128.5755,34.96055,4.51724254697822,0.0904927711521993,8.94995242475558,7.61579644265651,0.011882246569163
"696","1-2","ct1_t1_h28","Eumalacostraca",2.37581275351651,2375.81275351651,7.70752516499215,7707.52516499215,0.967596759675967,17.38964375,23.8663625,65.336625,32.97244375,0.013,59.8,0.207,0.26435,361.5505,43.67766667,0.370333333,1.022333333,0.021666667,39.707,2.921366667,44.12433944,112.6,0,602.6631245,5,"T1","CT1-T1-H28",-2.054216937,-128.5755,34.96055,7.77309486993452,2.29882872189941,8.94995242475558,7.45777637476738,0.308245863965198
"697","1-2","ct1_t1_h28","Harpacticoida",0.0352296037155455,35.2296037155455,7.70752516499215,7707.52516499215,1.87018701870187,17.38964375,23.8663625,65.336625,32.97244375,0.013,59.8,0.207,0.26435,361.5505,43.67766667,0.370333333,1.022333333,0.021666667,39.707,2.921366667,44.12433944,112.6,0,602.6631245,5,"T1","CT1-T1-H28",-2.054216937,-128.5755,34.96055,3.56188674379557,0.0658859475428244,8.94995242475558,14.4145135098863,0.00457080618764109
"698","1-2","ct1_t1_h28","Hydrozoa",0.222586514287655,222.586514287655,7.70752516499215,7707.52516499215,0.8000800080008,17.38964375,23.8663625,65.336625,32.97244375,0.013,59.8,0.207,0.26435,361.5505,43.67766667,0.370333333,1.022333333,0.021666667,39.707,2.921366667,44.12433944,112.6,0,602.6631245,5,"T1","CT1-T1-H28",-2.054216937,-128.5755,34.96055,5.4053158542913,0.178087020132137,8.94995242475558,6.16663679567329,0.0288791161264903
"699","1-2","ct1_t1_h28","Oikopleuridae",0,0,7.70752516499215,7707.52516499215,1.64683134980165,17.38964375,23.8663625,65.336625,32.97244375,0.013,59.8,0.207,0.26435,361.5505,43.67766667,0.370333333,1.022333333,0.021666667,39.707,2.921366667,44.12433944,112.6,0,602.6631245,5,"T1","CT1-T1-H28",-2.054216937,-128.5755,34.96055,-Inf,0,8.94995242475558,12.6929940710942,0
"700","1-2","ct1_t1_h28","Ostracoda",0.104461811978714,104.461811978714,7.70752516499215,7707.52516499215,1.27568312386794,17.38964375,23.8663625,65.336625,32.97244375,0.013,59.8,0.207,0.26435,361.5505,43.67766667,0.370333333,1.022333333,0.021666667,39.707,2.921366667,44.12433944,112.6,0,602.6631245,5,"T1","CT1-T1-H28",-2.054216937,-128.5755,34.96055,4.64882156900661,0.133260170629911,8.94995242475558,9.83235977976796,0.0135532236019394
"701","1-2","ct1_t1_h28","Salpida",0.018612658308985,18.612658308985,7.70752516499215,7707.52516499215,3.34033403340334,17.38964375,23.8663625,65.336625,32.97244375,0.013,59.8,0.207,0.26435,361.5505,43.67766667,0.370333333,1.022333333,0.021666667,39.707,2.921366667,44.12433944,112.6,0,602.6631245,5,"T1","CT1-T1-H28",-2.054216937,-128.5755,34.96055,2.92384190349363,0.0621724960016101,8.94995242475558,25.745708621936,0.00241486831512719
"702","1-2","ct1_t1_h28","Tomopteridae",0,0,7.70752516499215,7707.52516499215,0.48004800480048,17.38964375,23.8663625,65.336625,32.97244375,0.013,59.8,0.207,0.26435,361.5505,43.67766667,0.370333333,1.022333333,0.021666667,39.707,2.921366667,44.12433944,112.6,0,602.6631245,5,"T1","CT1-T1-H28",-2.054216937,-128.5755,34.96055,-Inf,0,8.94995242475558,3.69998207740397,0
"703","1-2","ct1_t1_h28","Velella",0,0,7.70752516499215,7707.52516499215,0.533386672000533,17.38964375,23.8663625,65.336625,32.97244375,0.013,59.8,0.207,0.26435,361.5505,43.67766667,0.370333333,1.022333333,0.021666667,39.707,2.921366667,44.12433944,112.6,0,602.6631245,5,"T1","CT1-T1-H28",-2.054216937,-128.5755,34.96055,-Inf,0,8.94995242475558,4.11109119711552,0
"704","1-2","ct1_t1_h28","cypris",0,0,7.70752516499215,7707.52516499215,0.64006400640064,17.38964375,23.8663625,65.336625,32.97244375,0.013,59.8,0.207,0.26435,361.5505,43.67766667,0.370333333,1.022333333,0.021666667,39.707,2.921366667,44.12433944,112.6,0,602.6631245,5,"T1","CT1-T1-H28",-2.054216937,-128.5755,34.96055,-Inf,0,8.94995242475558,4.93330943653863,0
"705","1-2","ct1_t1_h28","egg<Actinopterygii",0,0,7.70752516499215,7707.52516499215,0.6000600060006,17.38964375,23.8663625,65.336625,32.97244375,0.013,59.8,0.207,0.26435,361.5505,43.67766667,0.370333333,1.022333333,0.021666667,39.707,2.921366667,44.12433944,112.6,0,602.6631245,5,"T1","CT1-T1-H28",-2.054216937,-128.5755,34.96055,-Inf,0,8.94995242475558,4.62497759675497,0
"706","1-2","ct1_t1_h28","head<Chaetognatha",0,0,7.70752516499215,7707.52516499215,1.87018701870187,17.38964375,23.8663625,65.336625,32.97244375,0.013,59.8,0.207,0.26435,361.5505,43.67766667,0.370333333,1.022333333,0.021666667,39.707,2.921366667,44.12433944,112.6,0,602.6631245,5,"T1","CT1-T1-H28",-2.054216937,-128.5755,34.96055,-Inf,0,8.94995242475558,14.4145135098863,0
"707","1-2","ct1_t1_h28","multiple organisms",0,0,7.70752516499215,7707.52516499215,1.03368578616103,17.38964375,23.8663625,65.336625,32.97244375,0.013,59.8,0.207,0.26435,361.5505,43.67766667,0.370333333,1.022333333,0.021666667,39.707,2.921366667,44.12433944,112.6,0,602.6631245,5,"T1","CT1-T1-H28",-2.054216937,-128.5755,34.96055,-Inf,0,8.94995242475558,7.96715920953086,0
"708","1-2","ct1_t1_h28","other<living",0,0,7.70752516499215,7707.52516499215,1.11677834450112,17.38964375,23.8663625,65.336625,32.97244375,0.013,59.8,0.207,0.26435,361.5505,43.67766667,0.370333333,1.022333333,0.021666667,39.707,2.921366667,44.12433944,112.6,0,602.6631245,5,"T1","CT1-T1-H28",-2.054216937,-128.5755,34.96055,-Inf,0,8.94995242475558,8.60759719396063,0
"709","1-2","ct1_t1_h28","part<Crustacea",0,0,7.70752516499215,7707.52516499215,1.58358693012158,17.38964375,23.8663625,65.336625,32.97244375,0.013,59.8,0.207,0.26435,361.5505,43.67766667,0.370333333,1.022333333,0.021666667,39.707,2.921366667,44.12433944,112.6,0,602.6631245,5,"T1","CT1-T1-H28",-2.054216937,-128.5755,34.96055,-Inf,0,8.94995242475558,12.2055361148648,0
"710","1-2","ct1_t2_h29","Amphipoda",0,0,7.92180443378684,7921.80443378684,0.4000400040004,18.16554375,23.51706875,68.402375,32.7602,0.0065,80.1,-0.06,0.0202625,312.9815,70.47466667,0.3345,1.135,0.0035,58.565,0.948566667,49.90714574,0.1229,1,524.1840843,11,"T1","CT1-T2-H29",-3.394650309,-127.5728,35.0498,-Inf,0,8.97737429140742,3.16903867738247,0
"711","1-2","ct1_t2_h29","Annelida",0,0,7.92180443378684,7921.80443378684,0.8000800080008,18.16554375,23.51706875,68.402375,32.7602,0.0065,80.1,-0.06,0.0202625,312.9815,70.47466667,0.3345,1.135,0.0035,58.565,0.948566667,49.90714574,0.1229,1,524.1840843,11,"T1","CT1-T2-H29",-3.394650309,-127.5728,35.0498,-Inf,0,8.97737429140742,6.33807735476495,0
"712","1-2","ct1_t2_h29","Calanoida",1.00391352524924,1003.91352524924,7.92180443378684,7921.80443378684,0.949348666209904,18.16554375,23.51706875,68.402375,32.7602,0.0065,80.1,-0.06,0.0202625,312.9815,70.47466667,0.3345,1.135,0.0035,58.565,0.948566667,49.90714574,0.1229,1,524.1840843,11,"T1","CT1-T2-H29",-3.394650309,-127.5728,35.0498,6.91166116631241,0.953063966185451,8.97737429140742,7.52055447319124,0.126727885501377
"713","1-2","ct1_t2_h29","Cephalopoda",0,0,7.92180443378684,7921.80443378684,0.8000800080008,18.16554375,23.51706875,68.402375,32.7602,0.0065,80.1,-0.06,0.0202625,312.9815,70.47466667,0.3345,1.135,0.0035,58.565,0.948566667,49.90714574,0.1229,1,524.1840843,11,"T1","CT1-T2-H29",-3.394650309,-127.5728,35.0498,-Inf,0,8.97737429140742,6.33807735476495,0
"714","1-2","ct1_t2_h29","Chaetognatha",0.038241175817762,38.241175817762,7.92180443378684,7921.80443378684,0.880986975102005,18.16554375,23.51706875,68.402375,32.7602,0.0065,80.1,-0.06,0.0202625,312.9815,70.47466667,0.3345,1.135,0.0035,58.565,0.948566667,49.90714574,0.1229,1,524.1840843,11,"T1","CT1-T2-H29",-3.394650309,-127.5728,35.0498,3.64391283608292,0.0336899778080341,8.97737429140742,6.97900652547152,0.00482733146688925
"715","1-2","ct1_t2_h29","Copepoda<Maxillopoda",1.13629013257554,1136.29013257554,7.92180443378684,7921.80443378684,0.971525724000971,18.16554375,23.51706875,68.402375,32.7602,0.0065,80.1,-0.06,0.0202625,312.9815,70.47466667,0.3345,1.135,0.0035,58.565,0.948566667,49.90714574,0.1229,1,524.1840843,11,"T1","CT1-T2-H29",-3.394650309,-127.5728,35.0498,7.03552396506644,1.10393509372561,8.97737429140742,7.69623678792887,0.143438296422619
"716","1-2","ct1_t2_h29","Doliolida",0.000563226962847784,0.563226962847784,7.92180443378684,7921.80443378684,1.6001600160016,18.16554375,23.51706875,68.402375,32.7602,0.0065,80.1,-0.06,0.0202625,312.9815,70.47466667,0.3345,1.135,0.0035,58.565,0.948566667,49.90714574,0.1229,1,524.1840843,11,"T1","CT1-T2-H29",-3.394650309,-127.5728,35.0498,-0.57407260090963,0.000901253265883042,8.97737429140742,12.6761547095299,7.10983170003031e-05
"717","1-2","ct1_t2_h29","Eucalanidae",0.118439017659695,118.439017659695,7.92180443378684,7921.80443378684,0.65006500650065,18.16554375,23.51706875,68.402375,32.7602,0.0065,80.1,-0.06,0.0202625,312.9815,70.47466667,0.3345,1.135,0.0035,58.565,0.948566667,49.90714574,0.1229,1,524.1840843,11,"T1","CT1-T2-H29",-3.394650309,-127.5728,35.0498,4.7743982092079,0.0769930607848803,8.97737429140742,5.14968785074652,0.0149510150938021
"718","1-2","ct1_t2_h29","Eumalacostraca",5.27737163274629,5277.37163274629,7.92180443378684,7921.80443378684,1.07510751075108,18.16554375,23.51706875,68.402375,32.7602,0.0065,80.1,-0.06,0.0202625,312.9815,70.47466667,0.3345,1.135,0.0035,58.565,0.948566667,49.90714574,0.1229,1,524.1840843,11,"T1","CT1-T2-H29",-3.394650309,-127.5728,35.0498,8.57118345592998,5.6737418793902,8.97737429140742,8.5167914454654,0.66618302393809
"719","1-2","ct1_t2_h29","Euphausiacea",0.000436991810768147,0.436991810768147,7.92180443378684,7921.80443378684,0.4000400040004,18.16554375,23.51706875,68.402375,32.7602,0.0065,80.1,-0.06,0.0202625,312.9815,70.47466667,0.3345,1.135,0.0035,58.565,0.948566667,49.90714574,0.1229,1,524.1840843,11,"T1","CT1-T2-H29",-3.394650309,-127.5728,35.0498,-0.827840823723128,0.000174814205727831,8.97737429140742,3.16903867738247,5.51631657181989e-05
"720","1-2","ct1_t2_h29","Hydrozoa",0.111252082956234,111.252082956234,7.92180443378684,7921.80443378684,2.15021502150215,18.16554375,23.51706875,68.402375,32.7602,0.0065,80.1,-0.06,0.0202625,312.9815,70.47466667,0.3345,1.135,0.0035,58.565,0.948566667,49.90714574,0.1229,1,524.1840843,11,"T1","CT1-T2-H29",-3.394650309,-127.5728,35.0498,4.71179864407317,0.239215899945897,8.97737429140742,17.0335828909308,0.0140437805409256
"721","1-2","ct1_t2_h29","Insecta",0,0,7.92180443378684,7921.80443378684,0.8000800080008,18.16554375,23.51706875,68.402375,32.7602,0.0065,80.1,-0.06,0.0202625,312.9815,70.47466667,0.3345,1.135,0.0035,58.565,0.948566667,49.90714574,0.1229,1,524.1840843,11,"T1","CT1-T2-H29",-3.394650309,-127.5728,35.0498,-Inf,0,8.97737429140742,6.33807735476495,0
"722","1-2","ct1_t2_h29","Oikopleuridae",0,0,7.92180443378684,7921.80443378684,1.2001200120012,18.16554375,23.51706875,68.402375,32.7602,0.0065,80.1,-0.06,0.0202625,312.9815,70.47466667,0.3345,1.135,0.0035,58.565,0.948566667,49.90714574,0.1229,1,524.1840843,11,"T1","CT1-T2-H29",-3.394650309,-127.5728,35.0498,-Inf,0,8.97737429140742,9.50711603214742,0
"723","1-2","ct1_t2_h29","Ostracoda",0.223176753650527,223.176753650527,7.92180443378684,7921.80443378684,0.6000600060006,18.16554375,23.51706875,68.402375,32.7602,0.0065,80.1,-0.06,0.0202625,312.9815,70.47466667,0.3345,1.135,0.0035,58.565,0.948566667,49.90714574,0.1229,1,524.1840843,11,"T1","CT1-T2-H29",-3.394650309,-127.5728,35.0498,5.40796407477188,0.13391944413473,8.97737429140742,4.75355801607371,0.0281724644323039
"724","1-2","ct1_t2_h29","Salpida",0.0121198943579404,12.1198943579404,7.92180443378684,7921.80443378684,0.8000800080008,18.16554375,23.51706875,68.402375,32.7602,0.0065,80.1,-0.06,0.0202625,312.9815,70.47466667,0.3345,1.135,0.0035,58.565,0.948566667,49.90714574,0.1229,1,524.1840843,11,"T1","CT1-T2-H29",-3.394650309,-127.5728,35.0498,2.49484826426163,0.00969688517486984,8.97737429140742,6.33807735476495,0.00152994112127391
"725","1-2","ct1_t2_h29","Tomopteridae",0,0,7.92180443378684,7921.80443378684,0.5000500050005,18.16554375,23.51706875,68.402375,32.7602,0.0065,80.1,-0.06,0.0202625,312.9815,70.47466667,0.3345,1.135,0.0035,58.565,0.948566667,49.90714574,0.1229,1,524.1840843,11,"T1","CT1-T2-H29",-3.394650309,-127.5728,35.0498,-Inf,0,8.97737429140742,3.96129834672809,0
"726","1-2","ct1_t2_h29","cypris",0,0,7.92180443378684,7921.80443378684,1.6001600160016,18.16554375,23.51706875,68.402375,32.7602,0.0065,80.1,-0.06,0.0202625,312.9815,70.47466667,0.3345,1.135,0.0035,58.565,0.948566667,49.90714574,0.1229,1,524.1840843,11,"T1","CT1-T2-H29",-3.394650309,-127.5728,35.0498,-Inf,0,8.97737429140742,12.6761547095299,0
"727","1-2","ct1_t2_h29","darksphere",0,0,7.92180443378684,7921.80443378684,0.4000400040004,18.16554375,23.51706875,68.402375,32.7602,0.0065,80.1,-0.06,0.0202625,312.9815,70.47466667,0.3345,1.135,0.0035,58.565,0.948566667,49.90714574,0.1229,1,524.1840843,11,"T1","CT1-T2-H29",-3.394650309,-127.5728,35.0498,-Inf,0,8.97737429140742,3.16903867738247,0
"728","1-2","ct1_t2_h29","head<Chaetognatha",0,0,7.92180443378684,7921.80443378684,0.4000400040004,18.16554375,23.51706875,68.402375,32.7602,0.0065,80.1,-0.06,0.0202625,312.9815,70.47466667,0.3345,1.135,0.0035,58.565,0.948566667,49.90714574,0.1229,1,524.1840843,11,"T1","CT1-T2-H29",-3.394650309,-127.5728,35.0498,-Inf,0,8.97737429140742,3.16903867738247,0
"729","1-2","ct1_t2_h29","multiple organisms",0,0,7.92180443378684,7921.80443378684,1.47633811000148,18.16554375,23.51706875,68.402375,32.7602,0.0065,80.1,-0.06,0.0202625,312.9815,70.47466667,0.3345,1.135,0.0035,58.565,0.948566667,49.90714574,0.1229,1,524.1840843,11,"T1","CT1-T2-H29",-3.394650309,-127.5728,35.0498,-Inf,0,8.97737429140742,11.6952617855782,0
"730","1-2","ct1_t2_h29","other<living",0,0,7.92180443378684,7921.80443378684,1.41014101410141,18.16554375,23.51706875,68.402375,32.7602,0.0065,80.1,-0.06,0.0202625,312.9815,70.47466667,0.3345,1.135,0.0035,58.565,0.948566667,49.90714574,0.1229,1,524.1840843,11,"T1","CT1-T2-H29",-3.394650309,-127.5728,35.0498,-Inf,0,8.97737429140742,11.1708613377732,0
"731","1-2","ct1_t2_h29","part<Crustacea",0,0,7.92180443378684,7921.80443378684,1.17611761176118,18.16554375,23.51706875,68.402375,32.7602,0.0065,80.1,-0.06,0.0202625,312.9815,70.47466667,0.3345,1.135,0.0035,58.565,0.948566667,49.90714574,0.1229,1,524.1840843,11,"T1","CT1-T2-H29",-3.394650309,-127.5728,35.0498,-Inf,0,8.97737429140742,9.31697371150447,0
"732","1-2","ct1_t3_h30","Amphipoda",0,0,0.168807703620843,168.807703620843,57.3291769680032,18.16806875,23.51549375,70.3971875,32.75895,0.0085,94.339,-0.073,0.00883125,258.4555,78.41433333,0.3345,1.0805,0.007,73.452,1.302366667,47.52148287,24.685,1,450.7865706,86,"T1","CT1-T3-H30",-3.727302931,-126.6352,35.02288,-Inf,0,5.12876021868473,9.67760671444152,0
"733","1-2","ct1_t3_h30","Calanoida",0.00618567258952279,6.18567258952279,0.168807703620843,168.807703620843,28.6645884840016,18.16806875,23.51549375,70.3971875,32.75895,0.0085,94.339,-0.073,0.00883125,258.4555,78.41433333,0.3345,1.0805,0.007,73.452,1.302366667,47.52148287,24.685,1,450.7865706,86,"T1","CT1-T3-H30",-3.727302931,-126.6352,35.02288,1.82223574520661,0.177309759275439,5.12876021868473,4.83880335722076,0.0366433074844521
"734","1-2","ct1_t3_h30","Chaetognatha",0.019799035951747,19.799035951747,0.168807703620843,168.807703620843,32.4286253556382,18.16806875,23.51549375,70.3971875,32.75895,0.0085,94.339,-0.073,0.00883125,258.4555,78.41433333,0.3345,1.0805,0.007,73.452,1.302366667,47.52148287,24.685,1,450.7865706,86,"T1","CT1-T3-H30",-3.727302931,-126.6352,35.02288,2.98563324720942,0.642055519282015,5.12876021868473,5.47420177786591,0.117287514296252
"735","1-2","ct1_t3_h30","Copepoda<Maxillopoda",0.0782496487550244,78.2496487550244,0.168807703620843,168.807703620843,40.9494121200023,18.16806875,23.51549375,70.3971875,32.75895,0.0085,94.339,-0.073,0.00883125,258.4555,78.41433333,0.3345,1.0805,0.007,73.452,1.302366667,47.52148287,24.685,1,450.7865706,86,"T1","CT1-T3-H30",-3.727302931,-126.6352,35.02288,4.35990434065651,3.20427711511491,5.12876021868473,6.91257622460108,0.463543114897056
"736","1-2","ct1_t3_h30","Doliolida",0.000777713769915562,0.777713769915562,0.168807703620843,168.807703620843,57.3291769680032,18.16806875,23.51549375,70.3971875,32.75895,0.0085,94.339,-0.073,0.00883125,258.4555,78.41433333,0.3345,1.0805,0.007,73.452,1.302366667,47.52148287,24.685,1,450.7865706,86,"T1","CT1-T3-H30",-3.727302931,-126.6352,35.02288,-0.251396727490242,0.0445856903459421,5.12876021868473,9.67760671444152,0.00460709880671309
"737","1-2","ct1_t3_h30","Eucalanidae",0.0147553421798364,14.7553421798364,0.168807703620843,168.807703620843,28.6645884840016,18.16806875,23.51549375,70.3971875,32.75895,0.0085,94.339,-0.073,0.00883125,258.4555,78.41433333,0.3345,1.0805,0.007,73.452,1.302366667,47.52148287,24.685,1,450.7865706,86,"T1","CT1-T3-H30",-3.727302931,-126.6352,35.02288,2.6916051988977,0.422955811525642,5.12876021868473,4.83880335722076,0.0874091754306324
"738","1-2","ct1_t3_h30","Hydrozoa",0.0232444156564168,23.2444156564168,0.168807703620843,168.807703620843,28.6645884840016,18.16806875,23.51549375,70.3971875,32.75895,0.0085,94.339,-0.073,0.00883125,258.4555,78.41433333,0.3345,1.0805,0.007,73.452,1.302366667,47.52148287,24.685,1,450.7865706,86,"T1","CT1-T3-H30",-3.727302931,-126.6352,35.02288,3.14606491636311,0.666291609342271,5.12876021868473,4.83880335722076,0.137697600037412
"739","1-2","ct1_t3_h30","Oikopleuridae",0,0,0.168807703620843,168.807703620843,50.1630298470028,18.16806875,23.51549375,70.3971875,32.75895,0.0085,94.339,-0.073,0.00883125,258.4555,78.41433333,0.3345,1.0805,0.007,73.452,1.302366667,47.52148287,24.685,1,450.7865706,86,"T1","CT1-T3-H30",-3.727302931,-126.6352,35.02288,-Inf,0,5.12876021868473,8.46790587513633,0
"740","1-2","ct1_t3_h30","Ostracoda",0.0257958747183797,25.7958747183797,0.168807703620843,168.807703620843,28.6645884840016,18.16806875,23.51549375,70.3971875,32.75895,0.0085,94.339,-0.073,0.00883125,258.4555,78.41433333,0.3345,1.0805,0.007,73.452,1.302366667,47.52148287,24.685,1,450.7865706,86,"T1","CT1-T3-H30",-3.727302931,-126.6352,35.02288,3.25021458450661,0.739428133387213,5.12876021868473,4.83880335722076,0.152812189047483
"741","1-2","ct1_t3_h30","egg<Actinopterygii",0,0,0.168807703620843,168.807703620843,28.6645884840016,18.16806875,23.51549375,70.3971875,32.75895,0.0085,94.339,-0.073,0.00883125,258.4555,78.41433333,0.3345,1.0805,0.007,73.452,1.302366667,47.52148287,24.685,1,450.7865706,86,"T1","CT1-T3-H30",-3.727302931,-126.6352,35.02288,-Inf,0,5.12876021868473,4.83880335722076,0
"742","1-2","ct1_t3_h30","multiple organisms",0,0,0.168807703620843,168.807703620843,35.671487891202,18.16806875,23.51549375,70.3971875,32.75895,0.0085,94.339,-0.073,0.00883125,258.4555,78.41433333,0.3345,1.0805,0.007,73.452,1.302366667,47.52148287,24.685,1,450.7865706,86,"T1","CT1-T3-H30",-3.727302931,-126.6352,35.02288,-Inf,0,5.12876021868473,6.0216219556525,0
"743","1-2","ct1_t3_h30","other<living",0,0,0.168807703620843,168.807703620843,36.854470908002,18.16806875,23.51549375,70.3971875,32.75895,0.0085,94.339,-0.073,0.00883125,258.4555,78.41433333,0.3345,1.0805,0.007,73.452,1.302366667,47.52148287,24.685,1,450.7865706,86,"T1","CT1-T3-H30",-3.727302931,-126.6352,35.02288,-Inf,0,5.12876021868473,6.22131860214097,0
"744","1-2","ct1_t3_h30","part<Crustacea",0,0,0.168807703620843,168.807703620843,40.1304238776022,18.16806875,23.51549375,70.3971875,32.75895,0.0085,94.339,-0.073,0.00883125,258.4555,78.41433333,0.3345,1.0805,0.007,73.452,1.302366667,47.52148287,24.685,1,450.7865706,86,"T1","CT1-T3-H30",-3.727302931,-126.6352,35.02288,-Inf,0,5.12876021868473,6.77432470010906,0
"745","1-2","ct1_t4_h31","Amphipoda",0,0,2.37195086155544,2371.95086155544,22.0932516178805,18.11386875,23.52309375,78.3553125,32.751575,0.01,81.135,-0.0975,0.04135,276.3005,58.56533333,0.331,0.9545,-0.0155,50.625,1.3489,43.3434391,39.938,0,353.6559397,84,"T1","CT1-T4-H31",-3.259153374,-125.5235,35.09508,-Inf,0,7.77146804386401,52.4041072095926,0
"746","1-2","ct1_t4_h31","Calanoida",0.274592556893946,274.592556893946,2.37195086155544,2371.95086155544,24.500991174006,18.11386875,23.52309375,78.3553125,32.751575,0.01,81.135,-0.0975,0.04135,276.3005,58.56533333,0.331,0.9545,-0.0155,50.625,1.3489,43.3434391,39.938,0,353.6559397,84,"T1","CT1-T4-H31",-3.259153374,-125.5235,35.09508,5.61528838770048,6.72778981290633,7.77146804386401,58.1151471241457,0.115766545312781
"747","1-2","ct1_t4_h31","Chaetognatha",0.0591078323113819,59.1078323113819,2.37195086155544,2371.95086155544,27.0385366761528,18.11386875,23.52309375,78.3553125,32.751575,0.01,81.135,-0.0975,0.04135,276.3005,58.56533333,0.331,0.9545,-0.0155,50.625,1.3489,43.3434391,39.938,0,353.6559397,84,"T1","CT1-T4-H31",-3.259153374,-125.5235,35.09508,4.07936344205052,1.59818929179919,7.77146804386401,64.1340803641989,0.0249195011875673
"748","1-2","ct1_t4_h31","Copepoda<Maxillopoda",0.730886651762069,730.886651762069,2.37195086155544,2371.95086155544,31.9547991546565,18.11386875,23.52309375,78.3553125,32.751575,0.01,81.135,-0.0975,0.04135,276.3005,58.56533333,0.331,0.9545,-0.0155,50.625,1.3489,43.3434391,39.938,0,353.6559397,84,"T1","CT1-T4-H31",-3.259153374,-125.5235,35.09508,6.59425838857785,23.3553361618763,7.77146804386401,75.7952133857185,0.308137349558237
"749","1-2","ct1_t4_h31","Eucalanidae",0.158825411220693,158.825411220693,2.37195086155544,2371.95086155544,30.5107804842929,18.11386875,23.52309375,78.3553125,32.751575,0.01,81.135,-0.0975,0.04135,276.3005,58.56533333,0.331,0.9545,-0.0155,50.625,1.3489,43.3434391,39.938,0,353.6559397,84,"T1","CT1-T4-H31",-3.259153374,-125.5235,35.09508,5.0678055562926,4.84588725708213,7.77146804386401,72.3700720564474,0.066959823576
"750","1-2","ct1_t4_h31","Eumalacostraca",0.778100125733966,778.100125733966,2.37195086155544,2371.95086155544,22.0932516178805,18.11386875,23.52309375,78.3553125,32.751575,0.01,81.135,-0.0975,0.04135,276.3005,58.56533333,0.331,0.9545,-0.0155,50.625,1.3489,43.3434391,39.938,0,353.6559397,84,"T1","CT1-T4-H31",-3.259153374,-125.5235,35.09508,6.65685521221388,17.1907618617449,7.77146804386401,52.4041072095926,0.32804226189733
"751","1-2","ct1_t4_h31","Hydrozoa",0.203445451600514,203.445451600514,2.37195086155544,2371.95086155544,30.5107804842929,18.11386875,23.52309375,78.3553125,32.751575,0.01,81.135,-0.0975,0.04135,276.3005,58.56533333,0.331,0.9545,-0.0155,50.625,1.3489,43.3434391,39.938,0,353.6559397,84,"T1","CT1-T4-H31",-3.259153374,-125.5235,35.09508,5.3153979178474,6.20727951431111,7.77146804386401,72.3700720564474,0.0857713601482881
"752","1-2","ct1_t4_h31","Oikopleuridae",0,0,2.37195086155544,2371.95086155544,32.7724666524154,18.11386875,23.52309375,78.3553125,32.751575,0.01,81.135,-0.0975,0.04135,276.3005,58.56533333,0.331,0.9545,-0.0155,50.625,1.3489,43.3434391,39.938,0,353.6559397,84,"T1","CT1-T4-H31",-3.259153374,-125.5235,35.09508,-Inf,0,7.77146804386401,77.7346805114934,0
"753","1-2","ct1_t4_h31","Ostracoda",0.0685798609748335,68.5798609748335,2.37195086155544,2371.95086155544,29.4585893759914,18.11386875,23.52309375,78.3553125,32.751575,0.01,81.135,-0.0975,0.04135,276.3005,58.56533333,0.331,0.9545,-0.0155,50.625,1.3489,43.3434391,39.938,0,353.6559397,84,"T1","CT1-T4-H31",-3.259153374,-125.5235,35.09508,4.22799891983577,2.0202659639202,7.77146804386401,69.8743264505906,0.0289128506354729
"754","1-2","ct1_t4_h31","Poecilostomatoida",0.0625457047519685,62.5457047519685,2.37195086155544,2371.95086155544,32.4041721479453,18.11386875,23.52309375,78.3553125,32.751575,0.01,81.135,-0.0975,0.04135,276.3005,58.56533333,0.331,0.9545,-0.0155,50.625,1.3489,43.3434391,39.938,0,353.6559397,84,"T1","CT1-T4-H31",-3.259153374,-125.5235,35.09508,4.13589756552182,2.02674178389735,7.77146804386401,76.8611040443095,0.0263688872167248
"755","1-2","ct1_t4_h31","Polychaeta",0.00764743090182322,7.64743090182322,2.37195086155544,2371.95086155544,27.6165645223506,18.11386875,23.52309375,78.3553125,32.751575,0.01,81.135,-0.0975,0.04135,276.3005,58.56533333,0.331,0.9545,-0.0155,50.625,1.3489,43.3434391,39.938,0,353.6559397,84,"T1","CT1-T4-H31",-3.259153374,-125.5235,35.09508,2.03436976160795,0.211195768930419,7.77146804386401,65.5051340119908,0.00322411017267378
"756","1-2","ct1_t4_h31","Salpida",0.028219835404241,28.219835404241,2.37195086155544,2371.95086155544,40.5052151849316,18.11386875,23.52309375,78.3553125,32.751575,0.01,81.135,-0.0975,0.04135,276.3005,58.56533333,0.331,0.9545,-0.0155,50.625,1.3489,43.3434391,39.938,0,353.6559397,84,"T1","CT1-T4-H31",-3.259153374,-125.5235,35.09508,3.34002511381521,1.14305050553213,7.77146804386401,96.0763800553869,0.0118973102949255
"757","1-2","ct1_t4_h31","Tomopteridae",0,0,2.37195086155544,2371.95086155544,27.6173535670512,18.11386875,23.52309375,78.3553125,32.751575,0.01,81.135,-0.0975,0.04135,276.3005,58.56533333,0.331,0.9545,-0.0155,50.625,1.3489,43.3434391,39.938,0,353.6559397,84,"T1","CT1-T4-H31",-3.259153374,-125.5235,35.09508,-Inf,0,7.77146804386401,65.5070055872483,0
"758","1-2","ct1_t4_h31","cypris",0,0,2.37195086155544,2371.95086155544,16.5699387134104,18.11386875,23.52309375,78.3553125,32.751575,0.01,81.135,-0.0975,0.04135,276.3005,58.56533333,0.331,0.9545,-0.0155,50.625,1.3489,43.3434391,39.938,0,353.6559397,84,"T1","CT1-T4-H31",-3.259153374,-125.5235,35.09508,-Inf,0,7.77146804386401,39.3030804071945,0
"759","1-2","ct1_t4_h31","egg<Actinopterygii",0,0,2.37195086155544,2371.95086155544,28.4063982676898,18.11386875,23.52309375,78.3553125,32.751575,0.01,81.135,-0.0975,0.04135,276.3005,58.56533333,0.331,0.9545,-0.0155,50.625,1.3489,43.3434391,39.938,0,353.6559397,84,"T1","CT1-T4-H31",-3.259153374,-125.5235,35.09508,-Inf,0,7.77146804386401,67.3785808447337,0
"760","1-2","ct1_t4_h31","head<Chaetognatha",0,0,2.37195086155544,2371.95086155544,22.0932516178805,18.11386875,23.52309375,78.3553125,32.751575,0.01,81.135,-0.0975,0.04135,276.3005,58.56533333,0.331,0.9545,-0.0155,50.625,1.3489,43.3434391,39.938,0,353.6559397,84,"T1","CT1-T4-H31",-3.259153374,-125.5235,35.09508,-Inf,0,7.77146804386401,52.4041072095926,0
"761","1-2","ct1_t4_h31","multiple organisms",0,0,2.37195086155544,2371.95086155544,33.7723756588526,18.11386875,23.52309375,78.3553125,32.751575,0.01,81.135,-0.0975,0.04135,276.3005,58.56533333,0.331,0.9545,-0.0155,50.625,1.3489,43.3434391,39.938,0,353.6559397,84,"T1","CT1-T4-H31",-3.259153374,-125.5235,35.09508,-Inf,0,7.77146804386401,80.1064155407893,0
"762","1-2","ct1_t4_h31","nectophore<Physonectae",0,0,2.37195086155544,2371.95086155544,11.0466258089402,18.11386875,23.52309375,78.3553125,32.751575,0.01,81.135,-0.0975,0.04135,276.3005,58.56533333,0.331,0.9545,-0.0155,50.625,1.3489,43.3434391,39.938,0,353.6559397,84,"T1","CT1-T4-H31",-3.259153374,-125.5235,35.09508,-Inf,0,7.77146804386401,26.2020536047963,0
"763","1-2","ct1_t4_h31","other<living",0,0,2.37195086155544,2371.95086155544,32.4625448443252,18.11386875,23.52309375,78.3553125,32.751575,0.01,81.135,-0.0975,0.04135,276.3005,58.56533333,0.331,0.9545,-0.0155,50.625,1.3489,43.3434391,39.938,0,353.6559397,84,"T1","CT1-T4-H31",-3.259153374,-125.5235,35.09508,-Inf,0,7.77146804386401,76.9995612117791,0
"764","1-2","ct1_t4_h31","part<Crustacea",0,0,2.37195086155544,2371.95086155544,27.2717026728777,18.11386875,23.52309375,78.3553125,32.751575,0.01,81.135,-0.0975,0.04135,276.3005,58.56533333,0.331,0.9545,-0.0155,50.625,1.3489,43.3434391,39.938,0,353.6559397,84,"T1","CT1-T4-H31",-3.259153374,-125.5235,35.09508,-Inf,0,7.77146804386401,64.6871386510161,0
"765","1-2","ct1_t5_h32","Annelida",0,0,2.72205639187452,2722.05639187452,64.2348364715355,17.41111875,23.60625,81.763,32.63924375,0.032,60.184,0.115333333,0.1357875,295.1365,44.66966667,0.364,1.203666667,0.021333333,40.7,2.300733333,40.373965,105.72,0,287.1546375,5,"T1","CT1-T5-H32",-2.057413352,-124.7213,35.11383,-Inf,0,7.90914290007048,174.850847198358,0
"766","1-2","ct1_t5_h32","Calanoida",0.490388768133336,490.388768133336,2.72205639187452,2722.05639187452,64.2348364715355,17.41111875,23.60625,81.763,32.63924375,0.032,60.184,0.115333333,0.1357875,295.1365,44.66966667,0.364,1.203666667,0.021333333,40.7,2.300733333,40.373965,105.72,0,287.1546375,5,"T1","CT1-T5-H32",-2.057413352,-124.7213,35.11383,6.19519848087957,31.5000423285226,7.90914290007048,174.850847198358,0.18015378726068
"767","1-2","ct1_t5_h32","Chaetognatha",0.0156456425619849,15.6456425619849,2.72205639187452,2722.05639187452,64.2348364715355,17.41111875,23.60625,81.763,32.63924375,0.032,60.184,0.115333333,0.1357875,295.1365,44.66966667,0.364,1.203666667,0.021333333,40.7,2.300733333,40.373965,105.72,0,287.1546375,5,"T1","CT1-T5-H32",-2.057413352,-124.7213,35.11383,2.75019244767309,1.0049952914612,7.90914290007048,174.850847198358,0.00574772903628593
"768","1-2","ct1_t5_h32","Copepoda<Maxillopoda",0.617826878770926,617.826878770926,2.72205639187452,2722.05639187452,64.2348364715355,17.41111875,23.60625,81.763,32.63924375,0.032,60.184,0.115333333,0.1357875,295.1365,44.66966667,0.364,1.203666667,0.021333333,40.7,2.300733333,40.373965,105.72,0,287.1546375,5,"T1","CT1-T5-H32",-2.057413352,-124.7213,35.11383,6.42620828677492,39.6860085255697,7.90914290007048,174.850847198358,0.226970639041561
"769","1-2","ct1_t5_h32","Eucalanidae",0.326918473812776,326.918473812776,2.72205639187452,2722.05639187452,64.2348364715355,17.41111875,23.60625,81.763,32.63924375,0.032,60.184,0.115333333,0.1357875,295.1365,44.66966667,0.364,1.203666667,0.021333333,40.7,2.300733333,40.373965,105.72,0,287.1546375,5,"T1","CT1-T5-H32",-2.057413352,-124.7213,35.11383,5.7897108242557,20.9995547048876,7.90914290007048,174.850847198358,0.120099816737318
"770","1-2","ct1_t5_h32","Eumalacostraca",1.055962360435,1055.962360435,2.72205639187452,2722.05639187452,64.2348364715355,17.41111875,23.60625,81.763,32.63924375,0.032,60.184,0.115333333,0.1357875,295.1365,44.66966667,0.364,1.203666667,0.021333333,40.7,2.300733333,40.373965,105.72,0,287.1546375,5,"T1","CT1-T5-H32",-2.057413352,-124.7213,35.11383,6.9622078201035,67.8295695426388,7.90914290007048,174.850847198358,0.387928172093385
"771","1-2","ct1_t5_h32","Hydrozoa",0.118165158160996,118.165158160996,2.72205639187452,2722.05639187452,64.2348364715355,17.41111875,23.60625,81.763,32.63924375,0.032,60.184,0.115333333,0.1357875,295.1365,44.66966667,0.364,1.203666667,0.021333333,40.7,2.300733333,40.373965,105.72,0,287.1546375,5,"T1","CT1-T5-H32",-2.057413352,-124.7213,35.11383,4.77208329130718,7.59031961110468,7.90914290007048,174.850847198358,0.0434102535545276
"772","1-2","ct1_t5_h32","Oikopleuridae",0,0,2.72205639187452,2722.05639187452,64.2348364715355,17.41111875,23.60625,81.763,32.63924375,0.032,60.184,0.115333333,0.1357875,295.1365,44.66966667,0.364,1.203666667,0.021333333,40.7,2.300733333,40.373965,105.72,0,287.1546375,5,"T1","CT1-T5-H32",-2.057413352,-124.7213,35.11383,-Inf,0,7.90914290007048,174.850847198358,0
"773","1-2","ct1_t5_h32","Ostracoda",0.0674739726075587,67.4739726075587,2.72205639187452,2722.05639187452,64.2348364715355,17.41111875,23.60625,81.763,32.63924375,0.032,60.184,0.115333333,0.1357875,295.1365,44.66966667,0.364,1.203666667,0.021333333,40.7,2.300733333,40.373965,105.72,0,287.1546375,5,"T1","CT1-T5-H32",-2.057413352,-124.7213,35.11383,4.21174193252003,4.3341795965314,7.90914290007048,174.850847198358,0.0247878672936284
"774","1-2","ct1_t5_h32","Poecilostomatoida",0.0161420391412935,16.1420391412935,2.72205639187452,2722.05639187452,64.2348364715355,17.41111875,23.60625,81.763,32.63924375,0.032,60.184,0.115333333,0.1357875,295.1365,44.66966667,0.364,1.203666667,0.021333333,40.7,2.300733333,40.373965,105.72,0,287.1546375,5,"T1","CT1-T5-H32",-2.057413352,-124.7213,35.11383,2.78142699570989,1.03688124455811,7.90914290007048,174.850847198358,0.00593008990904021
"775","1-2","ct1_t5_h32","Salpida",0.013533098250653,13.533098250653,2.72205639187452,2722.05639187452,64.2348364715355,17.41111875,23.60625,81.763,32.63924375,0.032,60.184,0.115333333,0.1357875,295.1365,44.66966667,0.364,1.203666667,0.021333333,40.7,2.300733333,40.373965,105.72,0,287.1546375,5,"T1","CT1-T5-H32",-2.057413352,-124.7213,35.11383,2.6051384071473,0.869296353083918,7.90914290007048,174.850847198358,0.00497164507357378
"776","1-2","ct1_t5_h32","cypris",0,0,2.72205639187452,2722.05639187452,64.2348364715355,17.41111875,23.60625,81.763,32.63924375,0.032,60.184,0.115333333,0.1357875,295.1365,44.66966667,0.364,1.203666667,0.021333333,40.7,2.300733333,40.373965,105.72,0,287.1546375,5,"T1","CT1-T5-H32",-2.057413352,-124.7213,35.11383,-Inf,0,7.90914290007048,174.850847198358,0
"777","1-2","ct1_t5_h32","multiple organisms",0,0,2.72205639187452,2722.05639187452,64.2348364715355,17.41111875,23.60625,81.763,32.63924375,0.032,60.184,0.115333333,0.1357875,295.1365,44.66966667,0.364,1.203666667,0.021333333,40.7,2.300733333,40.373965,105.72,0,287.1546375,5,"T1","CT1-T5-H32",-2.057413352,-124.7213,35.11383,-Inf,0,7.90914290007048,174.850847198358,0
"778","1-2","ct1_t5_h32","other<living",0,0,2.72205639187452,2722.05639187452,64.2348364715355,17.41111875,23.60625,81.763,32.63924375,0.032,60.184,0.115333333,0.1357875,295.1365,44.66966667,0.364,1.203666667,0.021333333,40.7,2.300733333,40.373965,105.72,0,287.1546375,5,"T1","CT1-T5-H32",-2.057413352,-124.7213,35.11383,-Inf,0,7.90914290007048,174.850847198358,0
"779","1-2","ct1_t5_h32","part<Crustacea",0,0,2.72205639187452,2722.05639187452,64.2348364715355,17.41111875,23.60625,81.763,32.63924375,0.032,60.184,0.115333333,0.1357875,295.1365,44.66966667,0.364,1.203666667,0.021333333,40.7,2.300733333,40.373965,105.72,0,287.1546375,5,"T1","CT1-T5-H32",-2.057413352,-124.7213,35.11383,-Inf,0,7.90914290007048,174.850847198358,0
"780","1-2","ct1_t6_h33","Actinopterygii",0,0,9.18766677426745,9187.66677426745,27.0262758704363,17.67494737,23.63878421,73.37931422,32.76398421,0.004,89.237,-0.021333333,0.0678,286.213,55.58733333,0.339,1.184,0.008,47.647,1.4834,43.86420492,44.366,1,220.3050539,78,"T1","CT1-T6-H33",-2.808803596,-123.8861,35.15777,-Inf,0,9.12561729565756,248.308416846994,0
"781","1-2","ct1_t6_h33","Amphipoda",0,0,9.18766677426745,9187.66677426745,27.0262758704363,17.67494737,23.63878421,73.37931422,32.76398421,0.004,89.237,-0.021333333,0.0678,286.213,55.58733333,0.339,1.184,0.008,47.647,1.4834,43.86420492,44.366,1,220.3050539,78,"T1","CT1-T6-H33",-2.808803596,-123.8861,35.15777,-Inf,0,9.12561729565756,248.308416846994,0
"782","1-2","ct1_t6_h33","Calanoida",0.792751831649201,792.751831649201,9.18766677426745,9187.66677426745,37.652595822984,17.67494737,23.63878421,73.37931422,32.76398421,0.004,89.237,-0.021333333,0.0678,286.213,55.58733333,0.339,1.184,0.008,47.647,1.4834,43.86420492,44.366,1,220.3050539,78,"T1","CT1-T6-H33",-2.808803596,-123.8861,35.15777,6.6755102239162,29.8491643050176,9.12561729565756,345.939503607752,0.0862843473894283
"783","1-2","ct1_t6_h33","Chaetognatha",0.0998766852902664,99.8766852902664,9.18766677426745,9187.66677426745,28.289547384308,17.67494737,23.63878421,73.37931422,32.76398421,0.004,89.237,-0.021333333,0.0678,286.213,55.58733333,0.339,1.184,0.008,47.647,1.4834,43.86420492,44.366,1,220.3050539,78,"T1","CT1-T6-H33",-2.808803596,-123.8861,35.15777,4.60393627793923,2.82546622110661,9.12561729565756,259.914934561871,0.0108707344034285
"784","1-2","ct1_t6_h33","Copepoda<Maxillopoda",1.06656675258706,1066.56675258706,9.18766677426745,9187.66677426745,37.170101357722,17.67494737,23.63878421,73.37931422,32.76398421,0.004,89.237,-0.021333333,0.0678,286.213,55.58733333,0.339,1.184,0.008,47.647,1.4834,43.86420492,44.366,1,220.3050539,78,"T1","CT1-T6-H33",-2.808803596,-123.8861,35.15777,6.97220012628282,39.6443942984373,9.12561729565756,341.506505240496,0.11608679099837
"785","1-2","ct1_t6_h33","Eucalanidae",0.193772989434505,193.772989434505,9.18766677426745,9187.66677426745,30.0338692163293,17.67494737,23.63878421,73.37931422,32.76398421,0.004,89.237,-0.021333333,0.0678,286.213,55.58733333,0.339,1.184,0.008,47.647,1.4834,43.86420492,44.366,1,220.3050539,78,"T1","CT1-T6-H33",-2.808803596,-123.8861,35.15777,5.26668731634032,5.81975262233307,9.12561729565756,275.941182301562,0.021090554783421
"786","1-2","ct1_t6_h33","Eumalacostraca",6.1499444979757,6149.9444979757,9.18766677426745,9187.66677426745,28.6971610625991,17.67494737,23.63878421,73.37931422,32.76398421,0.004,89.237,-0.021333333,0.0678,286.213,55.58733333,0.339,1.184,0.008,47.647,1.4834,43.86420492,44.366,1,220.3050539,78,"T1","CT1-T6-H33",-2.808803596,-123.8861,35.15777,8.72419833604044,176.485947784454,9.12561729565756,263.659953210643,0.669369563467439
"787","1-2","ct1_t6_h33","Hydrozoa",0.585924659907995,585.924659907995,9.18766677426745,9187.66677426745,42.0546825447646,17.67494737,23.63878421,73.37931422,32.76398421,0.004,89.237,-0.021333333,0.0678,286.213,55.58733333,0.339,1.184,0.008,47.647,1.4834,43.86420492,44.366,1,220.3050539,78,"T1","CT1-T6-H33",-2.808803596,-123.8861,35.15777,6.3731912146017,24.6408755675799,9.12561729565756,386.384409518899,0.063772955017158
"788","1-2","ct1_t6_h33","Oikopleuridae",0,0,9.18766677426745,9187.66677426745,38.2706710913543,17.67494737,23.63878421,73.37931422,32.76398421,0.004,89.237,-0.021333333,0.0678,286.213,55.58733333,0.339,1.184,0.008,47.647,1.4834,43.86420492,44.366,1,220.3050539,78,"T1","CT1-T6-H33",-2.808803596,-123.8861,35.15777,-Inf,0,9.12561729565756,351.618173214954,0
"789","1-2","ct1_t6_h33","Ostracoda",0.190992527652755,190.992527652755,9.18766677426745,9187.66677426745,40.5569405734045,17.67494737,23.63878421,73.37931422,32.76398421,0.004,89.237,-0.021333333,0.0678,286.213,55.58733333,0.339,1.184,0.008,47.647,1.4834,43.86420492,44.366,1,220.3050539,78,"T1","CT1-T6-H33",-2.808803596,-123.8861,35.15777,5.25223430504445,7.74607259397709,9.12561729565756,372.623655372208,0.0207879249808756
"790","1-2","ct1_t6_h33","Poecilostomatoida",0.0153719302483547,15.3719302483547,9.18766677426745,9187.66677426745,48.0583971703868,17.67494737,23.63878421,73.37931422,32.76398421,0.004,89.237,-0.021333333,0.0678,286.213,55.58733333,0.339,1.184,0.008,47.647,1.4834,43.86420492,44.366,1,220.3050539,78,"T1","CT1-T6-H33",-2.808803596,-123.8861,35.15777,2.73254313511454,0.738750329150912,9.12561729565756,441.544538906912,0.00167310489442303
"791","1-2","ct1_t6_h33","Salpida",0.0257067227406386,25.7067227406386,9.18766677426745,9187.66677426745,14.021414199967,17.67494737,23.63878421,73.37931422,32.76398421,0.004,89.237,-0.021333333,0.0678,286.213,55.58733333,0.339,1.184,0.008,47.647,1.4834,43.86420492,44.366,1,220.3050539,78,"T1","CT1-T6-H33",-2.808803596,-123.8861,35.15777,3.24675254293258,0.360444607270204,9.12561729565756,128.824081373278,0.00279795984902687
"792","1-2","ct1_t6_h33","Tomopteridae",0,0,9.18766677426745,9187.66677426745,36.8821616018298,17.67494737,23.63878421,73.37931422,32.76398421,0.004,89.237,-0.021333333,0.0678,286.213,55.58733333,0.339,1.184,0.008,47.647,1.4834,43.86420492,44.366,1,220.3050539,78,"T1","CT1-T6-H33",-2.808803596,-123.8861,35.15777,-Inf,0,9.12561729565756,338.861010712294,0
"793","1-2","ct1_t6_h33","cypris",0,0,9.18766677426745,9187.66677426745,14.021414199967,17.67494737,23.63878421,73.37931422,32.76398421,0.004,89.237,-0.021333333,0.0678,286.213,55.58733333,0.339,1.184,0.008,47.647,1.4834,43.86420492,44.366,1,220.3050539,78,"T1","CT1-T6-H33",-2.808803596,-123.8861,35.15777,-Inf,0,9.12561729565756,128.824081373278,0
"794","1-2","ct1_t6_h33","egg<Actinopterygii",0,0,9.18766677426745,9187.66677426745,31.0399056851769,17.67494737,23.63878421,73.37931422,32.76398421,0.004,89.237,-0.021333333,0.0678,286.213,55.58733333,0.339,1.184,0.008,47.647,1.4834,43.86420492,44.366,1,220.3050539,78,"T1","CT1-T6-H33",-2.808803596,-123.8861,35.15777,-Inf,0,9.12561729565756,285.184310140095,0
"795","1-2","ct1_t6_h33","head<Chaetognatha",0,0,9.18766677426745,9187.66677426745,20.5238450352017,17.67494737,23.63878421,73.37931422,32.76398421,0.004,89.237,-0.021333333,0.0678,286.213,55.58733333,0.339,1.184,0.008,47.647,1.4834,43.86420492,44.366,1,220.3050539,78,"T1","CT1-T6-H33",-2.808803596,-123.8861,35.15777,-Inf,0,9.12561729565756,188.566249110136,0
"796","1-2","ct1_t6_h33","multiple organisms",0,0,9.18766677426745,9187.66677426745,55.5570494845291,17.67494737,23.63878421,73.37931422,32.76398421,0.004,89.237,-0.021333333,0.0678,286.213,55.58733333,0.339,1.184,0.008,47.647,1.4834,43.86420492,44.366,1,220.3050539,78,"T1","CT1-T6-H33",-2.808803596,-123.8861,35.15777,-Inf,0,9.12561729565756,510.439657625341,0
"797","1-2","ct1_t6_h33","nectophore<Physonectae",0,0,9.18766677426745,9187.66677426745,56.0856567998679,17.67494737,23.63878421,73.37931422,32.76398421,0.004,89.237,-0.021333333,0.0678,286.213,55.58733333,0.339,1.184,0.008,47.647,1.4834,43.86420492,44.366,1,220.3050539,78,"T1","CT1-T6-H33",-2.808803596,-123.8861,35.15777,-Inf,0,9.12561729565756,515.296325493114,0
"798","1-2","ct1_t6_h33","other<living",0,0,9.18766677426745,9187.66677426745,36.6223759554026,17.67494737,23.63878421,73.37931422,32.76398421,0.004,89.237,-0.021333333,0.0678,286.213,55.58733333,0.339,1.184,0.008,47.647,1.4834,43.86420492,44.366,1,220.3050539,78,"T1","CT1-T6-H33",-2.808803596,-123.8861,35.15777,-Inf,0,9.12561729565756,336.474186760184,0
"799","1-2","ct1_t6_h33","part<Crustacea",0,0,9.18766677426745,9187.66677426745,37.4772370973403,17.67494737,23.63878421,73.37931422,32.76398421,0.004,89.237,-0.021333333,0.0678,286.213,55.58733333,0.339,1.184,0.008,47.647,1.4834,43.86420492,44.366,1,220.3050539,78,"T1","CT1-T6-H33",-2.808803596,-123.8861,35.15777,-Inf,0,9.12561729565756,344.328366070577,0
"800","1-2","ct1_t6_h33","tetrazoid",0.0667581767809811,66.7581767809811,9.18766677426745,9187.66677426745,27.0262758704363,17.67494737,23.63878421,73.37931422,32.76398421,0.004,89.237,-0.021333333,0.0678,286.213,55.58733333,0.339,1.184,0.008,47.647,1.4834,43.86420492,44.366,1,220.3050539,78,"T1","CT1-T6-H33",-2.808803596,-123.8861,35.15777,4.2010767883695,1.80422490229015,9.12561729565756,248.308416846994,0.00726606421642929
"801","1-2","ct1_t7_h34","Amphipoda",0,0,8.93794190847203,8937.94190847203,35.3146654467362,16.22978889,24.64262778,71.93337769,33.63152222,0.18025,5.198,4.7105,0.991344444,272.3325,44.66933333,0.55525,2.63575,0.1955,8.935,1.644233333,49.89389011,61.179,1,164.3233095,55,"T1","CT1-T7-H34",1.021747674,-123.1012,35.20463,-Inf,0,9.0980606300845,315.640428280053,0
"802","1-2","ct1_t7_h34","Calanoida",3.38426580631493,3384.26580631493,8.93794190847203,8937.94190847203,54.5956609492646,16.22978889,24.64262778,71.93337769,33.63152222,0.18025,5.198,4.7105,0.991344444,272.3325,44.66933333,0.55525,2.63575,0.1955,8.935,1.644233333,49.89389011,61.179,1,164.3233095,55,"T1","CT1-T7-H34",1.021747674,-123.1012,35.20463,8.12689226560679,184.76622852376,9.0980606300845,487.972846019162,0.378640389585333
"803","1-2","ct1_t7_h34","Chaetognatha",0.055668767305748,55.668767305748,8.93794190847203,8937.94190847203,49.3166205186001,16.22978889,24.64262778,71.93337769,33.63152222,0.18025,5.198,4.7105,0.991344444,272.3325,44.66933333,0.55525,2.63575,0.1955,8.935,1.644233333,49.89389011,61.179,1,164.3233095,55,"T1","CT1-T7-H34",1.021747674,-123.1012,35.20463,4.01941925906806,2.74539547195583,9.0980606300845,440.789089317407,0.00622836530778759
"804","1-2","ct1_t7_h34","Copepoda<Maxillopoda",1.66331303594338,1663.31303594338,8.93794190847203,8937.94190847203,65.2207785277561,16.22978889,24.64262778,71.93337769,33.63152222,0.18025,5.198,4.7105,0.991344444,272.3325,44.66933333,0.55525,2.63575,0.1955,8.935,1.644233333,49.89389011,61.179,1,164.3233095,55,"T1","CT1-T7-H34",1.021747674,-123.1012,35.20463,7.41656669716335,108.482571139593,9.0980606300845,582.939529706404,0.186095753695464
"805","1-2","ct1_t7_h34","Eucalanidae",0.274413371832059,274.413371832059,8.93794190847203,8937.94190847203,44.3697078689763,16.22978889,24.64262778,71.93337769,33.63152222,0.18025,5.198,4.7105,0.991344444,272.3325,44.66933333,0.55525,2.63575,0.1955,8.935,1.644233333,49.89389011,61.179,1,164.3233095,55,"T1","CT1-T7-H34",1.021747674,-123.1012,35.20463,5.6146356258308,12.1756411435292,9.0980606300845,396.573871428785,0.0307020760083426
"806","1-2","ct1_t7_h34","Eumalacostraca",2.23740388418717,2237.40388418717,8.93794190847203,8937.94190847203,94.7610189487422,16.22978889,24.64262778,71.93337769,33.63152222,0.18025,5.198,4.7105,0.991344444,272.3325,44.66933333,0.55525,2.63575,0.1955,8.935,1.644233333,49.89389011,61.179,1,164.3233095,55,"T1","CT1-T7-H34",1.021747674,-123.1012,35.20463,7.71307149243848,212.01867186545,9.0980606300845,846.968482551476,0.250326518912189
"807","1-2","ct1_t7_h34","Hydrozoa",0.487779498429764,487.779498429764,8.93794190847203,8937.94190847203,54.2799487422057,16.22978889,24.64262778,71.93337769,33.63152222,0.18025,5.198,4.7105,0.991344444,272.3325,44.66933333,0.55525,2.63575,0.1955,8.935,1.644233333,49.89389011,61.179,1,164.3233095,55,"T1","CT1-T7-H34",1.021747674,-123.1012,35.20463,6.18986345625932,26.4766461722664,9.0980606300845,485.151028652674,0.0545740287221392
"808","1-2","ct1_t7_h34","Oikopleuridae",0,0,8.93794190847203,8937.94190847203,47.0862205956483,16.22978889,24.64262778,71.93337769,33.63152222,0.18025,5.198,4.7105,0.991344444,272.3325,44.66933333,0.55525,2.63575,0.1955,8.935,1.644233333,49.89389011,61.179,1,164.3233095,55,"T1","CT1-T7-H34",1.021747674,-123.1012,35.20463,-Inf,0,9.0980606300845,420.853904373404,0
"809","1-2","ct1_t7_h34","Ostracoda",0.0849398424674853,84.9398424674853,8.93794190847203,8937.94190847203,51.9910352410283,16.22978889,24.64262778,71.93337769,33.63152222,0.18025,5.198,4.7105,0.991344444,272.3325,44.66933333,0.55525,2.63575,0.1955,8.935,1.644233333,49.89389011,61.179,1,164.3233095,55,"T1","CT1-T7-H34",1.021747674,-123.1012,35.20463,4.44194327025055,4.41611034309442,9.0980606300845,464.692852745634,0.00950328871425905
"810","1-2","ct1_t7_h34","Polychaeta",0.0195262765232965,19.5262765232965,8.93794190847203,8937.94190847203,35.3146654467362,16.22978889,24.64262778,71.93337769,33.63152222,0.18025,5.198,4.7105,0.991344444,272.3325,44.66933333,0.55525,2.63575,0.1955,8.935,1.644233333,49.89389011,61.179,1,164.3233095,55,"T1","CT1-T7-H34",1.021747674,-123.1012,35.20463,2.97176107250268,0.689563922840677,9.0980606300845,315.640428280053,0.00218465019388727
"811","1-2","ct1_t7_h34","Pteropoda",0.0430736081704165,43.0736081704165,8.93794190847203,8937.94190847203,47.0862205956483,16.22978889,24.64262778,71.93337769,33.63152222,0.18025,5.198,4.7105,0.991344444,272.3325,44.66933333,0.55525,2.63575,0.1955,8.935,1.644233333,49.89389011,61.179,1,164.3233095,55,"T1","CT1-T7-H34",1.021747674,-123.1012,35.20463,3.76291047011985,2.02817341616275,9.0980606300845,420.853904373404,0.00481918640907569
"812","1-2","ct1_t7_h34","Salpida",0.0460188750560037,46.0188750560037,8.93794190847203,8937.94190847203,39.2385171630403,16.22978889,24.64262778,71.93337769,33.63152222,0.18025,5.198,4.7105,0.991344444,272.3325,44.66933333,0.55525,2.63575,0.1955,8.935,1.644233333,49.89389011,61.179,1,164.3233095,55,"T1","CT1-T7-H34",1.021747674,-123.1012,35.20463,3.8290516396323,1.80571241870881,9.0980606300845,350.711586977837,0.00514871046682275
"813","1-2","ct1_t7_h34","Tomopteridae",0,0,8.93794190847203,8937.94190847203,62.389242289234,16.22978889,24.64262778,71.93337769,33.63152222,0.18025,5.198,4.7105,0.991344444,272.3325,44.66933333,0.55525,2.63575,0.1955,8.935,1.644233333,49.89389011,61.179,1,164.3233095,55,"T1","CT1-T7-H34",1.021747674,-123.1012,35.20463,-Inf,0,9.0980606300845,557.63142329476,0
"814","1-2","ct1_t7_h34","cypris",0,0,8.93794190847203,8937.94190847203,55.9148869573324,16.22978889,24.64262778,71.93337769,33.63152222,0.18025,5.198,4.7105,0.991344444,272.3325,44.66933333,0.55525,2.63575,0.1955,8.935,1.644233333,49.89389011,61.179,1,164.3233095,55,"T1","CT1-T7-H34",1.021747674,-123.1012,35.20463,-Inf,0,9.0980606300845,499.764011443417,0
"815","1-2","ct1_t7_h34","darksphere",0,0,8.93794190847203,8937.94190847203,32.9603544169538,16.22978889,24.64262778,71.93337769,33.63152222,0.18025,5.198,4.7105,0.991344444,272.3325,44.66933333,0.55525,2.63575,0.1955,8.935,1.644233333,49.89389011,61.179,1,164.3233095,55,"T1","CT1-T7-H34",1.021747674,-123.1012,35.20463,-Inf,0,9.0980606300845,294.597733061383,0
"816","1-2","ct1_t7_h34","egg<Actinopterygii",0,0,8.93794190847203,8937.94190847203,23.5431102978242,16.22978889,24.64262778,71.93337769,33.63152222,0.18025,5.198,4.7105,0.991344444,272.3325,44.66933333,0.55525,2.63575,0.1955,8.935,1.644233333,49.89389011,61.179,1,164.3233095,55,"T1","CT1-T7-H34",1.021747674,-123.1012,35.20463,-Inf,0,9.0980606300845,210.426952186702,0
"817","1-2","ct1_t7_h34","head<Chaetognatha",0,0,8.93794190847203,8937.94190847203,23.5431102978242,16.22978889,24.64262778,71.93337769,33.63152222,0.18025,5.198,4.7105,0.991344444,272.3325,44.66933333,0.55525,2.63575,0.1955,8.935,1.644233333,49.89389011,61.179,1,164.3233095,55,"T1","CT1-T7-H34",1.021747674,-123.1012,35.20463,-Inf,0,9.0980606300845,210.426952186702,0
"818","1-2","ct1_t7_h34","multiple organisms",0,0,8.93794190847203,8937.94190847203,170.49596919568,16.22978889,24.64262778,71.93337769,33.63152222,0.18025,5.198,4.7105,0.991344444,272.3325,44.66933333,0.55525,2.63575,0.1955,8.935,1.644233333,49.89389011,61.179,1,164.3233095,55,"T1","CT1-T7-H34",1.021747674,-123.1012,35.20463,-Inf,0,9.0980606300845,1523.88306829963,0
"819","1-2","ct1_t7_h34","nectophore<Physonectae",0,0,8.93794190847203,8937.94190847203,147.144439361401,16.22978889,24.64262778,71.93337769,33.63152222,0.18025,5.198,4.7105,0.991344444,272.3325,44.66933333,0.55525,2.63575,0.1955,8.935,1.644233333,49.89389011,61.179,1,164.3233095,55,"T1","CT1-T7-H34",1.021747674,-123.1012,35.20463,-Inf,0,9.0980606300845,1315.16845116689,0
"820","1-2","ct1_t7_h34","other<living",0,0,8.93794190847203,8937.94190847203,52.8382304979576,16.22978889,24.64262778,71.93337769,33.63152222,0.18025,5.198,4.7105,0.991344444,272.3325,44.66933333,0.55525,2.63575,0.1955,8.935,1.644233333,49.89389011,61.179,1,164.3233095,55,"T1","CT1-T7-H34",1.021747674,-123.1012,35.20463,-Inf,0,9.0980606300845,472.265034737201,0
"821","1-2","ct1_t7_h34","part<Crustacea",0,0,8.93794190847203,8937.94190847203,66.109894541658,16.22978889,24.64262778,71.93337769,33.63152222,0.18025,5.198,4.7105,0.991344444,272.3325,44.66933333,0.55525,2.63575,0.1955,8.935,1.644233333,49.89389011,61.179,1,164.3233095,55,"T1","CT1-T7-H34",1.021747674,-123.1012,35.20463,-Inf,0,9.0980606300845,590.886396988551,0
"822","1-2","ct1_t7_h34","tetrazoid",0.641538942241782,641.538942241782,8.93794190847203,8937.94190847203,27.2604435027438,16.22978889,24.64262778,71.93337769,33.63152222,0.18025,5.198,4.7105,0.991344444,272.3325,44.66933333,0.55525,2.63575,0.1955,8.935,1.644233333,49.89389011,61.179,1,164.3233095,55,"T1","CT1-T7-H34",1.021747674,-123.1012,35.20463,6.46386988718872,17.4886360897921,9.0980606300845,243.652260426708,0.0717770319846993
"823","1-2","ct1_t8_h35","Annelida",0,0,2.55113529365048,2551.13529365048,116.675293554425,16.601525,24.4496125,62.516375,33.49135,0.13575,34.766,1.831,1.00973125,211.846,24.81766667,0.41225,2.2655,0.52375,19.854,1.631833333,30.76237143,8.3863,0,119.4843272,10,"T1","CT1-T8-H35",1.240985634,-122.3004,35.1785,-Inf,0,7.84429375227075,297.654459283724,0
"824","1-2","ct1_t8_h35","Calanoida",0.561845168611347,561.845168611347,2.55113529365048,2551.13529365048,108.791827773721,16.601525,24.4496125,62.516375,33.49135,0.13575,34.766,1.831,1.00973125,211.846,24.81766667,0.41225,2.2655,0.52375,19.854,1.631833333,30.76237143,8.3863,0,119.4843272,10,"T1","CT1-T8-H35",1.240985634,-122.3004,35.1785,6.33122631124485,61.1241628190627,7.84429375227075,277.542671494283,0.220233387860583
"825","1-2","ct1_t8_h35","Chaetognatha",0.00966408155499525,9.66408155499525,2.55113529365048,2551.13529365048,108.896940650797,16.601525,24.4496125,62.516375,33.49135,0.13575,34.766,1.831,1.00973125,211.846,24.81766667,0.41225,2.2655,0.52375,19.854,1.631833333,30.76237143,8.3863,0,119.4843272,10,"T1","CT1-T8-H35",1.240985634,-122.3004,35.1785,2.26841608020851,1.05238891553878,7.84429375227075,277.810828664809,0.00378814936983083
"826","1-2","ct1_t8_h35","Copepoda<Maxillopoda",0.43673307724756,436.73307724756,2.55113529365048,2551.13529365048,89.0416713967981,16.601525,24.4496125,62.516375,33.49135,0.13575,34.766,1.831,1.00973125,211.846,24.81766667,0.41225,2.2655,0.52375,19.854,1.631833333,30.76237143,8.3863,0,119.4843272,10,"T1","CT1-T8-H35",1.240985634,-122.3004,35.1785,6.07932220126305,38.8874431523897,7.84429375227075,227.157350506,0.171191656645786
"827","1-2","ct1_t8_h35","Eucalanidae",0.0272150714717406,27.2150714717406,2.55113529365048,2551.13529365048,116.675293554425,16.601525,24.4496125,62.516375,33.49135,0.13575,34.766,1.831,1.00973125,211.846,24.81766667,0.41225,2.2655,0.52375,19.854,1.631833333,30.76237143,8.3863,0,119.4843272,10,"T1","CT1-T8-H35",1.240985634,-122.3004,35.1785,3.30377091807197,3.17532645306999,7.84429375227075,297.654459283724,0.0106678275901228
"828","1-2","ct1_t8_h35","Eumalacostraca",1.00790097859562,1007.90097859563,2.55113529365048,2551.13529365048,116.675293554425,16.601525,24.4496125,62.516375,33.49135,0.13575,34.766,1.831,1.00973125,211.846,24.81766667,0.41225,2.2655,0.52375,19.854,1.631833333,30.76237143,8.3863,0,119.4843272,10,"T1","CT1-T8-H35",1.240985634,-122.3004,35.1785,6.91562520828568,117.597142551437,7.84429375227075,297.654459283724,0.395079391165255
"829","1-2","ct1_t8_h35","Hydrozoa",0.0691831738756461,69.1831738756461,2.55113529365048,2551.13529365048,58.3376467772125,16.601525,24.4496125,62.516375,33.49135,0.13575,34.766,1.831,1.00973125,211.846,24.81766667,0.41225,2.2655,0.52375,19.854,1.631833333,30.76237143,8.3863,0,119.4843272,10,"T1","CT1-T8-H35",1.240985634,-122.3004,35.1785,4.23675768097132,4.03598356048392,7.84429375227075,148.827229641862,0.0271185828708638
"830","1-2","ct1_t8_h35","Oikopleuridae",0,0,2.55113529365048,2551.13529365048,71.3015682832598,16.601525,24.4496125,62.516375,33.49135,0.13575,34.766,1.831,1.00973125,211.846,24.81766667,0.41225,2.2655,0.52375,19.854,1.631833333,30.76237143,8.3863,0,119.4843272,10,"T1","CT1-T8-H35",1.240985634,-122.3004,35.1785,-Inf,0,7.84429375227075,181.899947340054,0
"831","1-2","ct1_t8_h35","Ostracoda",0.0162254381149935,16.2254381149935,2.55113529365048,2551.13529365048,87.5064701658188,16.601525,24.4496125,62.516375,33.49135,0.13575,34.766,1.831,1.00973125,211.846,24.81766667,0.41225,2.2655,0.52375,19.854,1.631833333,30.76237143,8.3863,0,119.4843272,10,"T1","CT1-T8-H35",1.240985634,-122.3004,35.1785,2.78658026469053,1.41983081633702,7.84429375227075,223.240844462793,0.00636008531392945
"832","1-2","ct1_t8_h35","cypris",0,0,2.55113529365048,2551.13529365048,87.5064701658188,16.601525,24.4496125,62.516375,33.49135,0.13575,34.766,1.831,1.00973125,211.846,24.81766667,0.41225,2.2655,0.52375,19.854,1.631833333,30.76237143,8.3863,0,119.4843272,10,"T1","CT1-T8-H35",1.240985634,-122.3004,35.1785,-Inf,0,7.84429375227075,223.240844462793,0
"833","1-2","ct1_t8_h35","darksphere",0,0,2.55113529365048,2551.13529365048,58.3376467772125,16.601525,24.4496125,62.516375,33.49135,0.13575,34.766,1.831,1.00973125,211.846,24.81766667,0.41225,2.2655,0.52375,19.854,1.631833333,30.76237143,8.3863,0,119.4843272,10,"T1","CT1-T8-H35",1.240985634,-122.3004,35.1785,-Inf,0,7.84429375227075,148.827229641862,0
"834","1-2","ct1_t8_h35","multiple organisms",0,0,2.55113529365048,2551.13529365048,70.1683583614025,16.601525,24.4496125,62.516375,33.49135,0.13575,34.766,1.831,1.00973125,211.846,24.81766667,0.41225,2.2655,0.52375,19.854,1.631833333,30.76237143,8.3863,0,119.4843272,10,"T1","CT1-T8-H35",1.240985634,-122.3004,35.1785,-Inf,0,7.84429375227075,179.008975513289,0
"835","1-2","ct1_t8_h35","other<living",0,0,2.55113529365048,2551.13529365048,80.2142643186672,16.601525,24.4496125,62.516375,33.49135,0.13575,34.766,1.831,1.00973125,211.846,24.81766667,0.41225,2.2655,0.52375,19.854,1.631833333,30.76237143,8.3863,0,119.4843272,10,"T1","CT1-T8-H35",1.240985634,-122.3004,35.1785,-Inf,0,7.84429375227075,204.63744075756,0
"836","1-2","ct1_t8_h35","part<Crustacea",0,0,2.55113529365048,2551.13529365048,99.1739995212613,16.601525,24.4496125,62.516375,33.49135,0.13575,34.766,1.831,1.00973125,211.846,24.81766667,0.41225,2.2655,0.52375,19.854,1.631833333,30.76237143,8.3863,0,119.4843272,10,"T1","CT1-T8-H35",1.240985634,-122.3004,35.1785,-Inf,0,7.84429375227075,253.006290391165,0
"837","1-2","ct1_t8_h35","tetrazoid",0.422368304178572,422.368304178572,2.55113529365048,2551.13529365048,116.675293554425,16.601525,24.4496125,62.516375,33.49135,0.13575,34.766,1.831,1.00973125,211.846,24.81766667,0.41225,2.2655,0.52375,19.854,1.631833333,30.76237143,8.3863,0,119.4843272,10,"T1","CT1-T8-H35",1.240985634,-122.3004,35.1785,6.04587769212057,49.2799458781195,7.84429375227075,297.654459283724,0.165560919183629
"838","1-2","ct2_t1_h36","Calanoida",0.494421098784484,494.421098784484,1.10294323633195,1102.94323633195,136.330522542626,15.831225,24.523775,70.634,33.3592625,0.188328994,24.13100104,6.475130769,2.00485,144.391,19.85366667,0.649509372,5.675964988,0.23236203,17.868,2.443066667,23.89114571,68.88,1,395.8283457,60,"T2","CT2-T1-H36",2.177361041,-121.6069,35.56327,6.20338758076787,67.404686753388,7.00573755494823,150.36482774399,0.448274292364107
"839","1-2","ct2_t1_h36","Chaetognatha",0.00837893572402794,8.37893572402794,1.10294323633195,1102.94323633195,100.465793573079,15.831225,24.523775,70.634,33.3592625,0.188328994,24.13100104,6.475130769,2.00485,144.391,19.85366667,0.649509372,5.675964988,0.23236203,17.868,2.443066667,23.89114571,68.88,1,395.8283457,60,"T2","CT2-T1-H36",2.177361041,-121.6069,35.56327,2.12572090452259,0.841796426812287,7.00573755494823,110.80806750415,0.00759688753511348
"840","1-2","ct2_t1_h36","Copepoda<Maxillopoda",0.232783943983668,232.783943983668,1.10294323633195,1102.94323633195,158.784961549647,15.831225,24.523775,70.634,33.3592625,0.188328994,24.13100104,6.475130769,2.00485,144.391,19.85366667,0.649509372,5.675964988,0.23236203,17.868,2.443066667,23.89114571,68.88,1,395.8283457,60,"T2","CT2-T1-H36",2.177361041,-121.6069,35.56327,5.45011074433648,36.9625895948218,7.00573755494823,175.130799372412,0.211057048373436
"841","1-2","ct2_t1_h36","Eucalanidae",0.0842498269611973,84.2498269611973,1.10294323633195,1102.94323633195,66.1604006456861,15.831225,24.523775,70.634,33.3592625,0.188328994,24.13100104,6.475130769,2.00485,144.391,19.85366667,0.649509372,5.675964988,0.23236203,17.868,2.443066667,23.89114571,68.88,1,395.8283457,60,"T2","CT2-T1-H36",2.177361041,-121.6069,35.56327,4.43378651535733,5.57400230608254,7.00573755494823,72.9711664051717,0.0763863671183896
"842","1-2","ct2_t1_h36","Oithonidae",0.0326057201751175,32.6057201751175,1.10294323633195,1102.94323633195,66.1604006456861,15.831225,24.523775,70.634,33.3592625,0.188328994,24.13100104,6.475130769,2.00485,144.391,19.85366667,0.649509372,5.675964988,0.23236203,17.868,2.443066667,23.89114571,68.88,1,395.8283457,60,"T2","CT2-T1-H36",2.177361041,-121.6069,35.56327,3.48448773847479,2.1572075101269,7.00573755494823,72.9711664051717,0.0295624644143555
"843","1-2","ct2_t1_h36","Ostracoda",0.0120623918780752,12.0623918780752,1.10294323633195,1102.94323633195,66.1604006456861,15.831225,24.523775,70.634,33.3592625,0.188328994,24.13100104,6.475130769,2.00485,144.391,19.85366667,0.649509372,5.675964988,0.23236203,17.868,2.443066667,23.89114571,68.88,1,395.8283457,60,"T2","CT2-T1-H36",2.177361041,-121.6069,35.56327,2.4900925031493,0.798052679398724,7.00573755494823,72.9711664051717,0.0109365482109405
"844","1-2","ct2_t1_h36","darksphere",0,0,1.10294323633195,1102.94323633195,66.1604006456861,15.831225,24.523775,70.634,33.3592625,0.188328994,24.13100104,6.475130769,2.00485,144.391,19.85366667,0.649509372,5.675964988,0.23236203,17.868,2.443066667,23.89114571,68.88,1,395.8283457,60,"T2","CT2-T1-H36",2.177361041,-121.6069,35.56327,-Inf,0,7.00573755494823,72.9711664051717,0
"845","1-2","ct2_t1_h36","multiple organisms",0,0,1.10294323633195,1102.94323633195,409.214329919614,15.831225,24.523775,70.634,33.3592625,0.188328994,24.13100104,6.475130769,2.00485,144.391,19.85366667,0.649509372,5.675964988,0.23236203,17.868,2.443066667,23.89114571,68.88,1,395.8283457,60,"T2","CT2-T1-H36",2.177361041,-121.6069,35.56327,-Inf,0,7.00573755494823,451.340177394951,0
"846","1-2","ct2_t1_h36","other<living",0,0,1.10294323633195,1102.94323633195,66.1604006456861,15.831225,24.523775,70.634,33.3592625,0.188328994,24.13100104,6.475130769,2.00485,144.391,19.85366667,0.649509372,5.675964988,0.23236203,17.868,2.443066667,23.89114571,68.88,1,395.8283457,60,"T2","CT2-T1-H36",2.177361041,-121.6069,35.56327,-Inf,0,7.00573755494823,72.9711664051717,0
"847","1-2","ct2_t1_h36","part<Crustacea",0,0,1.10294323633195,1102.94323633195,66.1604006456861,15.831225,24.523775,70.634,33.3592625,0.188328994,24.13100104,6.475130769,2.00485,144.391,19.85366667,0.649509372,5.675964988,0.23236203,17.868,2.443066667,23.89114571,68.88,1,395.8283457,60,"T2","CT2-T1-H36",2.177361041,-121.6069,35.56327,-Inf,0,7.00573755494823,72.9711664051717,0
"848","1-2","ct2_t1_h36","tetrazoid",0.238441318825383,238.441318825383,1.10294323633195,1102.94323633195,66.1604006456861,15.831225,24.523775,70.634,33.3592625,0.188328994,24.13100104,6.475130769,2.00485,144.391,19.85366667,0.649509372,5.675964988,0.23236203,17.868,2.443066667,23.89114571,68.88,1,395.8283457,60,"T2","CT2-T1-H36",2.177361041,-121.6069,35.56327,5.47412323739407,15.7753731839731,7.00573755494823,72.9711664051717,0.216186391983658
"849","1-2","ct2_t4_h39","Amphipoda",0,0,5.2164753932174,5216.4753932174,22.4678609993776,16.11135,24.6348375,81.589375,33.58603125,0.180388032,26.97258367,6.151914118,1.3498,244.565,19.854,0.633395467,5.435990441,0.222955797,13.898,2.579066667,32.90561905,46.21,1,41.86359276,45,"T2","CT2-T4-H39",1.910761547,-121.2592,35.13105,-Inf,0,8.55957724079106,117.203044041482,0
"850","1-2","ct2_t4_h39","Calanoida",1.62765612612562,1627.65612612561,5.2164753932174,5216.4753932174,73.2595680458428,16.11135,24.6348375,81.589375,33.58603125,0.180388032,26.97258367,6.151914118,1.3498,244.565,19.854,0.633395467,5.435990441,0.222955797,13.898,2.579066667,32.90561905,46.21,1,41.86359276,45,"T2","CT2-T4-H39",1.910761547,-121.2592,35.13105,7.39489629951283,119.241384727132,8.55957724079106,382.156734028874,0.3120221995568
"851","1-2","ct2_t4_h39","Chaetognatha",0.0250870828478268,25.0870828478268,5.2164753932174,5216.4753932174,49.8406775690418,16.11135,24.6348375,81.589375,33.58603125,0.180388032,26.97258367,6.151914118,1.3498,244.565,19.854,0.633395467,5.435990441,0.222955797,13.898,2.579066667,32.90561905,46.21,1,41.86359276,45,"T2","CT2-T4-H39",1.910761547,-121.2592,35.13105,3.2223530860949,1.25035720736637,8.55957724079106,259.992668120189,0.00480920179944598
"852","1-2","ct2_t4_h39","Copepoda<Maxillopoda",1.19601418397267,1196.01418397267,5.2164753932174,5216.4753932174,47.3007599986896,16.11135,24.6348375,81.589375,33.58603125,0.180388032,26.97258367,6.151914118,1.3498,244.565,19.854,0.633395467,5.435990441,0.222955797,13.898,2.579066667,32.90561905,46.21,1,41.86359276,45,"T2","CT2-T4-H39",1.910761547,-121.2592,35.13105,7.08674979394918,56.57237987112,8.55957724079106,246.743250613646,0.22927630129872
"853","1-2","ct2_t4_h39","Eucalanidae",0.42158696352106,421.58696352106,5.2164753932174,5216.4753932174,67.4035829981326,16.11135,24.6348375,81.589375,33.58603125,0.180388032,26.97258367,6.151914118,1.3498,244.565,19.854,0.633395467,5.435990441,0.222955797,13.898,2.579066667,32.90561905,46.21,1,41.86359276,45,"T2","CT2-T4-H39",1.910761547,-121.2592,35.13105,6.04402607530947,28.4164718866225,8.55957724079106,351.609132124445,0.0808183556409025
"854","1-2","ct2_t4_h39","Eumalacostraca",0.88985478988654,889.85478988654,5.2164753932174,5216.4753932174,33.7017914990663,16.11135,24.6348375,81.589375,33.58603125,0.180388032,26.97258367,6.151914118,1.3498,244.565,19.854,0.633395467,5.435990441,0.222955797,13.898,2.579066667,32.90561905,46.21,1,41.86359276,45,"T2","CT2-T4-H39",1.910761547,-121.2592,35.13105,6.79105829198371,29.9897005932017,8.55957724079106,175.804566062223,0.1705854476077
"855","1-2","ct2_t4_h39","cypris",0,0,5.2164753932174,5216.4753932174,33.7017914990663,16.11135,24.6348375,81.589375,33.58603125,0.180388032,26.97258367,6.151914118,1.3498,244.565,19.854,0.633395467,5.435990441,0.222955797,13.898,2.579066667,32.90561905,46.21,1,41.86359276,45,"T2","CT2-T4-H39",1.910761547,-121.2592,35.13105,-Inf,0,8.55957724079106,175.804566062223,0
"856","1-2","ct2_t4_h39","darksphere",0,0,5.2164753932174,5216.4753932174,123.573235496577,16.11135,24.6348375,81.589375,33.58603125,0.180388032,26.97258367,6.151914118,1.3498,244.565,19.854,0.633395467,5.435990441,0.222955797,13.898,2.579066667,32.90561905,46.21,1,41.86359276,45,"T2","CT2-T4-H39",1.910761547,-121.2592,35.13105,-Inf,0,8.55957724079106,644.61674222815,0
"857","1-2","ct2_t4_h39","head<Chaetognatha",0,0,5.2164753932174,5216.4753932174,22.4678609993776,16.11135,24.6348375,81.589375,33.58603125,0.180388032,26.97258367,6.151914118,1.3498,244.565,19.854,0.633395467,5.435990441,0.222955797,13.898,2.579066667,32.90561905,46.21,1,41.86359276,45,"T2","CT2-T4-H39",1.910761547,-121.2592,35.13105,-Inf,0,8.55957724079106,117.203044041482,0
"858","1-2","ct2_t4_h39","multiple organisms",0,0,5.2164753932174,5216.4753932174,196.36910513456,16.11135,24.6348375,81.589375,33.58603125,0.180388032,26.97258367,6.151914118,1.3498,244.565,19.854,0.633395467,5.435990441,0.222955797,13.898,2.579066667,32.90561905,46.21,1,41.86359276,45,"T2","CT2-T4-H39",1.910761547,-121.2592,35.13105,-Inf,0,8.55957724079106,1024.35460492255,0
"859","1-2","ct2_t4_h39","other<living",0,0,5.2164753932174,5216.4753932174,38.0225339989466,16.11135,24.6348375,81.589375,33.58603125,0.180388032,26.97258367,6.151914118,1.3498,244.565,19.854,0.633395467,5.435990441,0.222955797,13.898,2.579066667,32.90561905,46.21,1,41.86359276,45,"T2","CT2-T4-H39",1.910761547,-121.2592,35.13105,-Inf,0,8.55957724079106,198.343612993277,0
"860","1-2","ct2_t4_h39","part<Crustacea",0,0,5.2164753932174,5216.4753932174,76.254558543342,16.11135,24.6348375,81.589375,33.58603125,0.180388032,26.97258367,6.151914118,1.3498,244.565,19.854,0.633395467,5.435990441,0.222955797,13.898,2.579066667,32.90561905,46.21,1,41.86359276,45,"T2","CT2-T4-H39",1.910761547,-121.2592,35.13105,-Inf,0,8.55957724079106,397.780028261999,0
"861","1-2","ct2_t4_h39","tetrazoid",1.05627624686368,1056.27624686368,5.2164753932174,5216.4753932174,28.2453109706461,16.11135,24.6348375,81.589375,33.58603125,0.180388032,26.97258367,6.151914118,1.3498,244.565,19.854,0.633395467,5.435990441,0.222955797,13.898,2.579066667,32.90561905,46.21,1,41.86359276,45,"T2","CT2-T4-H39",1.910761547,-121.2592,35.13105,6.96250502746436,29.8348510635716,8.55957724079106,147.340969652149,0.202488494096432
"862","1-2","ct2_t8_h43","Calanoida",4.7620109325774,4762.0109325774,23.2437154335123,23243.7154335123,141.059789436464,15.68699375,25.07190625,77.0835625,34.03350625,0.211496484,5.491,7.418104457,1.07124375,161.261,14.891,0.696521147,6.376082642,0.259804398,9.927,1.530533333,40.83314211,43.725,1,52.40822911,47,"T2","CT2-T8-H43",2.955154777,-120.8298,34.54325,8.46842532283951,671.728259443507,10.0537900705419,3278.75360477233,0.204873052511718
"863","1-2","ct2_t8_h43","Cephalopoda",0,0,23.2437154335123,23243.7154335123,57.5635977433292,15.68699375,25.07190625,77.0835625,34.03350625,0.211496484,5.491,7.418104457,1.07124375,161.261,14.891,0.696521147,6.376082642,0.259804398,9.927,1.530533333,40.83314211,43.725,1,52.40822911,47,"T2","CT2-T8-H43",2.955154777,-120.8298,34.54325,-Inf,0,10.0537900705419,1337.99188527512,0
"864","1-2","ct2_t8_h43","Chaetognatha",0.0300989731193431,30.0989731193431,23.2437154335123,23243.7154335123,141.706305669165,15.68699375,25.07190625,77.0835625,34.03350625,0.211496484,5.491,7.418104457,1.07124375,161.261,14.891,0.696521147,6.376082642,0.259804398,9.927,1.530533333,40.83314211,43.725,1,52.40822911,47,"T2","CT2-T8-H43",2.955154777,-120.8298,34.54325,3.40449105553644,4.26521428517762,10.0537900705419,3293.78104410839,0.001294929513547
"865","1-2","ct2_t8_h43","Copepoda<Maxillopoda",0.888439472904257,888.439472904257,23.2437154335123,23243.7154335123,158.556874141224,15.68699375,25.07190625,77.0835625,34.03350625,0.211496484,5.491,7.418104457,1.07124375,161.261,14.891,0.696521147,6.376082642,0.259804398,9.927,1.530533333,40.83314211,43.725,1,52.40822911,47,"T2","CT2-T8-H43",2.955154777,-120.8298,34.54325,6.78946652248781,140.868185687376,10.0537900705419,3685.45086256584,0.0382227822159328
"866","1-2","ct2_t8_h43","Eucalanidae",0.907104251447415,907.104251447415,23.2437154335123,23243.7154335123,102.044559635902,15.68699375,25.07190625,77.0835625,34.03350625,0.211496484,5.491,7.418104457,1.07124375,161.261,14.891,0.696521147,6.376082642,0.259804398,9.927,1.530533333,40.83314211,43.725,1,52.40822911,47,"T2","CT2-T8-H43",2.955154777,-120.8298,34.54325,6.81025738446629,92.5650538828058,10.0537900705419,2371.89470571498,0.0390257854447646
"867","1-2","ct2_t8_h43","Eumalacostraca",16.3238647612332,16323.8647612332,23.2437154335123,23243.7154335123,112.319215108935,15.68699375,25.07190625,77.0835625,34.03350625,0.211496484,5.491,7.418104457,1.07124375,161.261,14.891,0.696521147,6.376082642,0.259804398,9.927,1.530533333,40.83314211,43.725,1,52.40822911,47,"T2","CT2-T8-H43",2.955154777,-120.8298,34.54325,9.70038341183279,1833.48367752612,10.0537900705419,2610.71587370755,0.702291542327945
"868","1-2","ct2_t8_h43","Euphausiacea",0.00415203016301127,4.15203016301127,23.2437154335123,23243.7154335123,172.690793229988,15.68699375,25.07190625,77.0835625,34.03350625,0.211496484,5.491,7.418104457,1.07124375,161.261,14.891,0.696521147,6.376082642,0.259804398,9.927,1.530533333,40.83314211,43.725,1,52.40822911,47,"T2","CT2-T8-H43",2.955154777,-120.8298,34.54325,1.42359741053163,0.717017382365252,10.0537900705419,4013.97565582535,0.000178630226948354
"869","1-2","ct2_t8_h43","Ostracoda",0.00961272539707431,9.61272539707431,23.2437154335123,23243.7154335123,230.254390973317,15.68699375,25.07190625,77.0835625,34.03350625,0.211496484,5.491,7.418104457,1.07124375,161.261,14.891,0.696521147,6.376082642,0.259804398,9.927,1.530533333,40.83314211,43.725,1,52.40822911,47,"T2","CT2-T8-H43",2.955154777,-120.8298,34.54325,2.26308778288708,2.21337223189708,10.0537900705419,5351.96754110047,0.00041356234224133
"870","1-2","ct2_t8_h43","Salpida",0.0309997054207429,30.9997054207429,23.2437154335123,23243.7154335123,115.127195486658,15.68699375,25.07190625,77.0835625,34.03350625,0.211496484,5.491,7.418104457,1.07124375,161.261,14.891,0.696521147,6.376082642,0.259804398,9.927,1.530533333,40.83314211,43.725,1,52.40822911,47,"T2","CT2-T8-H43",2.955154777,-120.8298,34.54325,3.43397770188332,3.5689091460027,10.0537900705419,2675.98377055023,0.00133368116252396
"871","1-2","ct2_t8_h43","cypris",0,0,23.2437154335123,23243.7154335123,359.772485895808,15.68699375,25.07190625,77.0835625,34.03350625,0.211496484,5.491,7.418104457,1.07124375,161.261,14.891,0.696521147,6.376082642,0.259804398,9.927,1.530533333,40.83314211,43.725,1,52.40822911,47,"T2","CT2-T8-H43",2.955154777,-120.8298,34.54325,-Inf,0,10.0537900705419,8362.44928296948,0
"872","1-2","ct2_t8_h43","darksphere",0,0,23.2437154335123,23243.7154335123,230.254390973317,15.68699375,25.07190625,77.0835625,34.03350625,0.211496484,5.491,7.418104457,1.07124375,161.261,14.891,0.696521147,6.376082642,0.259804398,9.927,1.530533333,40.83314211,43.725,1,52.40822911,47,"T2","CT2-T8-H43",2.955154777,-120.8298,34.54325,-Inf,0,10.0537900705419,5351.96754110047,0
"873","1-2","ct2_t8_h43","head<Chaetognatha",0,0,23.2437154335123,23243.7154335123,177.487759708599,15.68699375,25.07190625,77.0835625,34.03350625,0.211496484,5.491,7.418104457,1.07124375,161.261,14.891,0.696521147,6.376082642,0.259804398,9.927,1.530533333,40.83314211,43.725,1,52.40822911,47,"T2","CT2-T8-H43",2.955154777,-120.8298,34.54325,-Inf,0,10.0537900705419,4125.47497959828,0
"874","1-2","ct2_t8_h43","multiple organisms",0,0,23.2437154335123,23243.7154335123,228.581030573802,15.68699375,25.07190625,77.0835625,34.03350625,0.211496484,5.491,7.418104457,1.07124375,161.261,14.891,0.696521147,6.376082642,0.259804398,9.927,1.530533333,40.83314211,43.725,1,52.40822911,47,"T2","CT2-T8-H43",2.955154777,-120.8298,34.54325,-Inf,0,10.0537900705419,5313.07242815643,0
"875","1-2","ct2_t8_h43","other<living",0,0,23.2437154335123,23243.7154335123,190.467786650722,15.68699375,25.07190625,77.0835625,34.03350625,0.211496484,5.491,7.418104457,1.07124375,161.261,14.891,0.696521147,6.376082642,0.259804398,9.927,1.530533333,40.83314211,43.725,1,52.40822911,47,"T2","CT2-T8-H43",2.955154777,-120.8298,34.54325,-Inf,0,10.0537900705419,4427.17903216031,0
"876","1-2","ct2_t8_h43","part<Crustacea",0,0,23.2437154335123,23243.7154335123,184.104265196338,15.68699375,25.07190625,77.0835625,34.03350625,0.211496484,5.491,7.418104457,1.07124375,161.261,14.891,0.696521147,6.376082642,0.259804398,9.927,1.530533333,40.83314211,43.725,1,52.40822911,47,"T2","CT2-T8-H43",2.955154777,-120.8298,34.54325,-Inf,0,10.0537900705419,4279.26715031956,0
"877","1-2","ct2_t8_h43","tetrazoid",0.287432581249852,287.432581249852,23.2437154335123,23243.7154335123,79.1499468970777,15.68699375,25.07190625,77.0835625,34.03350625,0.211496484,5.491,7.418104457,1.07124375,161.261,14.891,0.696521147,6.376082642,0.259804398,9.927,1.530533333,40.83314211,43.725,1,52.40822911,47,"T2","CT2-T8-H43",2.955154777,-120.8298,34.54325,5.66098833273747,22.7502735424158,10.0537900705419,1839.73884225329,0.012366034254379
"878",">2","c1_t7_h9","Calanoida",0.270042368121569,270.042368121569,1.62967207560048,1629.67207560048,43.2872340425532,13.6354125,25.27231875,68.65825,33.72105625,0.271166667,4.793,17.5485,4.377575,127.52,14.88966667,1.386,16.9485,0.108,10.919,4.7989,34.31751471,43.229,1,54.45089622,30,"1","C1-T7-H9",6.573255037,-122.4661,36.18643,5.59857886565666,11.6893871902837,7.39613409294807,70.5439965491314,0.165703500823666
"879",">2","c1_t7_h9","Chaetognatha",0.00897934765817928,8.97934765817928,1.62967207560048,1629.67207560048,28.8581560283688,13.6354125,25.27231875,68.65825,33.72105625,0.271166667,4.793,17.5485,4.377575,127.52,14.88966667,1.386,16.9485,0.108,10.919,4.7989,34.31751471,43.229,1,54.45089622,30,"1","C1-T7-H9",6.573255037,-122.4661,36.18643,2.1949272358201,0.259127415752705,7.39613409294807,47.0293310327543,0.00550991073150142
"880",">2","c1_t7_h9","Eucalanidae",0.0534413271151729,53.4413271151729,1.62967207560048,1629.67207560048,28.8581560283688,13.6354125,25.27231875,68.65825,33.72105625,0.271166667,4.793,17.5485,4.377575,127.52,14.88966667,1.386,16.9485,0.108,10.919,4.7989,34.31751471,43.229,1,54.45089622,30,"1","C1-T7-H9",6.573255037,-122.4661,36.18643,3.97858436266205,1.54221815625276,7.39613409294807,47.0293310327543,0.0327926875076887
"881",">2","c1_t7_h9","Euphausiacea",1.07393112606723,1073.93112606723,1.62967207560048,1629.67207560048,28.8581560283688,13.6354125,25.27231875,68.65825,33.72105625,0.271166667,4.793,17.5485,4.377575,127.52,14.88966667,1.386,16.9485,0.108,10.919,4.7989,34.31751471,43.229,1,54.45089622,30,"1","C1-T7-H9",6.573255037,-122.4661,36.18643,6.97908114458347,30.99167199977,7.39613409294807,47.0293310327543,0.65898602678795
"882",">2","c1_t7_h9","Hydrozoa",0.0921344466187575,92.1344466187575,1.62967207560048,1629.67207560048,28.8581560283688,13.6354125,25.27231875,68.65825,33.72105625,0.271166667,4.793,17.5485,4.377575,127.52,14.88966667,1.386,16.9485,0.108,10.919,4.7989,34.31751471,43.229,1,54.45089622,30,"1","C1-T7-H9",6.573255037,-122.4661,36.18643,4.52324888656873,2.65883023611152,7.39613409294807,47.0293310327543,0.0565355742410994
"883",">2","c1_t7_h9","Ostracoda",0.111270062228589,111.270062228589,1.62967207560048,1629.67207560048,72.145390070922,13.6354125,25.27231875,68.65825,33.72105625,0.271166667,4.793,17.5485,4.377575,127.52,14.88966667,1.386,16.9485,0.108,10.919,4.7989,34.31751471,43.229,1,54.45089622,30,"1","C1-T7-H9",6.573255037,-122.4661,36.18643,4.71196023942702,8.02762204269734,7.39613409294807,117.573327581886,0.0682775779830369
"884",">2","c1_t7_h9","Polychaeta",0.0198733977909791,19.8733977909791,1.62967207560048,1629.67207560048,28.8581560283688,13.6354125,25.27231875,68.65825,33.72105625,0.271166667,4.793,17.5485,4.377575,127.52,14.88966667,1.386,16.9485,0.108,10.919,4.7989,34.31751471,43.229,1,54.45089622,30,"1","C1-T7-H9",6.573255037,-122.4661,36.18643,2.98938204300053,0.573509614265914,7.39613409294807,47.0293310327543,0.0121947219250575
"885",">2","c1_t7_h9","multiple organisms",0,0,1.62967207560048,1629.67207560048,60.3397807865893,13.6354125,25.27231875,68.65825,33.72105625,0.271166667,4.793,17.5485,4.377575,127.52,14.88966667,1.386,16.9485,0.108,10.919,4.7989,34.31751471,43.229,1,54.45089622,30,"1","C1-T7-H9",6.573255037,-122.4661,36.18643,-Inf,0,7.39613409294807,98.334055795759,0
"886",">2","c1_t7_h9","other<living",0,0,1.62967207560048,1629.67207560048,28.8581560283688,13.6354125,25.27231875,68.65825,33.72105625,0.271166667,4.793,17.5485,4.377575,127.52,14.88966667,1.386,16.9485,0.108,10.919,4.7989,34.31751471,43.229,1,54.45089622,30,"1","C1-T7-H9",6.573255037,-122.4661,36.18643,-Inf,0,7.39613409294807,47.0293310327543,0
"887",">2","c1_t7_h9","part<Crustacea",0,0,1.62967207560048,1629.67207560048,28.8581560283688,13.6354125,25.27231875,68.65825,33.72105625,0.271166667,4.793,17.5485,4.377575,127.52,14.88966667,1.386,16.9485,0.108,10.919,4.7989,34.31751471,43.229,1,54.45089622,30,"1","C1-T7-H9",6.573255037,-122.4661,36.18643,-Inf,0,7.39613409294807,47.0293310327543,0
"888",">2","c1_t8_h10","Calanoida",0.719713318425251,719.713318425251,3.13224182533324,3132.24182533324,124.635219326128,14.52624375,25.12710625,73.9570625,33.7726125,0.293333333,5.056,6.879666667,3.06598125,117.599,33.74833333,0.619,4.617666667,0.519666667,8.4375,3.9444,39.60784898,93.982,0,57.2760461,30,"1","C1-T8-H10",4.157659552,-122.4958,36.11382,6.57885296386602,89.7016272938669,8.04950426528372,390.387646882882,0.229775783148123
"889",">2","c1_t8_h10","Chaetognatha",0.0238039442019176,23.8039442019176,3.13224182533324,3132.24182533324,114.248951048951,14.52624375,25.12710625,73.9570625,33.7726125,0.293333333,5.056,6.879666667,3.06598125,117.599,33.74833333,0.619,4.617666667,0.519666667,8.4375,3.9444,39.60784898,93.982,0,57.2760461,30,"1","C1-T8-H10",4.157659552,-122.4958,36.11382,3.16985128971657,2.71957565589684,8.04950426528372,357.855342975975,0.00759965083455363
"890",">2","c1_t8_h10","Copepoda<Maxillopoda",0.142104730163613,142.104730163613,3.13224182533324,3132.24182533324,152.331934731935,14.52624375,25.12710625,73.9570625,33.7726125,0.293333333,5.056,6.879666667,3.06598125,117.599,33.74833333,0.619,4.617666667,0.519666667,8.4375,3.9444,39.60784898,93.982,0,57.2760461,30,"1","C1-T8-H10",4.157659552,-122.4958,36.11382,4.95656432211844,21.6470884803827,8.04950426528372,477.1404573013,0.0453683776949419
"891",">2","c1_t8_h10","Eucalanidae",0.367058924357204,367.058924357204,3.13224182533324,3132.24182533324,114.248951048951,14.52624375,25.12710625,73.9570625,33.7726125,0.293333333,5.056,6.879666667,3.06598125,117.599,33.74833333,0.619,4.617666667,0.519666667,8.4375,3.9444,39.60784898,93.982,0,57.2760461,30,"1","C1-T8-H10",4.157659552,-122.4958,36.11382,5.90552239199832,41.9360970809668,8.04950426528372,357.855342975975,0.117187287835974
"892",">2","c1_t8_h10","Euphausiacea",1.50920305170822,1509.20305170822,3.13224182533324,3132.24182533324,114.248951048951,14.52624375,25.12710625,73.9570625,33.7726125,0.293333333,5.056,6.879666667,3.06598125,117.599,33.74833333,0.619,4.617666667,0.519666667,8.4375,3.9444,39.60784898,93.982,0,57.2760461,30,"1","C1-T8-H10",4.157659552,-122.4958,36.11382,7.31933701015823,172.42486557754,8.04950426528372,357.855342975975,0.481828395081741
"893",">2","c1_t8_h10","Oithonidae",0.0591027411698606,59.1027411698606,3.13224182533324,3132.24182533324,114.248951048951,14.52624375,25.12710625,73.9570625,33.7726125,0.293333333,5.056,6.879666667,3.06598125,117.599,33.74833333,0.619,4.617666667,0.519666667,8.4375,3.9444,39.60784898,93.982,0,57.2760461,30,"1","C1-T8-H10",4.157659552,-122.4958,36.11382,4.07927730522918,6.75242618277422,8.04950426528372,357.855342975975,0.0188691501057945
"894",">2","c1_t8_h10","Salpida",0.258685792340571,258.685792340571,3.13224182533324,3132.24182533324,114.248951048951,14.52624375,25.12710625,73.9570625,33.7726125,0.293333333,5.056,6.879666667,3.06598125,117.599,33.74833333,0.619,4.617666667,0.519666667,8.4375,3.9444,39.60784898,93.982,0,57.2760461,30,"1","C1-T8-H10",4.157659552,-122.4958,36.11382,5.55561416824269,29.554580426177,8.04950426528372,357.855342975975,0.0825880652791069
"895",">2","c1_t8_h10","multiple organisms",0,0,3.13224182533324,3132.24182533324,228.497902097902,14.52624375,25.12710625,73.9570625,33.7726125,0.293333333,5.056,6.879666667,3.06598125,117.599,33.74833333,0.619,4.617666667,0.519666667,8.4375,3.9444,39.60784898,93.982,0,57.2760461,30,"1","C1-T8-H10",4.157659552,-122.4958,36.11382,-Inf,0,8.04950426528372,715.710685951949,0
"896",">2","c1_t8_h10","other<living",0,0,3.13224182533324,3132.24182533324,114.248951048951,14.52624375,25.12710625,73.9570625,33.7726125,0.293333333,5.056,6.879666667,3.06598125,117.599,33.74833333,0.619,4.617666667,0.519666667,8.4375,3.9444,39.60784898,93.982,0,57.2760461,30,"1","C1-T8-H10",4.157659552,-122.4958,36.11382,-Inf,0,8.04950426528372,357.855342975975,0
"897",">2","c1_t8_h10","part<Crustacea",0,0,3.13224182533324,3132.24182533324,114.248951048951,14.52624375,25.12710625,73.9570625,33.7726125,0.293333333,5.056,6.879666667,3.06598125,117.599,33.74833333,0.619,4.617666667,0.519666667,8.4375,3.9444,39.60784898,93.982,0,57.2760461,30,"1","C1-T8-H10",4.157659552,-122.4958,36.11382,-Inf,0,8.04950426528372,357.855342975975,0
"898",">2","c1_t8_h10","tetrazoid",0.0525693229666073,52.5693229666073,3.13224182533324,3132.24182533324,114.248951048951,14.52624375,25.12710625,73.9570625,33.7726125,0.293333333,5.056,6.879666667,3.06598125,117.599,33.74833333,0.619,4.617666667,0.519666667,8.4375,3.9444,39.60784898,93.982,0,57.2760461,30,"1","C1-T8-H10",4.157659552,-122.4958,36.11382,3.96213273604588,6.00599000628842,8.04950426528372,357.855342975975,0.0167832900197654
"899",">2","c2_t8_h18","Calanoida",1.19661553287695,1196.61553287695,12.1565031778928,12156.5031778928,41.9020833333333,15.59365,24.5697,64.668,33.34975,0.221166667,4.771,6.914333333,1.7352,127.517,14.88933333,0.475166667,5.279,0.129666667,14.889,8.5157,12.36120755,10.001,0,89.04467932,6,"2","C2-T8-H18",3.495869841,-123.0914,36.42905,7.08725246171486,50.1406837765708,9.40561954655716,509.382809201995,0.0984341891221688
"900",">2","c2_t8_h18","Chaetognatha",0.0382297135546189,38.2297135546189,12.1565031778928,12156.5031778928,40.3587590759076,15.59365,24.5697,64.668,33.34975,0.221166667,4.771,6.914333333,1.7352,127.517,14.88933333,0.475166667,5.279,0.129666667,14.889,8.5157,12.36120755,10.001,0,89.04467932,6,"2","C2-T8-H18",3.495869841,-123.0914,36.42905,3.64361305499437,1.54290379889182,9.40561954655716,490.62138296208,0.00314479525856922
"901",">2","c2_t8_h18","Copepoda<Maxillopoda",0.562437532619003,562.437532619003,12.1565031778928,12156.5031778928,58.5346834683468,15.59365,24.5697,64.668,33.34975,0.221166667,4.771,6.914333333,1.7352,127.517,14.88933333,0.475166667,5.279,0.129666667,14.889,8.5157,12.36120755,10.001,0,89.04467932,6,"2","C2-T8-H18",3.495869841,-123.0914,36.42905,6.33228007478995,32.9221029425713,9.40561954655716,711.577065599907,0.0462663912795107
"902",">2","c2_t8_h18","Eucalanidae",1.02226224985454,1022.26224985454,12.1565031778928,12156.5031778928,39.8277227722772,15.59365,24.5697,64.668,33.34975,0.221166667,4.771,6.914333333,1.7352,127.517,14.88933333,0.475166667,5.279,0.129666667,14.889,8.5157,12.36120755,10.001,0,89.04467932,6,"2","C2-T8-H18",3.495869841,-123.0914,36.42905,6.92977334240068,40.714377487771,9.40561954655716,484.165838449421,0.0840918013095719
"903",">2","c2_t8_h18","Eumalacostraca",2.01910138714772,2019.10138714772,12.1565031778928,12156.5031778928,39.8277227722772,15.59365,24.5697,64.668,33.34975,0.221166667,4.771,6.914333333,1.7352,127.517,14.88933333,0.475166667,5.279,0.129666667,14.889,8.5157,12.36120755,10.001,0,89.04467932,6,"2","C2-T8-H18",3.495869841,-123.0914,36.42905,7.61040783356898,80.4162102964399,9.40561954655716,484.165838449421,0.166092284730329
"904",">2","c2_t8_h18","Euphausiacea",6.95201384178235,6952.01384178235,12.1565031778928,12156.5031778928,48.1251650165016,15.59365,24.5697,64.668,33.34975,0.221166667,4.771,6.914333333,1.7352,127.517,14.88933333,0.475166667,5.279,0.129666667,14.889,8.5157,12.36120755,10.001,0,89.04467932,6,"2","C2-T8-H18",3.495869841,-123.0914,36.42905,8.84678665799364,334.566813332779,9.40561954655716,585.033721459717,0.571876117667203
"905",">2","c2_t8_h18","Hydrozoa",0.0619774477467644,61.9774477467644,12.1565031778928,12156.5031778928,26.5518151815181,15.59365,24.5697,64.668,33.34975,0.221166667,4.771,6.914333333,1.7352,127.517,14.88933333,0.475166667,5.279,0.129666667,14.889,8.5157,12.36120755,10.001,0,89.04467932,6,"2","C2-T8-H18",3.495869841,-123.0914,36.42905,4.12677057285353,1.64561373799429,9.40561954655716,322.777225632947,0.00509829568913152
"906",">2","c2_t8_h18","Polychaeta",0.0607772459479793,60.7772459479793,12.1565031778928,12156.5031778928,39.8277227722772,15.59365,24.5697,64.668,33.34975,0.221166667,4.771,6.914333333,1.7352,127.517,14.88933333,0.475166667,5.279,0.129666667,14.889,8.5157,12.36120755,10.001,0,89.04467932,6,"2","C2-T8-H18",3.495869841,-123.0914,36.42905,4.1072154746486,2.42061930247863,9.40561954655716,484.165838449421,0.00499956649199136
"907",">2","c2_t8_h18","Salpida",0.0671083444214613,67.1083444214613,12.1565031778928,12156.5031778928,53.1036303630363,15.59365,24.5697,64.668,33.34975,0.221166667,4.771,6.914333333,1.7352,127.517,14.88933333,0.475166667,5.279,0.129666667,14.889,8.5157,12.36120755,10.001,0,89.04467932,6,"2","C2-T8-H18",3.495869841,-123.0914,36.42905,4.20630839424077,3.56369671643261,9.40561954655716,645.554451265895,0.00552036580251969
"908",">2","c2_t8_h18","Tomopteridae",0,0,12.1565031778928,12156.5031778928,26.5518151815181,15.59365,24.5697,64.668,33.34975,0.221166667,4.771,6.914333333,1.7352,127.517,14.88933333,0.475166667,5.279,0.129666667,14.889,8.5157,12.36120755,10.001,0,89.04467932,6,"2","C2-T8-H18",3.495869841,-123.0914,36.42905,-Inf,0,9.40561954655716,322.777225632947,0
"909",">2","c2_t8_h18","multiple organisms",0,0,12.1565031778928,12156.5031778928,66.3795379537954,15.59365,24.5697,64.668,33.34975,0.221166667,4.771,6.914333333,1.7352,127.517,14.88933333,0.475166667,5.279,0.129666667,14.889,8.5157,12.36120755,10.001,0,89.04467932,6,"2","C2-T8-H18",3.495869841,-123.0914,36.42905,-Inf,0,9.40561954655716,806.943064082369,0
"910",">2","c2_t8_h18","other<living",0,0,12.1565031778928,12156.5031778928,48.2760276027603,15.59365,24.5697,64.668,33.34975,0.221166667,4.771,6.914333333,1.7352,127.517,14.88933333,0.475166667,5.279,0.129666667,14.889,8.5157,12.36120755,10.001,0,89.04467932,6,"2","C2-T8-H18",3.495869841,-123.0914,36.42905,-Inf,0,9.40561954655716,586.867682968995,0
"911",">2","c2_t8_h18","part<Crustacea",0,0,12.1565031778928,12156.5031778928,38.8794436586516,15.59365,24.5697,64.668,33.34975,0.221166667,4.771,6.914333333,1.7352,127.517,14.88933333,0.475166667,5.279,0.129666667,14.889,8.5157,12.36120755,10.001,0,89.04467932,6,"2","C2-T8-H18",3.495869841,-123.0914,36.42905,-Inf,0,9.40561954655716,472.638080391102,0
"912",">2","c2_t8_h18","tetrazoid",0.175979881941404,175.979881941404,12.1565031778928,12156.5031778928,39.8277227722772,15.59365,24.5697,64.668,33.34975,0.221166667,4.771,6.914333333,1.7352,127.517,14.88933333,0.475166667,5.279,0.129666667,14.889,8.5157,12.36120755,10.001,0,89.04467932,6,"2","C2-T8-H18",3.495869841,-123.0914,36.42905,5.17036968135348,7.00887795146033,9.40561954655716,484.165838449421,0.0144761926490039
"913",">2","c2_t9_h19","Amphipoda",0,0,16.8535851719638,16853.5851719638,17.2420634920635,15.85675,24.06715,69.2275,32.7728,0.3052,4.576,7.3326,1.59615,129.5,30.76966667,0.668,5.1062,0.433,26.8,4.107233333,18.6269982,11.23,1,107.295263,6,"2","C2-T9-H19",2.811058313,-123.226,36.46062,-Inf,0,9.7323186829977,290.5905856039,0
"914",">2","c2_t9_h19","Calanoida",0.347800905157547,347.800905157547,16.8535851719638,16853.5851719638,17.2420634920635,15.85675,24.06715,69.2275,32.7728,0.3052,4.576,7.3326,1.59615,129.5,30.76966667,0.668,5.1062,0.433,26.8,4.107233333,18.6269982,11.23,1,107.295263,6,"2","C2-T9-H19",2.811058313,-123.226,36.46062,5.85163020443993,5.99680528932358,9.7323186829977,290.5905856039,0.0206366124245255
"915",">2","c2_t9_h19","Cephalopoda",0,0,16.8535851719638,16853.5851719638,17.2420634920635,15.85675,24.06715,69.2275,32.7728,0.3052,4.576,7.3326,1.59615,129.5,30.76966667,0.668,5.1062,0.433,26.8,4.107233333,18.6269982,11.23,1,107.295263,6,"2","C2-T9-H19",2.811058313,-123.226,36.46062,-Inf,0,9.7323186829977,290.5905856039,0
"916",">2","c2_t9_h19","Chaetognatha",0.254719596508048,254.719596508048,16.8535851719638,16853.5851719638,26.8773342670401,15.85675,24.06715,69.2275,32.7728,0.3052,4.576,7.3326,1.59615,129.5,30.76966667,0.668,5.1062,0.433,26.8,4.107233333,18.6269982,11.23,1,107.295263,6,"2","C2-T9-H19",2.811058313,-123.226,36.46062,5.54016331859402,6.8461837397124,9.7323186829977,452.979442264902,0.0151136742662789
"917",">2","c2_t9_h19","Copepoda<Maxillopoda",0.224642194365281,224.642194365281,16.8535851719638,16853.5851719638,17.2420634920635,15.85675,24.06715,69.2275,32.7728,0.3052,4.576,7.3326,1.59615,129.5,30.76966667,0.668,5.1062,0.433,26.8,4.107233333,18.6269982,11.23,1,107.295263,6,"2","C2-T9-H19",2.811058313,-123.226,36.46062,5.4145088891537,3.87329497824264,9.7323186829977,290.5905856039,0.013329044952345
"918",">2","c2_t9_h19","Eucalanidae",2.35992364866615,2359.92364866615,16.8535851719638,16853.5851719638,17.2420634920635,15.85675,24.06715,69.2275,32.7728,0.3052,4.576,7.3326,1.59615,129.5,30.76966667,0.668,5.1062,0.433,26.8,4.107233333,18.6269982,11.23,1,107.295263,6,"2","C2-T9-H19",2.811058313,-123.226,36.46062,7.76638454523621,40.6899533867239,9.7323186829977,290.5905856039,0.140025022841545
"919",">2","c2_t9_h19","Eumalacostraca",12.2029165837025,12202.9165837025,16.8535851719638,16853.5851719638,17.2420634920635,15.85675,24.06715,69.2275,32.7728,0.3052,4.576,7.3326,1.59615,129.5,30.76966667,0.668,5.1062,0.433,26.8,4.107233333,18.6269982,11.23,1,107.295263,6,"2","C2-T9-H19",2.811058313,-123.226,36.46062,9.40943026638796,210.403462524553,9.7323186829977,290.5905856039,0.724054642332258
"920",">2","c2_t9_h19","Euphausiacea",0.74807126142038,748.07126142038,16.8535851719638,16853.5851719638,40.6420068027211,15.85675,24.06715,69.2275,32.7728,0.3052,4.576,7.3326,1.59615,129.5,30.76966667,0.668,5.1062,0.433,26.8,4.107233333,18.6269982,11.23,1,107.295263,6,"2","C2-T9-H19",2.811058313,-123.226,36.46062,6.61749824271523,30.4031172955672,9.7323186829977,684.963523209192,0.0443864764551585
"921",">2","c2_t9_h19","Hydrozoa",0.121226326842875,121.226326842875,16.8535851719638,16853.5851719638,17.2420634920635,15.85675,24.06715,69.2275,32.7728,0.3052,4.576,7.3326,1.59615,129.5,30.76966667,0.668,5.1062,0.433,26.8,4.107233333,18.6269982,11.23,1,107.295263,6,"2","C2-T9-H19",2.811058313,-123.226,36.46062,4.7976592682223,2.09019202433449,9.7323186829977,290.5905856039,0.00719291032774064
"922",">2","c2_t9_h19","Ostracoda",0.0823830221193069,82.3830221193069,16.8535851719638,16853.5851719638,17.2420634920635,15.85675,24.06715,69.2275,32.7728,0.3052,4.576,7.3326,1.59615,129.5,30.76966667,0.668,5.1062,0.433,26.8,4.107233333,18.6269982,11.23,1,107.295263,6,"2","C2-T9-H19",2.811058313,-123.226,36.46062,4.41137937344439,1.42045329804916,9.7323186829977,290.5905856039,0.00488816007269197
"923",">2","c2_t9_h19","Polychaeta",0.0498835345814995,49.8835345814995,16.8535851719638,16853.5851719638,17.2420634920635,15.85675,24.06715,69.2275,32.7728,0.3052,4.576,7.3326,1.59615,129.5,30.76966667,0.668,5.1062,0.433,26.8,4.107233333,18.6269982,11.23,1,107.295263,6,"2","C2-T9-H19",2.811058313,-123.226,36.46062,3.90969097999933,0.860095070462759,9.7323186829977,290.5905856039,0.00295981739627018
"924",">2","c2_t9_h19","Salpida",0.0374404476377874,37.4404476377874,16.8535851719638,16853.5851719638,17.2420634920635,15.85675,24.06715,69.2275,32.7728,0.3052,4.576,7.3326,1.59615,129.5,30.76966667,0.668,5.1062,0.433,26.8,4.107233333,18.6269982,11.23,1,107.295263,6,"2","C2-T9-H19",2.811058313,-123.226,36.46062,3.6227516076754,0.64555057534201,9.7323186829977,290.5905856039,0.0022215123521653
"925",">2","c2_t9_h19","Tomopteridae",0,0,16.8535851719638,16853.5851719638,17.2420634920635,15.85675,24.06715,69.2275,32.7728,0.3052,4.576,7.3326,1.59615,129.5,30.76966667,0.668,5.1062,0.433,26.8,4.107233333,18.6269982,11.23,1,107.295263,6,"2","C2-T9-H19",2.811058313,-123.226,36.46062,-Inf,0,9.7323186829977,290.5905856039,0
"926",">2","c2_t9_h19","multiple organisms",0,0,16.8535851719638,16853.5851719638,108.969841269841,15.85675,24.06715,69.2275,32.7728,0.3052,4.576,7.3326,1.59615,129.5,30.76966667,0.668,5.1062,0.433,26.8,4.107233333,18.6269982,11.23,1,107.295263,6,"2","C2-T9-H19",2.811058313,-123.226,36.46062,-Inf,0,9.7323186829977,1836.53250101665,0
"927",">2","c2_t9_h19","other<living",0,0,16.8535851719638,16853.5851719638,17.2420634920635,15.85675,24.06715,69.2275,32.7728,0.3052,4.576,7.3326,1.59615,129.5,30.76966667,0.668,5.1062,0.433,26.8,4.107233333,18.6269982,11.23,1,107.295263,6,"2","C2-T9-H19",2.811058313,-123.226,36.46062,-Inf,0,9.7323186829977,290.5905856039,0
"928",">2","c2_t9_h19","part<Crustacea",0,0,16.8535851719638,16853.5851719638,17.2420634920635,15.85675,24.06715,69.2275,32.7728,0.3052,4.576,7.3326,1.59615,129.5,30.76966667,0.668,5.1062,0.433,26.8,4.107233333,18.6269982,11.23,1,107.295263,6,"2","C2-T9-H19",2.811058313,-123.226,36.46062,-Inf,0,9.7323186829977,290.5905856039,0
"929",">2","c2_t9_h19","tetrazoid",0.424577650962424,424.577650962424,16.8535851719638,16853.5851719638,17.2420634920635,15.85675,24.06715,69.2275,32.7728,0.3052,4.576,7.3326,1.59615,129.5,30.76966667,0.668,5.1062,0.433,26.8,4.107233333,18.6269982,11.23,1,107.295263,6,"2","C2-T9-H19",2.811058313,-123.226,36.46062,6.05109491237379,7.32059481520529,9.7323186829977,290.5905856039,0.0251921265790211
"930",">2","c3_t6_h25","Actinopterygii",0,0,11.6287391440747,11628.7391440747,6.06105502532474,18.84853125,23.309125,79.10425,32.70948125,0.0165,114.277,-0.069,-0.00258125,349.6695,109.1806667,0.336,1.0475,-0.013,22.833,0.642766667,36.93443854,8.3977,0,772.3392208,103,"3","C3-T6-H25",-4.6044581,-130.477,34.56042,-Inf,0,9.36123482554044,70.4824278273843,0
"931",">2","c3_t6_h25","Calanoida",1.53173646734317,1531.73646734317,11.6287391440747,11628.7391440747,10.4250146435586,18.84853125,23.309125,79.10425,32.70948125,0.0165,114.277,-0.069,-0.00258125,349.6695,109.1806667,0.336,1.0475,-0.013,22.833,0.642766667,36.93443854,8.3977,0,772.3392208,103,"3","C3-T6-H25",-4.6044581,-130.477,34.56042,7.33415731679812,15.9683751021252,9.36123482554044,121.229775863101,0.131719909473045
"932",">2","c3_t6_h25","Chaetognatha",0.0988593437248269,98.8593437248269,11.6287391440747,11628.7391440747,6.06105502532474,18.84853125,23.309125,79.10425,32.70948125,0.0165,114.277,-0.069,-0.00258125,349.6695,109.1806667,0.336,1.0475,-0.013,22.833,0.642766667,36.93443854,8.3977,0,772.3392208,103,"3","C3-T6-H25",-4.6044581,-130.477,34.56042,4.59369806942695,0.599191922083668,9.36123482554044,70.4824278273843,0.00850129515332709
"933",">2","c3_t6_h25","Copepoda<Maxillopoda",0.944947933070233,944.947933070233,11.6287391440747,11628.7391440747,12.478642699198,18.84853125,23.309125,79.10425,32.70948125,0.0165,114.277,-0.069,-0.00258125,349.6695,109.1806667,0.336,1.0475,-0.013,22.833,0.642766667,36.93443854,8.3977,0,772.3392208,103,"3","C3-T6-H25",-4.6044581,-130.477,34.56042,6.85112982869566,11.7916676261291,9.36123482554044,145.110880821085,0.0812597067801391
"934",">2","c3_t6_h25","Eucalanidae",0.1246883021402,124.6883021402,11.6287391440747,11628.7391440747,24.244220101299,18.84853125,23.309125,79.10425,32.70948125,0.0165,114.277,-0.069,-0.00258125,349.6695,109.1806667,0.336,1.0475,-0.013,22.833,0.642766667,36.93443854,8.3977,0,772.3392208,103,"3","C3-T6-H25",-4.6044581,-130.477,34.56042,4.8258170402681,3.02297064114427,9.36123482554044,281.929711309537,0.0107224266186875
"935",">2","c3_t6_h25","Eumalacostraca",7.32562084197323,7325.62084197323,11.6287391440747,11628.7391440747,6.06105502532474,18.84853125,23.309125,79.10425,32.70948125,0.0165,114.277,-0.069,-0.00258125,349.6695,109.1806667,0.336,1.0475,-0.013,22.833,0.642766667,36.93443854,8.3977,0,772.3392208,103,"3","C3-T6-H25",-4.6044581,-130.477,34.56042,8.89913318687701,44.4009910178655,9.36123482554044,70.4824278273843,0.629958308567438
"936",">2","c3_t6_h25","Euphausiacea",0.546873992396471,546.873992396472,11.6287391440747,11628.7391440747,6.06105502532474,18.84853125,23.309125,79.10425,32.70948125,0.0165,114.277,-0.069,-0.00258125,349.6695,109.1806667,0.336,1.0475,-0.013,22.833,0.642766667,36.93443854,8.3977,0,772.3392208,103,"3","C3-T6-H25",-4.6044581,-130.477,34.56042,6.30421841463516,3.31463335983404,9.36123482554044,70.4824278273843,0.0470277977363631
"937",">2","c3_t6_h25","Hydrozoa",0.732424151622256,732.424151622256,11.6287391440747,11628.7391440747,6.06105502532474,18.84853125,23.309125,79.10425,32.70948125,0.0165,114.277,-0.069,-0.00258125,349.6695,109.1806667,0.336,1.0475,-0.013,22.833,0.642766667,36.93443854,8.3977,0,772.3392208,103,"3","C3-T6-H25",-4.6044581,-130.477,34.56042,6.59635978825646,4.43926308485928,9.36123482554044,70.4824278273843,0.0629839695041622
"938",">2","c3_t6_h25","Insecta",0,0,11.6287391440747,11628.7391440747,6.06105502532474,18.84853125,23.309125,79.10425,32.70948125,0.0165,114.277,-0.069,-0.00258125,349.6695,109.1806667,0.336,1.0475,-0.013,22.833,0.642766667,36.93443854,8.3977,0,772.3392208,103,"3","C3-T6-H25",-4.6044581,-130.477,34.56042,-Inf,0,9.36123482554044,70.4824278273843,0
"939",">2","c3_t6_h25","Ostracoda",0.138980687044466,138.980687044466,11.6287391440747,11628.7391440747,33.3358026392861,18.84853125,23.309125,79.10425,32.70948125,0.0165,114.277,-0.069,-0.00258125,349.6695,109.1806667,0.336,1.0475,-0.013,22.833,0.642766667,36.93443854,8.3977,0,772.3392208,103,"3","C3-T6-H25",-4.6044581,-130.477,34.56042,4.93433498135119,4.6330327539867,9.36123482554044,387.653353050614,0.0119514837612711
"940",">2","c3_t6_h25","Polychaeta",0.0228847756937243,22.8847756937243,11.6287391440747,11628.7391440747,6.06105502532474,18.84853125,23.309125,79.10425,32.70948125,0.0165,114.277,-0.069,-0.00258125,349.6695,109.1806667,0.336,1.0475,-0.013,22.833,0.642766667,36.93443854,8.3977,0,772.3392208,103,"3","C3-T6-H25",-4.6044581,-130.477,34.56042,3.13047187260353,0.138705884721877,9.36123482554044,70.4824278273843,0.00196794987059152
"941",">2","c3_t6_h25","Salpida",0.161722649066088,161.722649066088,11.6287391440747,11628.7391440747,6.06105502532474,18.84853125,23.309125,79.10425,32.70948125,0.0165,114.277,-0.069,-0.00258125,349.6695,109.1806667,0.336,1.0475,-0.013,22.833,0.642766667,36.93443854,8.3977,0,772.3392208,103,"3","C3-T6-H25",-4.6044581,-130.477,34.56042,5.08588282521031,0.980209874830843,9.36123482554044,70.4824278273843,0.0139071525349756
"942",">2","c3_t6_h25","Tomopteridae",0,0,11.6287391440747,11628.7391440747,6.06105502532474,18.84853125,23.309125,79.10425,32.70948125,0.0165,114.277,-0.069,-0.00258125,349.6695,109.1806667,0.336,1.0475,-0.013,22.833,0.642766667,36.93443854,8.3977,0,772.3392208,103,"3","C3-T6-H25",-4.6044581,-130.477,34.56042,-Inf,0,9.36123482554044,70.4824278273843,0
"943",">2","c3_t6_h25","cypris",0,0,11.6287391440747,11628.7391440747,6.06105502532474,18.84853125,23.309125,79.10425,32.70948125,0.0165,114.277,-0.069,-0.00258125,349.6695,109.1806667,0.336,1.0475,-0.013,22.833,0.642766667,36.93443854,8.3977,0,772.3392208,103,"3","C3-T6-H25",-4.6044581,-130.477,34.56042,-Inf,0,9.36123482554044,70.4824278273843,0
"944",">2","c3_t6_h25","multiple organisms",0,0,11.6287391440747,11628.7391440747,8.24303483444165,18.84853125,23.309125,79.10425,32.70948125,0.0165,114.277,-0.069,-0.00258125,349.6695,109.1806667,0.336,1.0475,-0.013,22.833,0.642766667,36.93443854,8.3977,0,772.3392208,103,"3","C3-T6-H25",-4.6044581,-130.477,34.56042,-Inf,0,9.36123482554044,95.8561018452426,0
"945",">2","c3_t6_h25","other<living",0,0,11.6287391440747,11628.7391440747,6.06105502532474,18.84853125,23.309125,79.10425,32.70948125,0.0165,114.277,-0.069,-0.00258125,349.6695,109.1806667,0.336,1.0475,-0.013,22.833,0.642766667,36.93443854,8.3977,0,772.3392208,103,"3","C3-T6-H25",-4.6044581,-130.477,34.56042,-Inf,0,9.36123482554044,70.4824278273843,0
"946",">2","c3_t6_h25","part<Crustacea",0,0,11.6287391440747,11628.7391440747,6.06105502532474,18.84853125,23.309125,79.10425,32.70948125,0.0165,114.277,-0.069,-0.00258125,349.6695,109.1806667,0.336,1.0475,-0.013,22.833,0.642766667,36.93443854,8.3977,0,772.3392208,103,"3","C3-T6-H25",-4.6044581,-130.477,34.56042,-Inf,0,9.36123482554044,70.4824278273843,0
"947",">2","c3_t7_h26","Actinopterygii",0,0,3.19734885225042,3197.34885225042,7.68879371877231,18.9034875,23.2842875,72.4185,32.6949375,0.0215,109.923,-0.061,0.03025,361.5635,105.2116667,0.3,1.2055,-0.0135,22.834,0.657333333,34.44530282,0.053271,1,772.3906546,103,"3","C3-T7-H26",-4.437854817,-130.4595,34.52752,-Inf,0,8.07007726173381,24.5837557719069,0
"948",">2","c3_t7_h26","Amphipoda",0,0,3.19734885225042,3197.34885225042,7.68879371877231,18.9034875,23.2842875,72.4185,32.6949375,0.0215,109.923,-0.061,0.03025,361.5635,105.2116667,0.3,1.2055,-0.0135,22.834,0.657333333,34.44530282,0.053271,1,772.3906546,103,"3","C3-T7-H26",-4.437854817,-130.4595,34.52752,-Inf,0,8.07007726173381,24.5837557719069,0
"949",">2","c3_t7_h26","Calanoida",0.87901705454275,879.01705454275,3.19734885225042,3197.34885225042,7.68879371877231,18.9034875,23.2842875,72.4185,32.6949375,0.0215,109.923,-0.061,0.03025,361.5635,105.2116667,0.3,1.2055,-0.0135,22.834,0.657333333,34.44530282,0.053271,1,772.3906546,103,"3","C3-T7-H26",-4.437854817,-130.4595,34.52752,6.77880429970714,6.75858080766203,8.07007726173381,24.5837557719069,0.274920596770059
"950",">2","c3_t7_h26","Chaetognatha",0.0761976144225472,76.1976144225472,3.19734885225042,3197.34885225042,7.68879371877231,18.9034875,23.2842875,72.4185,32.6949375,0.0215,109.923,-0.061,0.03025,361.5635,105.2116667,0.3,1.2055,-0.0135,22.834,0.657333333,34.44530282,0.053271,1,772.3906546,103,"3","C3-T7-H26",-4.437854817,-130.4595,34.52752,4.33333015541181,0.585867739157515,8.07007726173381,24.5837557719069,0.0238314985144384
"951",">2","c3_t7_h26","Copepoda<Maxillopoda",0.156308119553923,156.308119553923,3.19734885225042,3197.34885225042,30.7551748750892,18.9034875,23.2842875,72.4185,32.6949375,0.0215,109.923,-0.061,0.03025,361.5635,105.2116667,0.3,1.2055,-0.0135,22.834,0.657333333,34.44530282,0.053271,1,772.3906546,103,"3","C3-T7-H26",-4.437854817,-130.4595,34.52752,5.05182918459973,4.80728355127726,8.07007726173381,98.3350230876276,0.0488867892672728
"952",">2","c3_t7_h26","Doliolida",0.0115028676553888,11.5028676553888,3.19734885225042,3197.34885225042,7.68879371877231,18.9034875,23.2842875,72.4185,32.6949375,0.0215,109.923,-0.061,0.03025,361.5635,105.2116667,0.3,1.2055,-0.0135,22.834,0.657333333,34.44530282,0.053271,1,772.3906546,103,"3","C3-T7-H26",-4.437854817,-130.4595,34.52752,2.44259636562199,0.0884431765766226,8.07007726173381,24.5837557719069,0.00359762671730131
"953",">2","c3_t7_h26","Eucalanidae",0.313001267873082,313.001267873082,3.19734885225042,3197.34885225042,7.68879371877231,18.9034875,23.2842875,72.4185,32.6949375,0.0215,109.923,-0.061,0.03025,361.5635,105.2116667,0.3,1.2055,-0.0135,22.834,0.657333333,34.44530282,0.053271,1,772.3906546,103,"3","C3-T7-H26",-4.437854817,-130.4595,34.52752,5.74620724124467,2.40660218239032,8.07007726173381,24.5837557719069,0.0978939997907263
"954",">2","c3_t7_h26","Hydrozoa",1.64388571682925,1643.88571682925,3.19734885225042,3197.34885225042,7.68879371877231,18.9034875,23.2842875,72.4185,32.6949375,0.0215,109.923,-0.061,0.03025,361.5635,105.2116667,0.3,1.2055,-0.0135,22.834,0.657333333,34.44530282,0.053271,1,772.3906546,103,"3","C3-T7-H26",-4.437854817,-130.4595,34.52752,7.40481805788915,12.6394981739363,8.07007726173381,24.5837557719069,0.514140243305706
"955",">2","c3_t7_h26","Poecilostomatoida",0.0624163610032774,62.4163610032774,3.19734885225042,3197.34885225042,7.68879371877231,18.9034875,23.2842875,72.4185,32.6949375,0.0215,109.923,-0.061,0.03025,361.5635,105.2116667,0.3,1.2055,-0.0135,22.834,0.657333333,34.44530282,0.053271,1,772.3906546,103,"3","C3-T7-H26",-4.437854817,-130.4595,34.52752,4.13382743657348,0.479906524430624,8.07007726173381,24.5837557719069,0.0195212858801273
"956",">2","c3_t7_h26","Tomopteridae",0,0,3.19734885225042,3197.34885225042,13.9796249432224,18.9034875,23.2842875,72.4185,32.6949375,0.0215,109.923,-0.061,0.03025,361.5635,105.2116667,0.3,1.2055,-0.0135,22.834,0.657333333,34.44530282,0.053271,1,772.3906546,103,"3","C3-T7-H26",-4.437854817,-130.4595,34.52752,-Inf,0,8.07007726173381,44.6977377671035,0
"957",">2","c3_t7_h26","cypris",0,0,3.19734885225042,3197.34885225042,7.68879371877231,18.9034875,23.2842875,72.4185,32.6949375,0.0215,109.923,-0.061,0.03025,361.5635,105.2116667,0.3,1.2055,-0.0135,22.834,0.657333333,34.44530282,0.053271,1,772.3906546,103,"3","C3-T7-H26",-4.437854817,-130.4595,34.52752,-Inf,0,8.07007726173381,24.5837557719069,0
"958",">2","c3_t7_h26","multiple organisms",0,0,3.19734885225042,3197.34885225042,42.2883654532477,18.9034875,23.2842875,72.4185,32.6949375,0.0215,109.923,-0.061,0.03025,361.5635,105.2116667,0.3,1.2055,-0.0135,22.834,0.657333333,34.44530282,0.053271,1,772.3906546,103,"3","C3-T7-H26",-4.437854817,-130.4595,34.52752,-Inf,0,8.07007726173381,135.210656745488,0
"959",">2","c3_t7_h26","other<living",0,0,3.19734885225042,3197.34885225042,7.68879371877231,18.9034875,23.2842875,72.4185,32.6949375,0.0215,109.923,-0.061,0.03025,361.5635,105.2116667,0.3,1.2055,-0.0135,22.834,0.657333333,34.44530282,0.053271,1,772.3906546,103,"3","C3-T7-H26",-4.437854817,-130.4595,34.52752,-Inf,0,8.07007726173381,24.5837557719069,0
"960",">2","c3_t7_h26","part<Crustacea",0,0,3.19734885225042,3197.34885225042,7.68879371877231,18.9034875,23.2842875,72.4185,32.6949375,0.0215,109.923,-0.061,0.03025,361.5635,105.2116667,0.3,1.2055,-0.0135,22.834,0.657333333,34.44530282,0.053271,1,772.3906546,103,"3","C3-T7-H26",-4.437854817,-130.4595,34.52752,-Inf,0,8.07007726173381,24.5837557719069,0
"961",">2","c3_t7_h26","tetrazoid",0.0550198503702045,55.0198503702045,3.19734885225042,3197.34885225042,7.68879371877231,18.9034875,23.2842875,72.4185,32.6949375,0.0215,109.923,-0.061,0.03025,361.5635,105.2116667,0.3,1.2055,-0.0135,22.834,0.657333333,34.44530282,0.053271,1,772.3906546,103,"3","C3-T7-H26",-4.437854817,-130.4595,34.52752,4.00769403593992,0.42303627993422,8.07007726173381,24.5837557719069,0.0172079597543694
"962",">2","c3_t7_h26","zoea<Decapoda",0,0,3.19734885225042,3197.34885225042,7.68879371877231,18.9034875,23.2842875,72.4185,32.6949375,0.0215,109.923,-0.061,0.03025,361.5635,105.2116667,0.3,1.2055,-0.0135,22.834,0.657333333,34.44530282,0.053271,1,772.3906546,103,"3","C3-T7-H26",-4.437854817,-130.4595,34.52752,-Inf,0,8.07007726173381,24.5837557719069,0
"963",">2","ct1_t1_h28","Amphipoda",0,0,12.2198962073903,12219.8962073903,0.533386672000533,17.38964375,23.8663625,65.336625,32.97244375,0.013,59.8,0.207,0.26435,361.5505,43.67766667,0.370333333,1.022333333,0.021666667,39.707,2.921366667,44.12433944,112.6,0,602.6631245,5,"T1","CT1-T1-H28",-2.054216937,-128.5755,34.96055,-Inf,0,9.4108207390226,6.51792977025187,0
"964",">2","ct1_t1_h28","Calanoida",0.737743477966231,737.743477966231,12.2198962073903,12219.8962073903,0.934379152200934,17.38964375,23.8663625,65.336625,32.97244375,0.013,59.8,0.207,0.26435,361.5505,43.67766667,0.370333333,1.022333333,0.021666667,39.707,2.921366667,44.12433944,112.6,0,602.6631245,5,"T1","CT1-T1-H28",-2.054216937,-128.5755,34.96055,6.60359617334511,0.689332125483855,9.4108207390226,11.4180162582448,0.06037231948992
"965",">2","ct1_t1_h28","Chaetognatha",0.370609827080287,370.609827080287,12.2198962073903,12219.8962073903,0.540899160338569,17.38964375,23.8663625,65.336625,32.97244375,0.013,59.8,0.207,0.26435,361.5505,43.67766667,0.370333333,1.022333333,0.021666667,39.707,2.921366667,44.12433944,112.6,0,602.6631245,5,"T1","CT1-T1-H28",-2.054216937,-128.5755,34.96055,5.91514983017613,0.200462544280949,9.4108207390226,6.6097315980019,0.0303283940215589
"966",">2","ct1_t1_h28","Copepoda<Maxillopoda",0.913601907505083,913.601907505083,12.2198962073903,12219.8962073903,0.6588894183536,17.38964375,23.8663625,65.336625,32.97244375,0.013,59.8,0.207,0.26435,361.5505,43.67766667,0.370333333,1.022333333,0.021666667,39.707,2.921366667,44.12433944,112.6,0,602.6631245,5,"T1","CT1-T1-H28",-2.054216937,-128.5755,34.96055,6.81739492679918,0.601962629442764,9.4108207390226,8.05156030442878,0.074763475237421
"967",">2","ct1_t1_h28","Eucalanidae",0.535772197874146,535.772197874146,12.2198962073903,12219.8962073903,0.4000400040004,17.38964375,23.8663625,65.336625,32.97244375,0.013,59.8,0.207,0.26435,361.5505,43.67766667,0.370333333,1.022333333,0.021666667,39.707,2.921366667,44.12433944,112.6,0,602.6631245,5,"T1","CT1-T1-H28",-2.054216937,-128.5755,34.96055,6.28370906676487,0.214330312180877,9.4108207390226,4.8884473276889,0.0438442511115702
"968",">2","ct1_t1_h28","Eumalacostraca",7.16545796913594,7165.45796913594,12.2198962073903,12219.8962073903,0.72007200720072,17.38964375,23.8663625,65.336625,32.97244375,0.013,59.8,0.207,0.26435,361.5505,43.67766667,0.370333333,1.022333333,0.021666667,39.707,2.921366667,44.12433944,112.6,0,602.6631245,5,"T1","CT1-T1-H28",-2.054216937,-128.5755,34.96055,8.87702725575431,5.15964570234811,9.4108207390226,8.79920518984003,0.586376336388391
"969",">2","ct1_t1_h28","Euphausiacea",0.319995019010805,319.995019010805,12.2198962073903,12219.8962073903,0.628634292000629,17.38964375,23.8663625,65.336625,32.97244375,0.013,59.8,0.207,0.26435,361.5505,43.67766667,0.370333333,1.022333333,0.021666667,39.707,2.921366667,44.12433944,112.6,0,602.6631245,5,"T1","CT1-T1-H28",-2.054216937,-128.5755,34.96055,5.76830543008139,0.201159842219585,9.4108207390226,7.68184580065399,0.0261863941869881
"970",">2","ct1_t1_h28","Hydrozoa",0.414433505589381,414.433505589381,12.2198962073903,12219.8962073903,0.457188576000457,17.38964375,23.8663625,65.336625,32.97244375,0.013,59.8,0.207,0.26435,361.5505,43.67766667,0.370333333,1.022333333,0.021666667,39.707,2.921366667,44.12433944,112.6,0,602.6631245,5,"T1","CT1-T1-H28",-2.054216937,-128.5755,34.96055,6.02691254093305,0.189474264267286,9.4108207390226,5.58679694593018,0.0339146502192662
"971",">2","ct1_t1_h28","Ostracoda",0.134291305036277,134.291305036277,12.2198962073903,12219.8962073903,0.666733340000667,17.38964375,23.8663625,65.336625,32.97244375,0.013,59.8,0.207,0.26435,361.5505,43.67766667,0.370333333,1.022333333,0.021666667,39.707,2.921366667,44.12433944,112.6,0,602.6631245,5,"T1","CT1-T1-H28",-2.054216937,-128.5755,34.96055,4.90001135859097,0.0895364903398852,9.4108207390226,8.14741221281484,0.0109895618389181
"972",">2","ct1_t1_h28","Tomopteridae",0,0,12.2198962073903,12219.8962073903,1.38013801380138,17.38964375,23.8663625,65.336625,32.97244375,0.013,59.8,0.207,0.26435,361.5505,43.67766667,0.370333333,1.022333333,0.021666667,39.707,2.921366667,44.12433944,112.6,0,602.6631245,5,"T1","CT1-T1-H28",-2.054216937,-128.5755,34.96055,-Inf,0,9.4108207390226,16.8651432805267,0
"973",">2","ct1_t1_h28","Velella",0,0,12.2198962073903,12219.8962073903,0.4000400040004,17.38964375,23.8663625,65.336625,32.97244375,0.013,59.8,0.207,0.26435,361.5505,43.67766667,0.370333333,1.022333333,0.021666667,39.707,2.921366667,44.12433944,112.6,0,602.6631245,5,"T1","CT1-T1-H28",-2.054216937,-128.5755,34.96055,-Inf,0,9.4108207390226,4.8884473276889,0
"974",">2","ct1_t1_h28","multiple organisms",0,0,12.2198962073903,12219.8962073903,0.903883491797456,17.38964375,23.8663625,65.336625,32.97244375,0.013,59.8,0.207,0.26435,361.5505,43.67766667,0.370333333,1.022333333,0.021666667,39.707,2.921366667,44.12433944,112.6,0,602.6631245,5,"T1","CT1-T1-H28",-2.054216937,-128.5755,34.96055,-Inf,0,9.4108207390226,11.0453624533385,0
"975",">2","ct1_t1_h28","other<living",0,0,12.2198962073903,12219.8962073903,1.0678845662344,17.38964375,23.8663625,65.336625,32.97244375,0.013,59.8,0.207,0.26435,361.5505,43.67766667,0.370333333,1.022333333,0.021666667,39.707,2.921366667,44.12433944,112.6,0,602.6631245,5,"T1","CT1-T1-H28",-2.054216937,-128.5755,34.96055,-Inf,0,9.4108207390226,13.0494385608584,0
"976",">2","ct1_t1_h28","part<Crustacea",0,0,12.2198962073903,12219.8962073903,0.6000600060006,17.38964375,23.8663625,65.336625,32.97244375,0.013,59.8,0.207,0.26435,361.5505,43.67766667,0.370333333,1.022333333,0.021666667,39.707,2.921366667,44.12433944,112.6,0,602.6631245,5,"T1","CT1-T1-H28",-2.054216937,-128.5755,34.96055,-Inf,0,9.4108207390226,7.33267099153336,0
"977",">2","ct1_t1_h28","tetrazoid",1.62799099819219,1627.99099819219,12.2198962073903,12219.8962073903,0.45004500450045,17.38964375,23.8663625,65.336625,32.97244375,0.013,59.8,0.207,0.26435,361.5505,43.67766667,0.370333333,1.022333333,0.021666667,39.707,2.921366667,44.12433944,112.6,0,602.6631245,5,"T1","CT1-T1-H28",-2.054216937,-128.5755,34.96055,7.39510201718122,0.732669216108097,9.4108207390226,5.49950324365002,0.133224617505967
"978",">2","ct1_t2_h29","Calanoida",0.600363162972543,600.363162972543,3.80385827374015,3803.85827374015,0.618243642546073,18.16554375,23.51706875,68.402375,32.7602,0.0065,80.1,-0.06,0.0202625,312.9815,70.47466667,0.3345,1.135,0.0035,58.565,0.948566667,49.90714574,0.1229,1,524.1840843,11,"T1","CT1-T2-H29",-3.394650309,-127.5728,35.0498,6.39753474373406,0.371170708726627,8.24377116580511,2.35171119488612,0.157830055635126
"979",">2","ct1_t2_h29","Cephalopoda",0,0,3.80385827374015,3803.85827374015,0.8000800080008,18.16554375,23.51706875,68.402375,32.7602,0.0065,80.1,-0.06,0.0202625,312.9815,70.47466667,0.3345,1.135,0.0035,58.565,0.948566667,49.90714574,0.1229,1,524.1840843,11,"T1","CT1-T2-H29",-3.394650309,-127.5728,35.0498,-Inf,0,8.24377116580511,3.04339095808793,0
"980",">2","ct1_t2_h29","Chaetognatha",0.124610317753239,124.610317753239,3.80385827374015,3803.85827374015,0.475519250038211,18.16554375,23.51706875,68.402375,32.7602,0.0065,80.1,-0.06,0.0202625,312.9815,70.47466667,0.3345,1.135,0.0035,58.565,0.948566667,49.90714574,0.1229,1,524.1840843,11,"T1","CT1-T2-H29",-3.394650309,-127.5728,35.0498,4.82519140993338,0.0592546048450436,8.24377116580511,1.80880783358056,0.0327589275903059
"981",">2","ct1_t2_h29","Copepoda<Maxillopoda",0.393103187568894,393.103187568894,3.80385827374015,3803.85827374015,1.07510751075108,18.16554375,23.51706875,68.402375,32.7602,0.0065,80.1,-0.06,0.0202625,312.9815,70.47466667,0.3345,1.135,0.0035,58.565,0.948566667,49.90714574,0.1229,1,524.1840843,11,"T1","CT1-T2-H29",-3.394650309,-127.5728,35.0498,5.97407214119396,0.422628189455507,8.24377116580511,4.08955659993065,0.103343279186471
"982",">2","ct1_t2_h29","Eucalanidae",0.0951891501665929,95.1891501665929,3.80385827374015,3803.85827374015,0.8000800080008,18.16554375,23.51706875,68.402375,32.7602,0.0065,80.1,-0.06,0.0202625,312.9815,70.47466667,0.3345,1.135,0.0035,58.565,0.948566667,49.90714574,0.1229,1,524.1840843,11,"T1","CT1-T2-H29",-3.394650309,-127.5728,35.0498,4.55586596646407,0.076158936026877,8.24377116580511,3.04339095808793,0.0250243682378308
"983",">2","ct1_t2_h29","Eumalacostraca",1.78600160240448,1786.00160240448,3.80385827374015,3803.85827374015,0.4000400040004,18.16554375,23.51706875,68.402375,32.7602,0.0065,80.1,-0.06,0.0202625,312.9815,70.47466667,0.3345,1.135,0.0035,58.565,0.948566667,49.90714574,0.1229,1,524.1840843,11,"T1","CT1-T2-H29",-3.394650309,-127.5728,35.0498,7.487734658639,0.71447208817061,8.24377116580511,1.52169547904396,0.469523697750283
"984",">2","ct1_t2_h29","Hydrozoa",0.689890567192296,689.890567192296,3.80385827374015,3803.85827374015,0.485762862000486,18.16554375,23.51706875,68.402375,32.7602,0.0065,80.1,-0.06,0.0202625,312.9815,70.47466667,0.3345,1.135,0.0035,58.565,0.948566667,49.90714574,0.1229,1,524.1840843,11,"T1","CT1-T2-H29",-3.394650309,-127.5728,35.0498,6.53653298674123,0.335123216386468,8.24377116580511,1.84777308169624,0.181366001976188
"985",">2","ct1_t2_h29","Ostracoda",0.114700285682097,114.700285682097,3.80385827374015,3803.85827374015,0.4000400040004,18.16554375,23.51706875,68.402375,32.7602,0.0065,80.1,-0.06,0.0202625,312.9815,70.47466667,0.3345,1.135,0.0035,58.565,0.948566667,49.90714574,0.1229,1,524.1840843,11,"T1","CT1-T2-H29",-3.394650309,-127.5728,35.0498,4.74232251482182,0.0458847027431131,8.24377116580511,1.52169547904396,0.0301536696237943
"986",">2","ct1_t2_h29","Tomopteridae",0,0,3.80385827374015,3803.85827374015,0.514337148000514,18.16554375,23.51706875,68.402375,32.7602,0.0065,80.1,-0.06,0.0202625,312.9815,70.47466667,0.3345,1.135,0.0035,58.565,0.948566667,49.90714574,0.1229,1,524.1840843,11,"T1","CT1-T2-H29",-3.394650309,-127.5728,35.0498,-Inf,0,8.24377116580511,1.95646561591367,0
"987",">2","ct1_t2_h29","cypris",0,0,3.80385827374015,3803.85827374015,0.4000400040004,18.16554375,23.51706875,68.402375,32.7602,0.0065,80.1,-0.06,0.0202625,312.9815,70.47466667,0.3345,1.135,0.0035,58.565,0.948566667,49.90714574,0.1229,1,524.1840843,11,"T1","CT1-T2-H29",-3.394650309,-127.5728,35.0498,-Inf,0,8.24377116580511,1.52169547904396,0
"988",">2","ct1_t2_h29","multiple organisms",0,0,3.80385827374015,3803.85827374015,1.43650728709235,18.16554375,23.51706875,68.402375,32.7602,0.0065,80.1,-0.06,0.0202625,312.9815,70.47466667,0.3345,1.135,0.0035,58.565,0.948566667,49.90714574,0.1229,1,524.1840843,11,"T1","CT1-T2-H29",-3.394650309,-127.5728,35.0498,-Inf,0,8.24377116580511,5.46427012929423,0
"989",">2","ct1_t2_h29","other<living",0,0,3.80385827374015,3803.85827374015,1.000100010001,18.16554375,23.51706875,68.402375,32.7602,0.0065,80.1,-0.06,0.0202625,312.9815,70.47466667,0.3345,1.135,0.0035,58.565,0.948566667,49.90714574,0.1229,1,524.1840843,11,"T1","CT1-T2-H29",-3.394650309,-127.5728,35.0498,-Inf,0,8.24377116580511,3.80423869760991,0
"990",">2","ct1_t2_h29","part<Crustacea",0,0,3.80385827374015,3803.85827374015,1.000100010001,18.16554375,23.51706875,68.402375,32.7602,0.0065,80.1,-0.06,0.0202625,312.9815,70.47466667,0.3345,1.135,0.0035,58.565,0.948566667,49.90714574,0.1229,1,524.1840843,11,"T1","CT1-T2-H29",-3.394650309,-127.5728,35.0498,-Inf,0,8.24377116580511,3.80423869760991,0
"991",">2","ct1_t3_h30","Chaetognatha",0.00623110935684104,6.23110935684105,0.296463950154641,296.463950154642,28.6645884840016,18.16806875,23.51549375,70.3971875,32.75895,0.0085,94.339,-0.073,0.00883125,258.4555,78.41433333,0.3345,1.0805,0.007,73.452,1.302366667,47.52148287,24.685,1,450.7865706,86,"T1","CT1-T3-H30",-3.727302931,-126.6352,35.02288,1.82955438385601,0.17861218551266,5.69192562640712,8.49801713152435,0.0210181013697982
"992",">2","ct1_t3_h30","Copepoda<Maxillopoda",0.10771883258077,107.71883258077,0.296463950154641,296.463950154642,57.3291769680032,18.16806875,23.51549375,70.3971875,32.75895,0.0085,94.339,-0.073,0.00883125,258.4555,78.41433333,0.3345,1.0805,0.007,73.452,1.302366667,47.52148287,24.685,1,450.7865706,86,"T1","CT1-T3-H30",-3.727302931,-126.6352,35.02288,4.67952443035004,6.17543201580964,5.69192562640712,16.9960342630487,0.363345467550376
"993",">2","ct1_t3_h30","Doliolida",0.0150583051357238,15.0583051357238,0.296463950154641,296.463950154642,57.3291769680032,18.16806875,23.51549375,70.3971875,32.75895,0.0085,94.339,-0.073,0.00883125,258.4555,78.41433333,0.3345,1.0805,0.007,73.452,1.302366667,47.52148287,24.685,1,450.7865706,86,"T1","CT1-T3-H30",-3.727302931,-126.6352,35.02288,2.71192967524996,0.8632802399641,5.69192562640712,16.9960342630487,0.0507930395175166
"994",">2","ct1_t3_h30","Hydrozoa",0.167455703081307,167.455703081307,0.296463950154641,296.463950154642,28.6645884840016,18.16806875,23.51549375,70.3971875,32.75895,0.0085,94.339,-0.073,0.00883125,258.4555,78.41433333,0.3345,1.0805,0.007,73.452,1.302366667,47.52148287,24.685,1,450.7865706,86,"T1","CT1-T3-H30",-3.727302931,-126.6352,35.02288,5.12071885707354,4.80004881812482,5.69192562640712,8.49801713152435,0.564843391562309
"995",">2","ct1_t3_h30","Tomopteridae",0,0,0.296463950154641,296.463950154642,28.6645884840016,18.16806875,23.51549375,70.3971875,32.75895,0.0085,94.339,-0.073,0.00883125,258.4555,78.41433333,0.3345,1.0805,0.007,73.452,1.302366667,47.52148287,24.685,1,450.7865706,86,"T1","CT1-T3-H30",-3.727302931,-126.6352,35.02288,-Inf,0,5.69192562640712,8.49801713152435,0
"996",">2","ct1_t3_h30","multiple organisms",0,0,0.296463950154641,296.463950154642,33.074525173848,18.16806875,23.51549375,70.3971875,32.75895,0.0085,94.339,-0.073,0.00883125,258.4555,78.41433333,0.3345,1.0805,0.007,73.452,1.302366667,47.52148287,24.685,1,450.7865706,86,"T1","CT1-T3-H30",-3.727302931,-126.6352,35.02288,-Inf,0,5.69192562640712,9.8054043825281,0
"997",">2","ct1_t3_h30","other<living",0,0,0.296463950154641,296.463950154642,28.6645884840016,18.16806875,23.51549375,70.3971875,32.75895,0.0085,94.339,-0.073,0.00883125,258.4555,78.41433333,0.3345,1.0805,0.007,73.452,1.302366667,47.52148287,24.685,1,450.7865706,86,"T1","CT1-T3-H30",-3.727302931,-126.6352,35.02288,-Inf,0,5.69192562640712,8.49801713152435,0
"998",">2","ct1_t4_h31","Amphipoda",0,0,2.17923540760792,2179.23540760792,22.0932516178805,18.11386875,23.52309375,78.3553125,32.751575,0.01,81.135,-0.0975,0.04135,276.3005,58.56533333,0.331,0.9545,-0.0155,50.625,1.3489,43.3434391,39.938,0,353.6559397,84,"T1","CT1-T4-H31",-3.259153374,-125.5235,35.09508,-Inf,0,7.68672936380774,48.1463961948761,0
"999",">2","ct1_t4_h31","Cephalopoda",0,0,2.17923540760792,2179.23540760792,22.0932516178805,18.11386875,23.52309375,78.3553125,32.751575,0.01,81.135,-0.0975,0.04135,276.3005,58.56533333,0.331,0.9545,-0.0155,50.625,1.3489,43.3434391,39.938,0,353.6559397,84,"T1","CT1-T4-H31",-3.259153374,-125.5235,35.09508,-Inf,0,7.68672936380774,48.1463961948761,0
"1000",">2","ct1_t4_h31","Chaetognatha",0.216949541092515,216.949541092515,2.17923540760792,2179.23540760792,25.2848848289835,18.11386875,23.52309375,78.3553125,32.751575,0.01,81.135,-0.0975,0.04135,276.3005,58.56533333,0.331,0.9545,-0.0155,50.625,1.3489,43.3434391,39.938,0,353.6559397,84,"T1","CT1-T4-H31",-3.259153374,-125.5235,35.09508,5.3796647969737,5.48554416022506,7.68672936380774,55.1017162966092,0.0995530544039084
"1001",">2","ct1_t4_h31","Copepoda<Maxillopoda",0.16767998786798,167.67998786798,2.17923540760792,2179.23540760792,31.9137019620283,18.11386875,23.52309375,78.3553125,32.751575,0.01,81.135,-0.0975,0.04135,276.3005,58.56533333,0.331,0.9545,-0.0155,50.625,1.3489,43.3434391,39.938,0,353.6559397,84,"T1","CT1-T4-H31",-3.259153374,-125.5235,35.09508,5.12205732878045,5.35128915781523,7.68672936380774,69.5474693034985,0.0769444123762824
"1002",">2","ct1_t4_h31","Eucalanidae",0.221599978965313,221.599978965313,2.17923540760792,2179.23540760792,25.7759204969359,18.11386875,23.52309375,78.3553125,32.751575,0.01,81.135,-0.0975,0.04135,276.3005,58.56533333,0.331,0.9545,-0.0155,50.625,1.3489,43.3434391,39.938,0,353.6559397,84,"T1","CT1-T4-H31",-3.259153374,-125.5235,35.09508,5.40087385995125,5.71194343993258,7.68672936380774,56.1717986106095,0.101687031236592
"1003",">2","ct1_t4_h31","Eumalacostraca",0.79532743312361,795.32743312361,2.17923540760792,2179.23540760792,22.0932516178805,18.11386875,23.52309375,78.3553125,32.751575,0.01,81.135,-0.0975,0.04135,276.3005,58.56533333,0.331,0.9545,-0.0155,50.625,1.3489,43.3434391,39.938,0,353.6559397,84,"T1","CT1-T4-H31",-3.259153374,-125.5235,35.09508,6.67875389542528,17.5713690986029,7.68672936380774,48.1463961948761,0.364957099332658
"1004",">2","ct1_t4_h31","Hydrozoa",0.71510394074531,715.10394074531,2.17923540760792,2179.23540760792,27.0034767899544,18.11386875,23.52309375,78.3553125,32.751575,0.01,81.135,-0.0975,0.04135,276.3005,58.56533333,0.331,0.9545,-0.0155,50.625,1.3489,43.3434391,39.938,0,353.6559397,84,"T1","CT1-T4-H31",-3.259153374,-125.5235,35.09508,6.57242790380033,19.3102926663209,7.68672936380774,58.8469327491873,0.328144420859175
"1005",">2","ct1_t4_h31","Ostracoda",0.0625745258131926,62.5745258131926,2.17923540760792,2179.23540760792,22.0932516178805,18.11386875,23.52309375,78.3553125,32.751575,0.01,81.135,-0.0975,0.04135,276.3005,58.56533333,0.331,0.9545,-0.0155,50.625,1.3489,43.3434391,39.938,0,353.6559397,84,"T1","CT1-T4-H31",-3.259153374,-125.5235,35.09508,4.13635825939368,1.38247474366042,7.68672936380774,48.1463961948761,0.0287139817913838
"1006",">2","ct1_t4_h31","Tomopteridae",0,0,2.17923540760792,2179.23540760792,22.0932516178805,18.11386875,23.52309375,78.3553125,32.751575,0.01,81.135,-0.0975,0.04135,276.3005,58.56533333,0.331,0.9545,-0.0155,50.625,1.3489,43.3434391,39.938,0,353.6559397,84,"T1","CT1-T4-H31",-3.259153374,-125.5235,35.09508,-Inf,0,7.68672936380774,48.1463961948761,0
"1007",">2","ct1_t4_h31","cypris",0,0,2.17923540760792,2179.23540760792,36.8239271341023,18.11386875,23.52309375,78.3553125,32.751575,0.01,81.135,-0.0975,0.04135,276.3005,58.56533333,0.331,0.9545,-0.0155,50.625,1.3489,43.3434391,39.938,0,353.6559397,84,"T1","CT1-T4-H31",-3.259153374,-125.5235,35.09508,-Inf,0,7.68672936380774,80.2480058578097,0
"1008",">2","ct1_t4_h31","multiple organisms",0,0,2.17923540760792,2179.23540760792,31.0893080588012,18.11386875,23.52309375,78.3553125,32.751575,0.01,81.135,-0.0975,0.04135,276.3005,58.56533333,0.331,0.9545,-0.0155,50.625,1.3489,43.3434391,39.938,0,353.6559397,84,"T1","CT1-T4-H31",-3.259153374,-125.5235,35.09508,-Inf,0,7.68672936380774,67.7509209197697,0
"1009",">2","ct1_t4_h31","other<living",0,0,2.17923540760792,2179.23540760792,24.8553683461909,18.11386875,23.52309375,78.3553125,32.751575,0.01,81.135,-0.0975,0.04135,276.3005,58.56533333,0.331,0.9545,-0.0155,50.625,1.3489,43.3434391,39.938,0,353.6559397,84,"T1","CT1-T4-H31",-3.259153374,-125.5235,35.09508,-Inf,0,7.68672936380774,54.1656987691563,0
"1010",">2","ct1_t4_h31","part<Crustacea",0,0,2.17923540760792,2179.23540760792,22.0932516178805,18.11386875,23.52309375,78.3553125,32.751575,0.01,81.135,-0.0975,0.04135,276.3005,58.56533333,0.331,0.9545,-0.0155,50.625,1.3489,43.3434391,39.938,0,353.6559397,84,"T1","CT1-T4-H31",-3.259153374,-125.5235,35.09508,-Inf,0,7.68672936380774,48.1463961948761,0
"1011",">2","ct1_t5_h32","Amphipoda",0,0,1.24480877518809,1244.80877518809,64.2348364715355,17.41111875,23.60625,81.763,32.63924375,0.032,60.184,0.115333333,0.1357875,295.1365,44.66966667,0.364,1.203666667,0.021333333,40.7,2.300733333,40.373965,105.72,0,287.1546375,5,"T1","CT1-T5-H32",-2.057413352,-124.7213,35.11383,-Inf,0,7.12673720287557,79.9600881125394,0
"1012",">2","ct1_t5_h32","Calanoida",0.317132951838591,317.132951838591,1.24480877518809,1244.80877518809,64.2348364715355,17.41111875,23.60625,81.763,32.63924375,0.032,60.184,0.115333333,0.1357875,295.1365,44.66966667,0.364,1.203666667,0.021333333,40.7,2.300733333,40.373965,105.72,0,287.1546375,5,"T1","CT1-T5-H32",-2.057413352,-124.7213,35.11383,5.75932109238187,20.3709833010872,7.12673720287557,79.9600881125394,0.254764392860801
"1013",">2","ct1_t5_h32","Chaetognatha",0.0442839220361257,44.2839220361257,1.24480877518809,1244.80877518809,64.2348364715355,17.41111875,23.60625,81.763,32.63924375,0.032,60.184,0.115333333,0.1357875,295.1365,44.66966667,0.364,1.203666667,0.021333333,40.7,2.300733333,40.373965,105.72,0,287.1546375,5,"T1","CT1-T5-H32",-2.057413352,-124.7213,35.11383,3.79062167745294,2.84457049030876,7.12673720287557,79.9600881125394,0.0355748793861405
"1014",">2","ct1_t5_h32","Copepoda<Maxillopoda",0.312317752357214,312.317752357214,1.24480877518809,1244.80877518809,64.2348364715355,17.41111875,23.60625,81.763,32.63924375,0.032,60.184,0.115333333,0.1357875,295.1365,44.66966667,0.364,1.203666667,0.021333333,40.7,2.300733333,40.373965,105.72,0,287.1546375,5,"T1","CT1-T5-H32",-2.057413352,-124.7213,35.11383,5.74402110659667,20.0616797498232,7.12673720287557,79.9600881125394,0.250896168618367
"1015",">2","ct1_t5_h32","Eucalanidae",0.404782302108957,404.782302108957,1.24480877518809,1244.80877518809,64.2348364715355,17.41111875,23.60625,81.763,32.63924375,0.032,60.184,0.115333333,0.1357875,295.1365,44.66966667,0.364,1.203666667,0.021333333,40.7,2.300733333,40.373965,105.72,0,287.1546375,5,"T1","CT1-T5-H32",-2.057413352,-124.7213,35.11383,6.00334939693094,26.0011249825406,7.12673720287557,79.9600881125394,0.325176292276534
"1016",">2","ct1_t5_h32","Euphausiacea",0.0344009243545178,34.4009243545178,1.24480877518809,1244.80877518809,64.2348364715355,17.41111875,23.60625,81.763,32.63924375,0.032,60.184,0.115333333,0.1357875,295.1365,44.66966667,0.364,1.203666667,0.021333333,40.7,2.300733333,40.373965,105.72,0,287.1546375,5,"T1","CT1-T5-H32",-2.057413352,-124.7213,35.11383,3.53808343478921,2.20973775038212,7.12673720287557,79.9600881125394,0.0276355091964385
"1017",">2","ct1_t5_h32","Hydrozoa",0.131890922492685,131.890922492685,1.24480877518809,1244.80877518809,64.2348364715355,17.41111875,23.60625,81.763,32.63924375,0.032,60.184,0.115333333,0.1357875,295.1365,44.66966667,0.364,1.203666667,0.021333333,40.7,2.300733333,40.373965,105.72,0,287.1546375,5,"T1","CT1-T5-H32",-2.057413352,-124.7213,35.11383,4.88197523622296,8.4719918383976,7.12673720287557,79.9600881125394,0.105952757661719
"1018",">2","ct1_t5_h32","multiple organisms",0,0,1.24480877518809,1244.80877518809,64.2348364715355,17.41111875,23.60625,81.763,32.63924375,0.032,60.184,0.115333333,0.1357875,295.1365,44.66966667,0.364,1.203666667,0.021333333,40.7,2.300733333,40.373965,105.72,0,287.1546375,5,"T1","CT1-T5-H32",-2.057413352,-124.7213,35.11383,-Inf,0,7.12673720287557,79.9600881125394,0
"1019",">2","ct1_t5_h32","part<Crustacea",0,0,1.24480877518809,1244.80877518809,64.2348364715355,17.41111875,23.60625,81.763,32.63924375,0.032,60.184,0.115333333,0.1357875,295.1365,44.66966667,0.364,1.203666667,0.021333333,40.7,2.300733333,40.373965,105.72,0,287.1546375,5,"T1","CT1-T5-H32",-2.057413352,-124.7213,35.11383,-Inf,0,7.12673720287557,79.9600881125394,0
"1020",">2","ct1_t6_h33","Amphipoda",0,0,1.75042103176654,1750.42103176654,14.021414199967,17.67494737,23.63878421,73.37931422,32.76398421,0.004,89.237,-0.021333333,0.0678,286.213,55.58733333,0.339,1.184,0.008,47.647,1.4834,43.86420492,44.366,1,220.3050539,78,"T1","CT1-T6-H33",-2.808803596,-123.8861,35.15777,-Inf,0,7.46761162756141,24.5433783107322,0
"1021",">2","ct1_t6_h33","Calanoida",0.0721362797618419,72.1362797618419,1.75042103176654,1750.42103176654,55.0691042703703,17.67494737,23.63878421,73.37931422,32.76398421,0.004,89.237,-0.021333333,0.0678,286.213,55.58733333,0.339,1.184,0.008,47.647,1.4834,43.86420492,44.366,1,220.3050539,78,"T1","CT1-T6-H33",-2.808803596,-123.8861,35.15777,4.27855710444563,3.97248031188147,7.46761162756141,96.3941183154007,0.0412108163994358
"1022",">2","ct1_t6_h33","Chaetognatha",0.332952403787628,332.952403787628,1.75042103176654,1750.42103176654,18.2278384599571,17.67494737,23.63878421,73.37931422,32.76398421,0.004,89.237,-0.021333333,0.0678,286.213,55.58733333,0.339,1.184,0.008,47.647,1.4834,43.86420492,44.366,1,220.3050539,78,"T1","CT1-T6-H33",-2.808803596,-123.8861,35.15777,5.80799954819607,6.06900263109527,7.46761162756141,31.9063918039519,0.190212753243492
"1023",">2","ct1_t6_h33","Copepoda<Maxillopoda",0.0606078039855998,60.6078039855998,1.75042103176654,1750.42103176654,14.021414199967,17.67494737,23.63878421,73.37931422,32.76398421,0.004,89.237,-0.021333333,0.0678,286.213,55.58733333,0.339,1.184,0.008,47.647,1.4834,43.86420492,44.366,1,220.3050539,78,"T1","CT1-T6-H33",-2.808803596,-123.8861,35.15777,4.10442366342427,0.849807123432504,7.46761162756141,24.5433783107322,0.0346247005067312
"1024",">2","ct1_t6_h33","Doliolida",0.0113636686483163,11.3636686483163,1.75042103176654,1750.42103176654,14.021414199967,17.67494737,23.63878421,73.37931422,32.76398421,0.004,89.237,-0.021333333,0.0678,286.213,55.58733333,0.339,1.184,0.008,47.647,1.4834,43.86420492,44.366,1,220.3050539,78,"T1","CT1-T6-H33",-2.808803596,-123.8861,35.15777,2.43042130555173,0.159334704949222,7.46761162756141,24.5433783107322,0.00649196304322738
"1025",">2","ct1_t6_h33","Eucalanidae",0.377669979307078,377.669979307078,1.75042103176654,1750.42103176654,19.2233588681547,17.67494737,23.63878421,73.37931422,32.76398421,0.004,89.237,-0.021333333,0.0678,286.213,55.58733333,0.339,1.184,0.008,47.647,1.4834,43.86420492,44.366,1,220.3050539,78,"T1","CT1-T6-H33",-2.808803596,-123.8861,35.15777,5.93402074365526,7.26008554594853,7.46761162756141,33.6489716640138,0.21575950725748
"1026",">2","ct1_t6_h33","Euphausiacea",0.0122016148021295,12.2016148021295,1.75042103176654,1750.42103176654,40.0311375409057,17.67494737,23.63878421,73.37931422,32.76398421,0.004,89.237,-0.021333333,0.0678,286.213,55.58733333,0.339,1.184,0.008,47.647,1.4834,43.86420492,44.366,1,220.3050539,78,"T1","CT1-T6-H33",-2.808803596,-123.8861,35.15777,2.50156830381057,0.488444520365195,7.46761162756141,70.0713450771404,0.00697067424390776
"1027",">2","ct1_t6_h33","Hydrozoa",0.413722512498566,413.722512498566,1.75042103176654,1750.42103176654,24.2833367175678,17.67494737,23.63878421,73.37931422,32.76398421,0.004,89.237,-0.021333333,0.0678,286.213,55.58733333,0.339,1.184,0.008,47.647,1.4834,43.86420492,44.366,1,220.3050539,78,"T1","CT1-T6-H33",-2.808803596,-123.8861,35.15777,6.02519548943558,10.0465630786408,7.46761162756141,42.5060633118993,0.236355999494038
"1028",">2","ct1_t6_h33","Ostracoda",0.0970088902485998,97.0088902485998,1.75042103176654,1750.42103176654,14.021414199967,17.67494737,23.63878421,73.37931422,32.76398421,0.004,89.237,-0.021333333,0.0678,286.213,55.58733333,0.339,1.184,0.008,47.647,1.4834,43.86420492,44.366,1,220.3050539,78,"T1","CT1-T6-H33",-2.808803596,-123.8861,35.15777,4.57480262635101,1.36020183125476,7.46761162756141,24.5433783107322,0.0554203180195439
"1029",">2","ct1_t6_h33","Salpida",0.220044830581886,220.044830581886,1.75042103176654,1750.42103176654,22.6913219802799,17.67494737,23.63878421,73.37931422,32.76398421,0.004,89.237,-0.021333333,0.0678,286.213,55.58733333,0.339,1.184,0.008,47.647,1.4834,43.86420492,44.366,1,220.3050539,78,"T1","CT1-T6-H33",-2.808803596,-123.8861,35.15777,5.39383130096519,4.99310810082972,7.46761162756141,39.7193672328683,0.125709658755537
"1030",">2","ct1_t6_h33","Tomopteridae",0,0,1.75042103176654,1750.42103176654,20.5238450352017,17.67494737,23.63878421,73.37931422,32.76398421,0.004,89.237,-0.021333333,0.0678,286.213,55.58733333,0.339,1.184,0.008,47.647,1.4834,43.86420492,44.366,1,220.3050539,78,"T1","CT1-T6-H33",-2.808803596,-123.8861,35.15777,-Inf,0,7.46761162756141,35.9253700023342,0
"1031",">2","ct1_t6_h33","multiple organisms",0,0,1.75042103176654,1750.42103176654,27.4819718319353,17.67494737,23.63878421,73.37931422,32.76398421,0.004,89.237,-0.021333333,0.0678,286.213,55.58733333,0.339,1.184,0.008,47.647,1.4834,43.86420492,44.366,1,220.3050539,78,"T1","CT1-T6-H33",-2.808803596,-123.8861,35.15777,-Inf,0,7.46761162756141,48.1050214890351,0
"1032",">2","ct1_t6_h33","nauplii<Cirripedia",0,0,1.75042103176654,1750.42103176654,40.0311375409057,17.67494737,23.63878421,73.37931422,32.76398421,0.004,89.237,-0.021333333,0.0678,286.213,55.58733333,0.339,1.184,0.008,47.647,1.4834,43.86420492,44.366,1,220.3050539,78,"T1","CT1-T6-H33",-2.808803596,-123.8861,35.15777,-Inf,0,7.46761162756141,70.0713450771404,0
"1033",">2","ct1_t6_h33","other<living",0,0,1.75042103176654,1750.42103176654,19.9651793131717,17.67494737,23.63878421,73.37931422,32.76398421,0.004,89.237,-0.021333333,0.0678,286.213,55.58733333,0.339,1.184,0.008,47.647,1.4834,43.86420492,44.366,1,220.3050539,78,"T1","CT1-T6-H33",-2.808803596,-123.8861,35.15777,-Inf,0,7.46761162756141,34.947469772766,0
"1034",">2","ct1_t6_h33","part<Crustacea",0,0,1.75042103176654,1750.42103176654,19.4802056828178,17.67494737,23.63878421,73.37931422,32.76398421,0.004,89.237,-0.021333333,0.0678,286.213,55.58733333,0.339,1.184,0.008,47.647,1.4834,43.86420492,44.366,1,220.3050539,78,"T1","CT1-T6-H33",-2.808803596,-123.8861,35.15777,-Inf,0,7.46761162756141,34.0985617303423,0
"1035",">2","ct1_t6_h33","tetrazoid",0.152713048144894,152.713048144894,1.75042103176654,1750.42103176654,14.021414199967,17.67494737,23.63878421,73.37931422,32.76398421,0.004,89.237,-0.021333333,0.0678,286.213,55.58733333,0.339,1.184,0.008,47.647,1.4834,43.86420492,44.366,1,220.3050539,78,"T1","CT1-T6-H33",-2.808803596,-123.8861,35.15777,5.02856065811487,2.14125290177906,7.46761162756141,24.5433783107322,0.087243609036607
"1036",">2","ct1_t7_h34","Amphipoda",0,0,13.6997598218036,13699.7598218036,25.6833930521718,16.22978889,24.64262778,71.93337769,33.63152222,0.18025,5.198,4.7105,0.991344444,272.3325,44.66933333,0.55525,2.63575,0.1955,8.935,1.644233333,49.89389011,61.179,1,164.3233095,55,"T1","CT1-T7-H34",1.021747674,-123.1012,35.20463,-Inf,0,9.52513358040733,351.856316223733,0
"1037",">2","ct1_t7_h34","Calanoida",0.201225988934755,201.225988934755,13.6997598218036,13699.7598218036,31.3908137304322,16.22978889,24.64262778,71.93337769,33.63152222,0.18025,5.198,4.7105,0.991344444,272.3325,44.66933333,0.55525,2.63575,0.1955,8.935,1.644233333,49.89389011,61.179,1,164.3233095,55,"T1","CT1-T7-H34",1.021747674,-123.1012,35.20463,5.30442859953974,6.31664753637291,9.52513358040733,430.046608717896,0.0146882858934868
"1038",">2","ct1_t7_h34","Chaetognatha",0.373288401282641,373.288401282641,13.6997598218036,13699.7598218036,31.0525506514405,16.22978889,24.64262778,71.93337769,33.63152222,0.18025,5.198,4.7105,0.991344444,272.3325,44.66933333,0.55525,2.63575,0.1955,8.935,1.644233333,49.89389011,61.179,1,164.3233095,55,"T1","CT1-T7-H34",1.021747674,-123.1012,35.20463,5.92235131467073,11.5915569884245,9.52513358040733,425.412485779126,0.027247806249022
"1039",">2","ct1_t7_h34","Copepoda<Maxillopoda",0.569479183974759,569.479183974759,13.6997598218036,13699.7598218036,37.7670727694262,16.22978889,24.64262778,71.93337769,33.63152222,0.18025,5.198,4.7105,0.991344444,272.3325,44.66933333,0.55525,2.63575,0.1955,8.935,1.644233333,49.89389011,61.179,1,164.3233095,55,"T1","CT1-T7-H34",1.021747674,-123.1012,35.20463,6.34472223081405,21.5075617818482,9.52513358040733,517.399826113719,0.0415685523966935
"1040",">2","ct1_t7_h34","Doliolida",0.0863595701593253,86.3595701593253,13.6997598218036,13699.7598218036,26.4859990850522,16.22978889,24.64262778,71.93337769,33.63152222,0.18025,5.198,4.7105,0.991344444,272.3325,44.66933333,0.55525,2.63575,0.1955,8.935,1.644233333,49.89389011,61.179,1,164.3233095,55,"T1","CT1-T7-H34",1.021747674,-123.1012,35.20463,4.4585196283221,2.28731949622539,9.52513358040733,362.851826105725,0.00630372877208266
"1041",">2","ct1_t7_h34","Eucalanidae",0.854319519343214,854.319519343214,13.6997598218036,13699.7598218036,35.3146654467362,16.22978889,24.64262778,71.93337769,33.63152222,0.18025,5.198,4.7105,0.991344444,272.3325,44.66933333,0.55525,2.63575,0.1955,8.935,1.644233333,49.89389011,61.179,1,164.3233095,55,"T1","CT1-T7-H34",1.021747674,-123.1012,35.20463,6.75030526824399,30.1700080102221,9.52513358040733,483.802434807633,0.0623601822554244
"1042",">2","ct1_t7_h34","Eumalacostraca",6.93142345848204,6931.42345848204,13.6997598218036,13699.7598218036,23.5431102978242,16.22978889,24.64262778,71.93337769,33.63152222,0.18025,5.198,4.7105,0.991344444,272.3325,44.66933333,0.55525,2.63575,0.1955,8.935,1.644233333,49.89389011,61.179,1,164.3233095,55,"T1","CT1-T7-H34",1.021747674,-123.1012,35.20463,8.84382047635554,163.187267003968,9.52513358040733,322.534956538422,0.505952188114309
"1043",">2","ct1_t7_h34","Euphausiacea",0.0333857621880903,33.3857621880903,13.6997598218036,13699.7598218036,47.0862205956483,16.22978889,24.64262778,71.93337769,33.63152222,0.18025,5.198,4.7105,0.991344444,272.3325,44.66933333,0.55525,2.63575,0.1955,8.935,1.644233333,49.89389011,61.179,1,164.3233095,55,"T1","CT1-T7-H34",1.021747674,-123.1012,35.20463,3.50812952730504,1.57200936314228,9.52513358040733,645.069913076844,0.00243695967099772
"1044",">2","ct1_t7_h34","Hydrozoa",0.977128052276951,977.128052276951,13.6997598218036,13699.7598218036,33.2546432956766,16.22978889,24.64262778,71.93337769,33.63152222,0.18025,5.198,4.7105,0.991344444,272.3325,44.66933333,0.55525,2.63575,0.1955,8.935,1.644233333,49.89389011,61.179,1,164.3233095,55,"T1","CT1-T7-H34",1.021747674,-123.1012,35.20463,6.88461771026794,32.4940448326693,9.52513358040733,455.580626110521,0.0713244659020825
"1045",">2","ct1_t7_h34","Salpida",0.165135200808758,165.135200808758,13.6997598218036,13699.7598218036,35.3146654467362,16.22978889,24.64262778,71.93337769,33.63152222,0.18025,5.198,4.7105,0.991344444,272.3325,44.66933333,0.55525,2.63575,0.1955,8.935,1.644233333,49.89389011,61.179,1,164.3233095,55,"T1","CT1-T7-H34",1.021747674,-123.1012,35.20463,5.10676453721758,5.83169437004089,9.52513358040733,483.802434807633,0.0120538756121797
"1046",">2","ct1_t7_h34","Tomopteridae",0,0,13.6997598218036,13699.7598218036,35.3146654467362,16.22978889,24.64262778,71.93337769,33.63152222,0.18025,5.198,4.7105,0.991344444,272.3325,44.66933333,0.55525,2.63575,0.1955,8.935,1.644233333,49.89389011,61.179,1,164.3233095,55,"T1","CT1-T7-H34",1.021747674,-123.1012,35.20463,-Inf,0,9.52513358040733,483.802434807633,0
"1047",">2","ct1_t7_h34","multiple organisms",0,0,13.6997598218036,13699.7598218036,66.9269869353469,16.22978889,24.64262778,71.93337769,33.63152222,0.18025,5.198,4.7105,0.991344444,272.3325,44.66933333,0.55525,2.63575,0.1955,8.935,1.644233333,49.89389011,61.179,1,164.3233095,55,"T1","CT1-T7-H34",1.021747674,-123.1012,35.20463,-Inf,0,9.52513358040733,916.88364661124,0
"1048",">2","ct1_t7_h34","other<living",0,0,13.6997598218036,13699.7598218036,26.3458615237556,16.22978889,24.64262778,71.93337769,33.63152222,0.18025,5.198,4.7105,0.991344444,272.3325,44.66933333,0.55525,2.63575,0.1955,8.935,1.644233333,49.89389011,61.179,1,164.3233095,55,"T1","CT1-T7-H34",1.021747674,-123.1012,35.20463,-Inf,0,9.52513358040733,360.931975173949,0
"1049",">2","ct1_t7_h34","part<Crustacea",0,0,13.6997598218036,13699.7598218036,25.8214758105168,16.22978889,24.64262778,71.93337769,33.63152222,0.18025,5.198,4.7105,0.991344444,272.3325,44.66933333,0.55525,2.63575,0.1955,8.935,1.644233333,49.89389011,61.179,1,164.3233095,55,"T1","CT1-T7-H34",1.021747674,-123.1012,35.20463,-Inf,0,9.52513358040733,353.748016848592,0
"1050",">2","ct1_t7_h34","tetrazoid",3.50801468435308,3508.01468435308,13.6997598218036,13699.7598218036,24.327880641085,16.22978889,24.64262778,71.93337769,33.63152222,0.18025,5.198,4.7105,0.991344444,272.3325,44.66933333,0.55525,2.63575,0.1955,8.935,1.644233333,49.89389011,61.179,1,164.3233095,55,"T1","CT1-T7-H34",1.021747674,-123.1012,35.20463,8.16280553944485,85.342562528115,9.52513358040733,333.286121756369,0.256063955133721
"1051",">2","ct1_t8_h35","Calanoida",0.356809572127078,356.809572127078,10.3008567765841,10300.8567765841,116.675293554425,16.601525,24.4496125,62.516375,33.49135,0.13575,34.766,1.831,1.00973125,211.846,24.81766667,0.41225,2.2655,0.52375,19.854,1.631833333,30.76237143,8.3863,0,119.4843272,10,"T1","CT1-T8-H35",1.240985634,-122.3004,35.1785,5.87720222805642,41.6308615709556,9.23998235295091,1201.85548827004,0.0346388246983667
"1052",">2","ct1_t8_h35","Chaetognatha",0.0374124703454594,37.4124703454594,10.3008567765841,10300.8567765841,114.023582337279,16.601525,24.4496125,62.516375,33.49135,0.13575,34.766,1.831,1.00973125,211.846,24.81766667,0.41225,2.2655,0.52375,19.854,1.631833333,30.76237143,8.3863,0,119.4843272,10,"T1","CT1-T8-H35",1.240985634,-122.3004,35.1785,3.62200408054127,4.2659038928765,9.23998235295091,1174.54059080935,0.00363197655854273
"1053",">2","ct1_t8_h35","Copepoda<Maxillopoda",0.237000920977489,237.000920977489,10.3008567765841,10300.8567765841,116.675293554425,16.601525,24.4496125,62.516375,33.49135,0.13575,34.766,1.831,1.00973125,211.846,24.81766667,0.41225,2.2655,0.52375,19.854,1.631833333,30.76237143,8.3863,0,119.4843272,10,"T1","CT1-T8-H35",1.240985634,-122.3004,35.1785,5.46806402710855,27.6521520277177,9.23998235295091,1201.85548827004,0.0230078843068899
"1054",">2","ct1_t8_h35","Eucalanidae",0.217191502683633,217.191502683633,10.3008567765841,10300.8567765841,116.675293554425,16.601525,24.4496125,62.516375,33.49135,0.13575,34.766,1.831,1.00973125,211.846,24.81766667,0.41225,2.2655,0.52375,19.854,1.631833333,30.76237143,8.3863,0,119.4843272,10,"T1","CT1-T8-H35",1.240985634,-122.3004,35.1785,5.38077946521177,25.3408823331396,9.23998235295091,1201.85548827004,0.0210847997787285
"1055",">2","ct1_t8_h35","Eumalacostraca",8.26337526733205,8263.37526733205,10.3008567765841,10300.8567765841,116.675293554425,16.601525,24.4496125,62.516375,33.49135,0.13575,34.766,1.831,1.00973125,211.846,24.81766667,0.41225,2.2655,0.52375,19.854,1.631833333,30.76237143,8.3863,0,119.4843272,10,"T1","CT1-T8-H35",1.240985634,-122.3004,35.1785,9.01958841105564,964.131735066342,9.23998235295091,1201.85548827004,0.802202714449575
"1056",">2","ct1_t8_h35","Euphausiacea",0.668209419384067,668.209419384067,10.3008567765841,10300.8567765841,116.675293554425,16.601525,24.4496125,62.516375,33.49135,0.13575,34.766,1.831,1.00973125,211.846,24.81766667,0.41225,2.2655,0.52375,19.854,1.631833333,30.76237143,8.3863,0,119.4843272,10,"T1","CT1-T8-H35",1.240985634,-122.3004,35.1785,6.5046016264771,77.963530162468,9.23998235295091,1201.85548827004,0.0648693049400553
"1057",">2","ct1_t8_h35","Tomopteridae",0,0,10.3008567765841,10300.8567765841,116.675293554425,16.601525,24.4496125,62.516375,33.49135,0.13575,34.766,1.831,1.00973125,211.846,24.81766667,0.41225,2.2655,0.52375,19.854,1.631833333,30.76237143,8.3863,0,119.4843272,10,"T1","CT1-T8-H35",1.240985634,-122.3004,35.1785,-Inf,0,9.23998235295091,1201.85548827004,0
"1058",">2","ct1_t8_h35","multiple organisms",0,0,10.3008567765841,10300.8567765841,112.299970046134,16.601525,24.4496125,62.516375,33.49135,0.13575,34.766,1.831,1.00973125,211.846,24.81766667,0.41225,2.2655,0.52375,19.854,1.631833333,30.76237143,8.3863,0,119.4843272,10,"T1","CT1-T8-H35",1.240985634,-122.3004,35.1785,-Inf,0,9.23998235295091,1156.78590745991,0
"1059",">2","ct1_t8_h35","other<living",0,0,10.3008567765841,10300.8567765841,116.675293554425,16.601525,24.4496125,62.516375,33.49135,0.13575,34.766,1.831,1.00973125,211.846,24.81766667,0.41225,2.2655,0.52375,19.854,1.631833333,30.76237143,8.3863,0,119.4843272,10,"T1","CT1-T8-H35",1.240985634,-122.3004,35.1785,-Inf,0,9.23998235295091,1201.85548827004,0
"1060",">2","ct1_t8_h35","part<Crustacea",0,0,10.3008567765841,10300.8567765841,100.007394475222,16.601525,24.4496125,62.516375,33.49135,0.13575,34.766,1.831,1.00973125,211.846,24.81766667,0.41225,2.2655,0.52375,19.854,1.631833333,30.76237143,8.3863,0,119.4843272,10,"T1","CT1-T8-H35",1.240985634,-122.3004,35.1785,-Inf,0,9.23998235295091,1030.1618470886,0
"1061",">2","ct1_t8_h35","tetrazoid",0.5208576237343,520.8576237343,10.3008567765841,10300.8567765841,116.675293554425,16.601525,24.4496125,62.516375,33.49135,0.13575,34.766,1.831,1.00973125,211.846,24.81766667,0.41225,2.2655,0.52375,19.854,1.631833333,30.76237143,8.3863,0,119.4843272,10,"T1","CT1-T8-H35",1.240985634,-122.3004,35.1785,6.2554767294248,60.7712161492597,9.23998235295091,1201.85548827004,0.0505644952678416
"1062",">2","ct2_t1_h36","Calanoida",0.160689333136647,160.689333136647,1.96352128109725,1963.52128109725,66.1604006456861,15.831225,24.523775,70.634,33.3592625,0.188328994,24.13100104,6.475130769,2.00485,144.391,19.85366667,0.649509372,5.675964988,0.23236203,17.868,2.443066667,23.89114571,68.88,1,395.8283457,60,"T2","CT2-T1-H36",2.177361041,-121.6069,35.56327,5.07947289304597,10.6312706598087,7.58249471230781,129.907354633725,0.0818373269918681
"1063",">2","ct2_t1_h36","Chaetognatha",0.0223426290799332,22.3426290799332,1.96352128109725,1963.52128109725,66.1604006456861,15.831225,24.523775,70.634,33.3592625,0.188328994,24.13100104,6.475130769,2.00485,144.391,19.85366667,0.649509372,5.675964988,0.23236203,17.868,2.443066667,23.89114571,68.88,1,395.8283457,60,"T2","CT2-T1-H36",2.177361041,-121.6069,35.56327,3.10649647158393,1.47819729140634,7.58249471230781,129.907354633725,0.0113788576141369
"1064",">2","ct2_t1_h36","Copepoda<Maxillopoda",0.20544214688388,205.44214688388,1.96352128109725,1963.52128109725,66.1604006456861,15.831225,24.523775,70.634,33.3592625,0.188328994,24.13100104,6.475130769,2.00485,144.391,19.85366667,0.649509372,5.675964988,0.23236203,17.868,2.443066667,23.89114571,68.88,1,395.8283457,60,"T2","CT2-T1-H36",2.177361041,-121.6069,35.56327,5.32516447062164,13.5921347473474,7.58249471230781,129.907354633725,0.104629447544911
"1065",">2","ct2_t1_h36","Eucalanidae",0.574418671727977,574.418671727977,1.96352128109725,1963.52128109725,66.1604006456861,15.831225,24.523775,70.634,33.3592625,0.188328994,24.13100104,6.475130769,2.00485,144.391,19.85366667,0.649509372,5.675964988,0.23236203,17.868,2.443066667,23.89114571,68.88,1,395.8283457,60,"T2","CT2-T1-H36",2.177361041,-121.6069,35.56327,6.3533585236959,38.0037694598858,7.58249471230781,129.907354633725,0.292545172419513
"1066",">2","ct2_t1_h36","Eumalacostraca",0.822167625787981,822.167625787981,1.96352128109725,1963.52128109725,66.1604006456861,15.831225,24.523775,70.634,33.3592625,0.188328994,24.13100104,6.475130769,2.00485,144.391,19.85366667,0.649509372,5.675964988,0.23236203,17.868,2.443066667,23.89114571,68.88,1,395.8283457,60,"T2","CT2-T1-H36",2.177361041,-121.6069,35.56327,6.71194429858272,54.3949395200454,7.58249471230781,129.907354633725,0.418721016014933
"1067",">2","ct2_t1_h36","Hydrozoa",0.178460874480828,178.460874480828,1.96352128109725,1963.52128109725,66.1604006456861,15.831225,24.523775,70.634,33.3592625,0.188328994,24.13100104,6.475130769,2.00485,144.391,19.85366667,0.649509372,5.675964988,0.23236203,17.868,2.443066667,23.89114571,68.88,1,395.8283457,60,"T2","CT2-T1-H36",2.177361041,-121.6069,35.56327,5.18436938661033,11.8070429552311,7.58249471230781,129.907354633725,0.0908881794146388
"1068",">2","ct2_t1_h36","multiple organisms",0,0,1.96352128109725,1963.52128109725,198.481201937058,15.831225,24.523775,70.634,33.3592625,0.188328994,24.13100104,6.475130769,2.00485,144.391,19.85366667,0.649509372,5.675964988,0.23236203,17.868,2.443066667,23.89114571,68.88,1,395.8283457,60,"T2","CT2-T1-H36",2.177361041,-121.6069,35.56327,-Inf,0,7.58249471230781,389.722063901174,0
"1069",">2","ct2_t1_h36","other<living",0,0,1.96352128109725,1963.52128109725,66.1604006456861,15.831225,24.523775,70.634,33.3592625,0.188328994,24.13100104,6.475130769,2.00485,144.391,19.85366667,0.649509372,5.675964988,0.23236203,17.868,2.443066667,23.89114571,68.88,1,395.8283457,60,"T2","CT2-T1-H36",2.177361041,-121.6069,35.56327,-Inf,0,7.58249471230781,129.907354633725,0
"1070",">2","ct2_t1_h36","part<Crustacea",0,0,1.96352128109725,1963.52128109725,66.1604006456861,15.831225,24.523775,70.634,33.3592625,0.188328994,24.13100104,6.475130769,2.00485,144.391,19.85366667,0.649509372,5.675964988,0.23236203,17.868,2.443066667,23.89114571,68.88,1,395.8283457,60,"T2","CT2-T1-H36",2.177361041,-121.6069,35.56327,-Inf,0,7.58249471230781,129.907354633725,0
"1071",">2","ct2_t4_h39","Amphipoda",0,0,2.66548264725029,2665.48264725029,22.4678609993776,16.11135,24.6348375,81.589375,33.58603125,0.180388032,26.97258367,6.151914118,1.3498,244.565,19.854,0.633395467,5.435990441,0.222955797,13.898,2.579066667,32.90561905,46.21,1,41.86359276,45,"T2","CT2-T4-H39",1.910761547,-121.2592,35.13105,-Inf,0,7.8881404261123,59.8876936146723,0
"1072",">2","ct2_t4_h39","Calanoida",0.150299319308573,150.299319308573,2.66548264725029,2665.48264725029,37.4464349989626,16.11135,24.6348375,81.589375,33.58603125,0.180388032,26.97258367,6.151914118,1.3498,244.565,19.854,0.633395467,5.435990441,0.222955797,13.898,2.579066667,32.90561905,46.21,1,41.86359276,45,"T2","CT2-T4-H39",1.910761547,-121.2592,35.13105,5.01262876786359,5.62817369087679,7.8881404261123,99.8128226911205,0.0563872811040888
"1073",">2","ct2_t4_h39","Chaetognatha",0.0775992182917559,77.5992182917559,2.66548264725029,2665.48264725029,28.5954594537533,16.11135,24.6348375,81.589375,33.58603125,0.180388032,26.97258367,6.151914118,1.3498,244.565,19.854,0.633395467,5.435990441,0.222955797,13.898,2.579066667,32.90561905,46.21,1,41.86359276,45,"T2","CT2-T4-H39",1.910761547,-121.2592,35.13105,4.35155735357859,2.21898530030485,7.8881404261123,76.2207009641284,0.0291126330804694
"1074",">2","ct2_t4_h39","Eucalanidae",0.559547973106609,559.547973106609,2.66548264725029,2665.48264725029,71.1482264980289,16.11135,24.6348375,81.589375,33.58603125,0.180388032,26.97258367,6.151914118,1.3498,244.565,19.854,0.633395467,5.435990441,0.222955797,13.898,2.579066667,32.90561905,46.21,1,41.86359276,45,"T2","CT2-T4-H39",1.910761547,-121.2592,35.13105,6.32712926689416,39.810845927102,7.8881404261123,189.644363113129,0.209923697565182
"1075",">2","ct2_t4_h39","Eumalacostraca",1.00038211658616,1000.38211658616,2.66548264725029,2665.48264725029,22.4678609993776,16.11135,24.6348375,81.589375,33.58603125,0.180388032,26.97258367,6.151914118,1.3498,244.565,19.854,0.633395467,5.435990441,0.222955797,13.898,2.579066667,32.90561905,46.21,1,41.86359276,45,"T2","CT2-T4-H39",1.910761547,-121.2592,35.13105,6.90813732258035,22.476446341721,7.8881404261123,59.8876936146723,0.37530993406322
"1076",">2","ct2_t4_h39","Hydrozoa",0.292745335376897,292.745335376897,2.66548264725029,2665.48264725029,31.4550053991286,16.11135,24.6348375,81.589375,33.58603125,0.180388032,26.97258367,6.151914118,1.3498,244.565,19.854,0.633395467,5.435990441,0.222955797,13.898,2.579066667,32.90561905,46.21,1,41.86359276,45,"T2","CT2-T4-H39",1.910761547,-121.2592,35.13105,5.67930306854011,9.20830610485,7.8881404261123,83.8427710605413,0.109828265315812
"1077",">2","ct2_t4_h39","darksphere",0,0,2.66548264725029,2665.48264725029,280.848262492219,16.11135,24.6348375,81.589375,33.58603125,0.180388032,26.97258367,6.151914118,1.3498,244.565,19.854,0.633395467,5.435990441,0.222955797,13.898,2.579066667,32.90561905,46.21,1,41.86359276,45,"T2","CT2-T4-H39",1.910761547,-121.2592,35.13105,-Inf,0,7.8881404261123,748.596170183404,0
"1078",">2","ct2_t4_h39","head<Chaetognatha",0,0,2.66548264725029,2665.48264725029,22.4678609993776,16.11135,24.6348375,81.589375,33.58603125,0.180388032,26.97258367,6.151914118,1.3498,244.565,19.854,0.633395467,5.435990441,0.222955797,13.898,2.579066667,32.90561905,46.21,1,41.86359276,45,"T2","CT2-T4-H39",1.910761547,-121.2592,35.13105,-Inf,0,7.8881404261123,59.8876936146723,0
"1079",">2","ct2_t4_h39","multiple organisms",0,0,2.66548264725029,2665.48264725029,179.74288799502,16.11135,24.6348375,81.589375,33.58603125,0.180388032,26.97258367,6.151914118,1.3498,244.565,19.854,0.633395467,5.435990441,0.222955797,13.898,2.579066667,32.90561905,46.21,1,41.86359276,45,"T2","CT2-T4-H39",1.910761547,-121.2592,35.13105,-Inf,0,7.8881404261123,479.101548917379,0
"1080",">2","ct2_t4_h39","other<living",0,0,2.66548264725029,2665.48264725029,28.0848262492219,16.11135,24.6348375,81.589375,33.58603125,0.180388032,26.97258367,6.151914118,1.3498,244.565,19.854,0.633395467,5.435990441,0.222955797,13.898,2.579066667,32.90561905,46.21,1,41.86359276,45,"T2","CT2-T4-H39",1.910761547,-121.2592,35.13105,-Inf,0,7.8881404261123,74.8596170183404,0
"1081",">2","ct2_t4_h39","part<Crustacea",0,0,2.66548264725029,2665.48264725029,82.3821569977177,16.11135,24.6348375,81.589375,33.58603125,0.180388032,26.97258367,6.151914118,1.3498,244.565,19.854,0.633395467,5.435990441,0.222955797,13.898,2.579066667,32.90561905,46.21,1,41.86359276,45,"T2","CT2-T4-H39",1.910761547,-121.2592,35.13105,-Inf,0,7.8881404261123,219.588209920465,0
"1082",">2","ct2_t4_h39","tetrazoid",0.584908684580291,584.908684580291,2.66548264725029,2665.48264725029,24.7146470993153,16.11135,24.6348375,81.589375,33.58603125,0.180388032,26.97258367,6.151914118,1.3498,244.565,19.854,0.633395467,5.435990441,0.222955797,13.898,2.579066667,32.90561905,46.21,1,41.86359276,45,"T2","CT2-T4-H39",1.910761547,-121.2592,35.13105,6.37145574031326,14.4558117247266,7.8881404261123,65.8764629761396,0.219438188871229
"1083",">2","ct2_t8_h43","Calanoida",0.390876455806123,390.876455806123,8.1743750076613,8174.3750076613,109.730608198221,15.68699375,25.07190625,77.0835625,34.03350625,0.211496484,5.491,7.418104457,1.07124375,161.261,14.891,0.696521147,6.376082642,0.259804398,9.927,1.530533333,40.83314211,43.725,1,52.40822911,47,"T2","CT2-T8-H43",2.955154777,-120.8298,34.54325,5.96839154025108,42.891111225971,9.00875954118065,896.979141231016,0.0478172894490135
"1084",">2","ct2_t8_h43","Chaetognatha",0.0220954759165447,22.0954759165447,8.1743750076613,8174.3750076613,111.202404731431,15.68699375,25.07190625,77.0835625,34.03350625,0.211496484,5.491,7.418104457,1.07124375,161.261,14.891,0.696521147,6.376082642,0.259804398,9.927,1.530533333,40.83314211,43.725,1,52.40822911,47,"T2","CT2-T8-H43",2.955154777,-120.8298,34.54325,3.09537287790922,2.4570700556052,9.00875954118065,909.010158028451,0.00270301715982397
"1085",">2","ct2_t8_h43","Eucalanidae",1.40963907993409,1409.63907993409,8.1743750076613,8174.3750076613,70.0774233397052,15.68699375,25.07190625,77.0835625,34.03350625,0.211496484,5.491,7.418104457,1.07124375,161.261,14.891,0.696521147,6.376082642,0.259804398,9.927,1.530533333,40.83314211,43.725,1,52.40822911,47,"T2","CT2-T8-H43",2.955154777,-120.8298,34.54325,7.25108897892793,98.783874560734,9.00875954118065,572.839137949387,0.172446098767543
"1086",">2","ct2_t8_h43","Eumalacostraca",6.25238122637475,6252.38122637475,8.1743750076613,8174.3750076613,90.4570821680888,15.68699375,25.07190625,77.0835625,34.03350625,0.211496484,5.491,7.418104457,1.07124375,161.261,14.891,0.696521147,6.376082642,0.259804398,9.927,1.530533333,40.83314211,43.725,1,52.40822911,47,"T2","CT2-T8-H43",2.955154777,-120.8298,34.54325,8.74071766638978,565.572162340397,9.00875954118065,739.43011174079,0.764875751420115
"1087",">2","ct2_t8_h43","Hydrozoa",0.0384195161904814,38.4195161904814,8.1743750076613,8174.3750076613,359.772485895808,15.68699375,25.07190625,77.0835625,34.03350625,0.211496484,5.491,7.418104457,1.07124375,161.261,14.891,0.696521147,6.376082642,0.259804398,9.927,1.530533333,40.83314211,43.725,1,52.40822911,47,"T2","CT2-T8-H43",2.955154777,-120.8298,34.54325,3.64856556461358,13.8222848467637,9.00875954118065,2940.91521715087,0.00469999433038897
"1088",">2","ct2_t8_h43","darksphere",0,0,8.1743750076613,8174.3750076613,115.127195486658,15.68699375,25.07190625,77.0835625,34.03350625,0.211496484,5.491,7.418104457,1.07124375,161.261,14.891,0.696521147,6.376082642,0.259804398,9.927,1.530533333,40.83314211,43.725,1,52.40822911,47,"T2","CT2-T8-H43",2.955154777,-120.8298,34.54325,-Inf,0,9.00875954118065,941.092869488278,0
"1089",">2","ct2_t8_h43","multiple organisms",0,0,8.1743750076613,8174.3750076613,178.344360865493,15.68699375,25.07190625,77.0835625,34.03350625,0.211496484,5.491,7.418104457,1.07124375,161.261,14.891,0.696521147,6.376082642,0.259804398,9.927,1.530533333,40.83314211,43.725,1,52.40822911,47,"T2","CT2-T8-H43",2.955154777,-120.8298,34.54325,-Inf,0,9.00875954118065,1457.85368621622,0
"1090",">2","ct2_t8_h43","other<living",0,0,8.1743750076613,8174.3750076613,80.589036840661,15.68699375,25.07190625,77.0835625,34.03350625,0.211496484,5.491,7.418104457,1.07124375,161.261,14.891,0.696521147,6.376082642,0.259804398,9.927,1.530533333,40.83314211,43.725,1,52.40822911,47,"T2","CT2-T8-H43",2.955154777,-120.8298,34.54325,-Inf,0,9.00875954118065,658.765008641795,0
"1091",">2","ct2_t8_h43","part<Crustacea",0,0,8.1743750076613,8174.3750076613,115.127195486658,15.68699375,25.07190625,77.0835625,34.03350625,0.211496484,5.491,7.418104457,1.07124375,161.261,14.891,0.696521147,6.376082642,0.259804398,9.927,1.530533333,40.83314211,43.725,1,52.40822911,47,"T2","CT2-T8-H43",2.955154777,-120.8298,34.54325,-Inf,0,9.00875954118065,941.092869488278,0
"1092",">2","ct2_t8_h43","tetrazoid",0.0609632534393095,60.9632534393095,8.1743750076613,8174.3750076613,115.127195486658,15.68699375,25.07190625,77.0835625,34.03350625,0.211496484,5.491,7.418104457,1.07124375,161.261,14.891,0.696521147,6.376082642,0.259804398,9.927,1.530533333,40.83314211,43.725,1,52.40822911,47,"T2","CT2-T8-H43",2.955154777,-120.8298,34.54325,4.11027128002167,7.01852839621009,9.00875954118065,941.092869488278,0.0074578488731154
